{
  "type": "FeatureCollection",
  "name": "全台動畫電影上映地圖",
  "generated_at": "2026-09-30",
  "updated_at": "2026-09-30T09:50:42+08:00",
  "movie_title": "劇場版 Love Live! 蓮之空女學院學園偶像俱樂部 Bloom Garden Party",
  "show_date": "2026-09-30",
  "movies": [
    {
      "title": "劇場版 Love Live! 蓮之空女學院學園偶像俱樂部 Bloom Garden Party",
      "show_date": "2026-09-30",
      "available_dates": [
        "2026-09-30",
        "2026-10-01"
      ],
      "feature_count": 15
    },
    {
      "title": "劇場版 吉伊卡哇 人魚島的秘密",
      "show_date": "2026-09-30",
      "available_dates": [
        "2026-09-30",
        "2026-10-01",
        "2026-10-02",
        "2026-10-03",
        "2026-10-04"
      ],
      "feature_count": 36
    },
    {
      "title": "劇場版 鋼之鍊金術師 香巴拉的征服者",
      "show_date": "2026-09-30",
      "available_dates": [
        "2026-09-30",
        "2026-10-01",
        "2026-10-02",
        "2026-10-03",
        "2026-10-04"
      ],
      "feature_count": 24
    },
    {
      "title": "劇場版 魔法少女小圓〈瓦爾普吉斯的迴天〉",
      "show_date": "2026-09-30",
      "available_dates": [
        "2026-09-30",
        "2026-10-01",
        "2026-10-02",
        "2026-10-03",
        "2026-10-04"
      ],
      "feature_count": 31
    },
    {
      "title": "名偵探柯南 高速公路的墮天使",
      "show_date": "2026-09-30",
      "available_dates": [
        "2026-09-30",
        "2026-10-01"
      ],
      "feature_count": 2
    },
    {
      "title": "攻殼機動隊(1995) 4K 數位修復版",
      "show_date": "2026-09-30",
      "available_dates": [
        "2026-09-30"
      ],
      "feature_count": 3
    },
    {
      "title": "最終樂章 吹響吧！上低音號 前篇",
      "show_date": "2026-09-30",
      "available_dates": [
        "2026-09-30",
        "2026-10-01"
      ],
      "feature_count": 5
    },
    {
      "title": "航海王劇場版：死亡盡頭大冒險",
      "show_date": "2026-09-30",
      "available_dates": [
        "2026-09-30",
        "2026-10-01"
      ],
      "feature_count": 4
    },
    {
      "title": "超時空甩尾 經典重映",
      "show_date": "2026-09-30",
      "available_dates": [
        "2026-09-30"
      ],
      "feature_count": 2
    },
    {
      "title": "電影哆啦A夢：新．大雄的海底鬼岩城",
      "show_date": "2026-09-30",
      "available_dates": [
        "2026-09-30",
        "2026-10-01"
      ],
      "feature_count": 2
    },
    {
      "title": "電影蠟筆小新：奇奇怪怪！我的妖怪假期",
      "show_date": "2026-09-30",
      "available_dates": [
        "2026-09-30",
        "2026-10-01"
      ],
      "feature_count": 11
    },
    {
      "title": "你的名字。（十周年重映）",
      "show_date": "2026-09-30",
      "available_dates": [
        "2026-10-03"
      ],
      "feature_count": 0
    }
  ],
  "movie_features": {
    "劇場版 Love Live! 蓮之空女學院學園偶像俱樂部 Bloom Garden Party": [
      {
        "type": "Feature",
        "geometry": {
          "type": "Point",
          "coordinates": [
            121.475688899623,
            25.006077203437
          ]
        },
        "properties": {
          "location_id": 20,
          "chain_name": "威秀影城 / VIESHOW",
          "location_name": "中和環球威秀影城",
          "map_name": "威秀影城 / VIESHOW 中和環球威秀影城",
          "address": "新北市中和區中山路三段122號4樓",
          "city": "新北市",
          "location_url": "https://www.vscinemas.com.tw/vsTicketing/ticketing/booking.aspx?cinemacode=30&txtSessionId=211783",
          "official_url": "https://www.vscinemas.com.tw/",
          "crawl_url": "https://www.vscinemas.com.tw/ShowTimes/",
          "movie_title": "劇場版 Love Live! 蓮之空女學院學園偶像俱樂部 Bloom Garden Party",
          "show_date": "2026-09-30",
          "showtime_count": 1,
          "showtimes": [
            {
              "time": "16:00",
              "format": "(數位)LOVE LIVE! 蓮之空女學院學園偶像俱樂部BLOOM GARDEN PARTY (普遍級)",
              "language": null,
              "auditorium": null,
              "booking_url": "https://www.vscinemas.com.tw/vsTicketing/ticketing/booking.aspx?cinemacode=30&txtSessionId=211783",
              "label": "16:00 (數位)LOVE LIVE! 蓮之空女學院學園偶像俱樂部BLOOM GARDEN PARTY (普遍級)"
            }
          ],
          "start_times": "16:00"
        }
      },
      {
        "type": "Feature",
        "geometry": {
          "type": "Point",
          "coordinates": [
            120.687673995592,
            24.135473018575
          ]
        },
        "properties": {
          "location_id": 21,
          "chain_name": "威秀影城 / VIESHOW",
          "location_name": "台中iFG 遠雄廣場威秀影城",
          "map_name": "威秀影城 / VIESHOW 台中iFG 遠雄廣場威秀影城",
          "address": "台中市東區復興路四段186號4樓",
          "city": "臺中市",
          "location_url": "https://www.vscinemas.com.tw/vsTicketing/ticketing/booking.aspx?cinemacode=31&txtSessionId=185950",
          "official_url": "https://www.vscinemas.com.tw/",
          "crawl_url": "https://www.vscinemas.com.tw/ShowTimes/",
          "movie_title": "劇場版 Love Live! 蓮之空女學院學園偶像俱樂部 Bloom Garden Party",
          "show_date": "2026-09-30",
          "showtime_count": 2,
          "showtimes": [
            {
              "time": "12:00",
              "format": "(數位)LOVE LIVE! 蓮之空女學院學園偶像俱樂部BLOOM GARDEN PARTY (普遍級)",
              "language": null,
              "auditorium": null,
              "booking_url": "https://www.vscinemas.com.tw/vsTicketing/ticketing/booking.aspx?cinemacode=31&txtSessionId=185950",
              "label": "12:00 (數位)LOVE LIVE! 蓮之空女學院學園偶像俱樂部BLOOM GARDEN PARTY (普遍級)"
            },
            {
              "time": "19:45",
              "format": "(數位)LOVE LIVE! 蓮之空女學院學園偶像俱樂部BLOOM GARDEN PARTY (普遍級)",
              "language": null,
              "auditorium": null,
              "booking_url": "https://www.vscinemas.com.tw/vsTicketing/ticketing/booking.aspx?cinemacode=31&txtSessionId=185966",
              "label": "19:45 (數位)LOVE LIVE! 蓮之空女學院學園偶像俱樂部BLOOM GARDEN PARTY (普遍級)"
            }
          ],
          "start_times": "12:00, 19:45"
        }
      },
      {
        "type": "Feature",
        "geometry": {
          "type": "Point",
          "coordinates": [
            120.64456938796,
            24.164671713563
          ]
        },
        "properties": {
          "location_id": 22,
          "chain_name": "威秀影城 / VIESHOW",
          "location_name": "台中大遠百威秀影城",
          "map_name": "威秀影城 / VIESHOW 台中大遠百威秀影城",
          "address": "台中市西屯區台灣大道三段251號13樓",
          "city": "臺中市",
          "location_url": "https://www.vscinemas.com.tw/vsTicketing/ticketing/booking.aspx?cinemacode=15&txtSessionId=551290",
          "official_url": "https://www.vscinemas.com.tw/",
          "crawl_url": "https://www.vscinemas.com.tw/ShowTimes/",
          "movie_title": "劇場版 Love Live! 蓮之空女學院學園偶像俱樂部 Bloom Garden Party",
          "show_date": "2026-09-30",
          "showtime_count": 1,
          "showtimes": [
            {
              "time": "10:40",
              "format": "(數位)LOVE LIVE! 蓮之空女學院學園偶像俱樂部BLOOM GARDEN PARTY (普遍級)",
              "language": null,
              "auditorium": null,
              "booking_url": "https://www.vscinemas.com.tw/vsTicketing/ticketing/booking.aspx?cinemacode=15&txtSessionId=551290",
              "label": "10:40 (數位)LOVE LIVE! 蓮之空女學院學園偶像俱樂部BLOOM GARDEN PARTY (普遍級)"
            }
          ],
          "start_times": "10:40"
        }
      },
      {
        "type": "Feature",
        "geometry": {
          "type": "Point",
          "coordinates": [
            121.5184321,
            25.0490792
          ]
        },
        "properties": {
          "location_id": 23,
          "chain_name": "威秀影城 / VIESHOW",
          "location_name": "台北京站威秀影城",
          "map_name": "威秀影城 / VIESHOW 台北京站威秀影城",
          "address": "台北市大同區市民大道一段209號5樓",
          "city": "臺北市",
          "location_url": "https://www.vscinemas.com.tw/ShowTimes/",
          "official_url": "https://www.vscinemas.com.tw/",
          "crawl_url": "https://www.vscinemas.com.tw/ShowTimes/",
          "movie_title": "劇場版 Love Live! 蓮之空女學院學園偶像俱樂部 Bloom Garden Party",
          "show_date": "2026-09-30",
          "showtime_count": 1,
          "showtimes": [
            {
              "time": "09:40",
              "format": "(數位)LOVE LIVE! 蓮之空女學院學園偶像俱樂部BLOOM GARDEN PARTY (普遍級)",
              "language": null,
              "auditorium": null,
              "booking_url": "https://www.vscinemas.com.tw/ShowTimes/",
              "label": "09:40 (數位)LOVE LIVE! 蓮之空女學院學園偶像俱樂部BLOOM GARDEN PARTY (普遍級)"
            }
          ],
          "start_times": "09:40"
        }
      },
      {
        "type": "Feature",
        "geometry": {
          "type": "Point",
          "coordinates": [
            121.567405360549,
            25.035641139855
          ]
        },
        "properties": {
          "location_id": 24,
          "chain_name": "威秀影城 / VIESHOW",
          "location_name": "台北信義威秀影城",
          "map_name": "威秀影城 / VIESHOW 台北信義威秀影城",
          "address": "台北市信義區松壽路20號2樓",
          "city": "臺北市",
          "location_url": "https://www.vscinemas.com.tw/vsTicketing/ticketing/booking.aspx?cinemacode=1&txtSessionId=1879560",
          "official_url": "https://www.vscinemas.com.tw/",
          "crawl_url": "https://www.vscinemas.com.tw/ShowTimes/",
          "movie_title": "劇場版 Love Live! 蓮之空女學院學園偶像俱樂部 Bloom Garden Party",
          "show_date": "2026-09-30",
          "showtime_count": 3,
          "showtimes": [
            {
              "time": "10:25",
              "format": "(數位)LOVE LIVE! 蓮之空女學院學園偶像俱樂部BLOOM GARDEN PARTY (普遍級)",
              "language": null,
              "auditorium": null,
              "booking_url": "https://www.vscinemas.com.tw/vsTicketing/ticketing/booking.aspx?cinemacode=1&txtSessionId=1879560",
              "label": "10:25 (數位)LOVE LIVE! 蓮之空女學院學園偶像俱樂部BLOOM GARDEN PARTY (普遍級)"
            },
            {
              "time": "15:35",
              "format": "(數位)LOVE LIVE! 蓮之空女學院學園偶像俱樂部BLOOM GARDEN PARTY (普遍級)",
              "language": null,
              "auditorium": null,
              "booking_url": "https://www.vscinemas.com.tw/vsTicketing/ticketing/booking.aspx?cinemacode=1&txtSessionId=1879521",
              "label": "15:35 (數位)LOVE LIVE! 蓮之空女學院學園偶像俱樂部BLOOM GARDEN PARTY (普遍級)"
            },
            {
              "time": "18:10",
              "format": "(數位)LOVE LIVE! 蓮之空女學院學園偶像俱樂部BLOOM GARDEN PARTY (普遍級)",
              "language": null,
              "auditorium": null,
              "booking_url": "https://www.vscinemas.com.tw/vsTicketing/ticketing/booking.aspx?cinemacode=1&txtSessionId=1879576",
              "label": "18:10 (數位)LOVE LIVE! 蓮之空女學院學園偶像俱樂部BLOOM GARDEN PARTY (普遍級)"
            }
          ],
          "start_times": "10:25, 15:35, 18:10"
        }
      },
      {
        "type": "Feature",
        "geometry": {
          "type": "Point",
          "coordinates": [
            121.617582534262,
            25.059344952488
          ]
        },
        "properties": {
          "location_id": 25,
          "chain_name": "威秀影城 / VIESHOW",
          "location_name": "台北南港 LaLaport威秀影城",
          "map_name": "威秀影城 / VIESHOW 台北南港 LaLaport威秀影城",
          "address": "台北市南港區經貿二路131號5樓",
          "city": "臺北市",
          "location_url": "https://www.vscinemas.com.tw/vsTicketing/ticketing/booking.aspx?cinemacode=35&txtSessionId=147108",
          "official_url": "https://www.vscinemas.com.tw/",
          "crawl_url": "https://www.vscinemas.com.tw/ShowTimes/",
          "movie_title": "劇場版 Love Live! 蓮之空女學院學園偶像俱樂部 Bloom Garden Party",
          "show_date": "2026-09-30",
          "showtime_count": 2,
          "showtimes": [
            {
              "time": "10:35",
              "format": "(數位)LOVE LIVE! 蓮之空女學院學園偶像俱樂部BLOOM GARDEN PARTY (普遍級)",
              "language": null,
              "auditorium": null,
              "booking_url": "https://www.vscinemas.com.tw/vsTicketing/ticketing/booking.aspx?cinemacode=35&txtSessionId=147108",
              "label": "10:35 (數位)LOVE LIVE! 蓮之空女學院學園偶像俱樂部BLOOM GARDEN PARTY (普遍級)"
            },
            {
              "time": "15:50",
              "format": "(數位)LOVE LIVE! 蓮之空女學院學園偶像俱樂部BLOOM GARDEN PARTY (普遍級)",
              "language": null,
              "auditorium": null,
              "booking_url": "https://www.vscinemas.com.tw/vsTicketing/ticketing/booking.aspx?cinemacode=35&txtSessionId=147183",
              "label": "15:50 (數位)LOVE LIVE! 蓮之空女學院學園偶像俱樂部BLOOM GARDEN PARTY (普遍級)"
            }
          ],
          "start_times": "10:35, 15:50"
        }
      },
      {
        "type": "Feature",
        "geometry": {
          "type": "Point",
          "coordinates": [
            120.233454974477,
            22.990581990681
          ]
        },
        "properties": {
          "location_id": 28,
          "chain_name": "威秀影城 / VIESHOW",
          "location_name": "台南南紡威秀影城",
          "map_name": "威秀影城 / VIESHOW 台南南紡威秀影城",
          "address": "台南市東區中華東路一段366號5樓",
          "city": "臺南市",
          "location_url": "https://www.vscinemas.com.tw/vsTicketing/ticketing/booking.aspx?cinemacode=17&txtSessionId=704356",
          "official_url": "https://www.vscinemas.com.tw/",
          "crawl_url": "https://www.vscinemas.com.tw/ShowTimes/",
          "movie_title": "劇場版 Love Live! 蓮之空女學院學園偶像俱樂部 Bloom Garden Party",
          "show_date": "2026-09-30",
          "showtime_count": 1,
          "showtimes": [
            {
              "time": "11:20",
              "format": "(數位)LOVE LIVE! 蓮之空女學院學園偶像俱樂部BLOOM GARDEN PARTY (普遍級)",
              "language": null,
              "auditorium": null,
              "booking_url": "https://www.vscinemas.com.tw/vsTicketing/ticketing/booking.aspx?cinemacode=17&txtSessionId=704356",
              "label": "11:20 (數位)LOVE LIVE! 蓮之空女學院學園偶像俱樂部BLOOM GARDEN PARTY (普遍級)"
            }
          ],
          "start_times": "11:20"
        }
      },
      {
        "type": "Feature",
        "geometry": {
          "type": "Point",
          "coordinates": [
            120.205827131963,
            22.995358795391
          ]
        },
        "properties": {
          "location_id": 30,
          "chain_name": "威秀影城 / VIESHOW",
          "location_name": "台南大遠百威秀影城",
          "map_name": "威秀影城 / VIESHOW 台南大遠百威秀影城",
          "address": "台南市中西區公園路60號5樓",
          "city": "臺南市",
          "location_url": "https://www.vscinemas.com.tw/vsTicketing/ticketing/booking.aspx?cinemacode=5&txtSessionId=910175",
          "official_url": "https://www.vscinemas.com.tw/",
          "crawl_url": "https://www.vscinemas.com.tw/ShowTimes/",
          "movie_title": "劇場版 Love Live! 蓮之空女學院學園偶像俱樂部 Bloom Garden Party",
          "show_date": "2026-09-30",
          "showtime_count": 2,
          "showtimes": [
            {
              "time": "10:25",
              "format": "(數位)LOVE LIVE! 蓮之空女學院學園偶像俱樂部BLOOM GARDEN PARTY (普遍級)",
              "language": null,
              "auditorium": null,
              "booking_url": "https://www.vscinemas.com.tw/vsTicketing/ticketing/booking.aspx?cinemacode=5&txtSessionId=910175",
              "label": "10:25 (數位)LOVE LIVE! 蓮之空女學院學園偶像俱樂部BLOOM GARDEN PARTY (普遍級)"
            },
            {
              "time": "18:50",
              "format": "(數位)LOVE LIVE! 蓮之空女學院學園偶像俱樂部BLOOM GARDEN PARTY (普遍級)",
              "language": null,
              "auditorium": null,
              "booking_url": "https://www.vscinemas.com.tw/vsTicketing/ticketing/booking.aspx?cinemacode=5&txtSessionId=910119",
              "label": "18:50 (數位)LOVE LIVE! 蓮之空女學院學園偶像俱樂部BLOOM GARDEN PARTY (普遍級)"
            }
          ],
          "start_times": "10:25, 18:50"
        }
      },
      {
        "type": "Feature",
        "geometry": {
          "type": "Point",
          "coordinates": [
            121.5468264,
            24.9783596
          ]
        },
        "properties": {
          "location_id": 31,
          "chain_name": "威秀影城 / VIESHOW",
          "location_name": "新店裕隆城威秀影城",
          "map_name": "威秀影城 / VIESHOW 新店裕隆城威秀影城",
          "address": "新北市新店區中興路三段128號7樓",
          "city": "新北市",
          "location_url": "https://www.vscinemas.com.tw/vsTicketing/ticketing/booking.aspx?cinemacode=32&txtSessionId=165195",
          "official_url": "https://www.vscinemas.com.tw/",
          "crawl_url": "https://www.vscinemas.com.tw/ShowTimes/",
          "movie_title": "劇場版 Love Live! 蓮之空女學院學園偶像俱樂部 Bloom Garden Party",
          "show_date": "2026-09-30",
          "showtime_count": 1,
          "showtimes": [
            {
              "time": "10:50",
              "format": "(數位)LOVE LIVE! 蓮之空女學院學園偶像俱樂部BLOOM GARDEN PARTY (普遍級)",
              "language": null,
              "auditorium": null,
              "booking_url": "https://www.vscinemas.com.tw/vsTicketing/ticketing/booking.aspx?cinemacode=32&txtSessionId=165195",
              "label": "10:50 (數位)LOVE LIVE! 蓮之空女學院學園偶像俱樂部BLOOM GARDEN PARTY (普遍級)"
            }
          ],
          "start_times": "10:50"
        }
      },
      {
        "type": "Feature",
        "geometry": {
          "type": "Point",
          "coordinates": [
            120.965210879671,
            24.802185606585
          ]
        },
        "properties": {
          "location_id": 32,
          "chain_name": "威秀影城 / VIESHOW",
          "location_name": "新竹大遠百威秀影城",
          "map_name": "威秀影城 / VIESHOW 新竹大遠百威秀影城",
          "address": "新竹市東區西大路323號8樓",
          "city": "新竹市",
          "location_url": "https://www.vscinemas.com.tw/vsTicketing/ticketing/booking.aspx?cinemacode=2&txtSessionId=1168823",
          "official_url": "https://www.vscinemas.com.tw/",
          "crawl_url": "https://www.vscinemas.com.tw/ShowTimes/",
          "movie_title": "劇場版 Love Live! 蓮之空女學院學園偶像俱樂部 Bloom Garden Party",
          "show_date": "2026-09-30",
          "showtime_count": 1,
          "showtimes": [
            {
              "time": "11:40",
              "format": "(數位)LOVE LIVE! 蓮之空女學院學園偶像俱樂部BLOOM GARDEN PARTY (普遍級)",
              "language": null,
              "auditorium": null,
              "booking_url": "https://www.vscinemas.com.tw/vsTicketing/ticketing/booking.aspx?cinemacode=2&txtSessionId=1168823",
              "label": "11:40 (數位)LOVE LIVE! 蓮之空女學院學園偶像俱樂部BLOOM GARDEN PARTY (普遍級)"
            }
          ],
          "start_times": "11:40"
        }
      },
      {
        "type": "Feature",
        "geometry": {
          "type": "Point",
          "coordinates": [
            121.363547165582,
            25.071241094298
          ]
        },
        "properties": {
          "location_id": 36,
          "chain_name": "威秀影城 / VIESHOW",
          "location_name": "林口MITSUI OUTLET PARK威秀影城",
          "map_name": "威秀影城 / VIESHOW 林口MITSUI OUTLET PARK威秀影城",
          "address": "新北市林口區文化三路一段356號3樓",
          "city": "新北市",
          "location_url": "https://www.vscinemas.com.tw/vsTicketing/ticketing/booking.aspx?cinemacode=19&txtSessionId=486974",
          "official_url": "https://www.vscinemas.com.tw/",
          "crawl_url": "https://www.vscinemas.com.tw/ShowTimes/",
          "movie_title": "劇場版 Love Live! 蓮之空女學院學園偶像俱樂部 Bloom Garden Party",
          "show_date": "2026-09-30",
          "showtime_count": 1,
          "showtimes": [
            {
              "time": "10:00",
              "format": "(數位)LOVE LIVE! 蓮之空女學院學園偶像俱樂部BLOOM GARDEN PARTY (普遍級)",
              "language": null,
              "auditorium": null,
              "booking_url": "https://www.vscinemas.com.tw/vsTicketing/ticketing/booking.aspx?cinemacode=19&txtSessionId=486974",
              "label": "10:00 (數位)LOVE LIVE! 蓮之空女學院學園偶像俱樂部BLOOM GARDEN PARTY (普遍級)"
            }
          ],
          "start_times": "10:00"
        }
      },
      {
        "type": "Feature",
        "geometry": {
          "type": "Point",
          "coordinates": [
            121.312523000553,
            24.991112991698
          ]
        },
        "properties": {
          "location_id": 38,
          "chain_name": "威秀影城 / VIESHOW",
          "location_name": "桃園統領威秀影城",
          "map_name": "威秀影城 / VIESHOW 桃園統領威秀影城",
          "address": "桃園市桃園區中正路61號9樓",
          "city": "桃園市",
          "location_url": "https://www.vscinemas.com.tw/vsTicketing/ticketing/booking.aspx?cinemacode=20&txtSessionId=751881",
          "official_url": "https://www.vscinemas.com.tw/",
          "crawl_url": "https://www.vscinemas.com.tw/ShowTimes/",
          "movie_title": "劇場版 Love Live! 蓮之空女學院學園偶像俱樂部 Bloom Garden Party",
          "show_date": "2026-09-30",
          "showtime_count": 1,
          "showtimes": [
            {
              "time": "11:30",
              "format": "(數位)LOVE LIVE! 蓮之空女學院學園偶像俱樂部BLOOM GARDEN PARTY (普遍級)",
              "language": null,
              "auditorium": null,
              "booking_url": "https://www.vscinemas.com.tw/vsTicketing/ticketing/booking.aspx?cinemacode=20&txtSessionId=751881",
              "label": "11:30 (數位)LOVE LIVE! 蓮之空女學院學園偶像俱樂部BLOOM GARDEN PARTY (普遍級)"
            }
          ],
          "start_times": "11:30"
        }
      },
      {
        "type": "Feature",
        "geometry": {
          "type": "Point",
          "coordinates": [
            121.594678077023,
            23.940428728193
          ]
        },
        "properties": {
          "location_id": 39,
          "chain_name": "威秀影城 / VIESHOW",
          "location_name": "花蓮新天堂樂園威秀影城",
          "map_name": "威秀影城 / VIESHOW 花蓮新天堂樂園威秀影城",
          "address": "花蓮縣吉安鄉南濱路一段503號3樓",
          "city": "花蓮縣",
          "location_url": "https://www.vscinemas.com.tw/vsTicketing/ticketing/booking.aspx?cinemacode=22&txtSessionId=214266",
          "official_url": "https://www.vscinemas.com.tw/",
          "crawl_url": "https://www.vscinemas.com.tw/ShowTimes/",
          "movie_title": "劇場版 Love Live! 蓮之空女學院學園偶像俱樂部 Bloom Garden Party",
          "show_date": "2026-09-30",
          "showtime_count": 1,
          "showtimes": [
            {
              "time": "12:00",
              "format": "(數位)LOVE LIVE! 蓮之空女學院學園偶像俱樂部BLOOM GARDEN PARTY (普遍級)",
              "language": null,
              "auditorium": null,
              "booking_url": "https://www.vscinemas.com.tw/vsTicketing/ticketing/booking.aspx?cinemacode=22&txtSessionId=214266",
              "label": "12:00 (數位)LOVE LIVE! 蓮之空女學院學園偶像俱樂部BLOOM GARDEN PARTY (普遍級)"
            }
          ],
          "start_times": "12:00"
        }
      },
      {
        "type": "Feature",
        "geometry": {
          "type": "Point",
          "coordinates": [
            120.303548975058,
            22.613424008067
          ]
        },
        "properties": {
          "location_id": 41,
          "chain_name": "威秀影城 / VIESHOW",
          "location_name": "高雄大遠百威秀影城",
          "map_name": "威秀影城 / VIESHOW 高雄大遠百威秀影城",
          "address": "高雄市苓雅區三多四路21號13樓",
          "city": "高雄市",
          "location_url": "https://www.vscinemas.com.tw/vsTicketing/ticketing/booking.aspx?cinemacode=6&txtSessionId=1853226",
          "official_url": "https://www.vscinemas.com.tw/",
          "crawl_url": "https://www.vscinemas.com.tw/ShowTimes/",
          "movie_title": "劇場版 Love Live! 蓮之空女學院學園偶像俱樂部 Bloom Garden Party",
          "show_date": "2026-09-30",
          "showtime_count": 1,
          "showtimes": [
            {
              "time": "11:50",
              "format": "(數位)LOVE LIVE! 蓮之空女學院學園偶像俱樂部BLOOM GARDEN PARTY (普遍級)",
              "language": null,
              "auditorium": null,
              "booking_url": "https://www.vscinemas.com.tw/vsTicketing/ticketing/booking.aspx?cinemacode=6&txtSessionId=1853226",
              "label": "11:50 (數位)LOVE LIVE! 蓮之空女學院學園偶像俱樂部BLOOM GARDEN PARTY (普遍級)"
            }
          ],
          "start_times": "11:50"
        }
      },
      {
        "type": "Feature",
        "geometry": {
          "type": "Point",
          "coordinates": [
            120.3253452,
            22.6319673
          ]
        },
        "properties": {
          "location_id": 72,
          "chain_name": "高雄環球影城",
          "location_name": "高雄環球影城",
          "map_name": "高雄環球影城 高雄環球影城",
          "address": "高雄市苓雅區大順三路108號",
          "city": "高雄市",
          "location_url": "https://www.u-movie.com.tw/cinema/page.php?page_type=now&ver=tw&portal=cinema",
          "official_url": "https://www.u-movie.com.tw/",
          "crawl_url": "https://www.u-movie.com.tw/cinema/page.php?page_type=now&ver=tw&portal=cinema",
          "movie_title": "劇場版 Love Live! 蓮之空女學院學園偶像俱樂部 Bloom Garden Party",
          "show_date": "2026-09-30",
          "showtime_count": 0,
          "showtimes": [],
          "start_times": "",
          "showtime_unavailable": true,
          "showtime_unavailable_reason": "官方時刻表暫時無法自動取得，請前往場次入口查看。"
        }
      }
    ],
    "劇場版 吉伊卡哇 人魚島的秘密": [
      {
        "type": "Feature",
        "geometry": {
          "type": "Point",
          "coordinates": [
            120.638356972783,
            24.164220012801
          ]
        },
        "properties": {
          "location_id": 1,
          "chain_name": "MUVIE CINEMAS",
          "location_name": "MUVIE CINEMAS 台中TIGER CITY",
          "map_name": "MUVIE CINEMAS MUVIE CINEMAS 台中TIGER CITY",
          "address": "台中市西屯區河南路三段120-1號4樓",
          "city": "臺中市",
          "location_url": "https://www.vscinemas.com.tw/vsTicketing/ticketing/booking.aspx?cinemacode=3&txtSessionId=1022132",
          "official_url": "https://www.vscinemas.com.tw/",
          "crawl_url": "https://www.vscinemas.com.tw/ShowTimes/",
          "movie_title": "劇場版 吉伊卡哇 人魚島的秘密",
          "show_date": "2026-09-30",
          "showtime_count": 1,
          "showtimes": [
            {
              "time": "11:10",
              "format": "(數位 國)劇場版 吉伊卡哇 人魚島的秘密 (保護級)",
              "language": null,
              "auditorium": null,
              "booking_url": "https://www.vscinemas.com.tw/vsTicketing/ticketing/booking.aspx?cinemacode=3&txtSessionId=1022132",
              "label": "11:10 (數位 國)劇場版 吉伊卡哇 人魚島的秘密 (保護級)"
            }
          ],
          "start_times": "11:10"
        }
      },
      {
        "type": "Feature",
        "geometry": {
          "type": "Point",
          "coordinates": [
            121.567967870072,
            25.036731960735
          ]
        },
        "properties": {
          "location_id": 3,
          "chain_name": "MUVIE CINEMAS",
          "location_name": "MUVIE CINEMAS 台北松仁",
          "map_name": "MUVIE CINEMAS MUVIE CINEMAS 台北松仁",
          "address": "台北市信義區松仁路58號10樓",
          "city": "臺北市",
          "location_url": "https://www.vscinemas.com.tw/vsTicketing/ticketing/booking.aspx?cinemacode=21&txtSessionId=166222",
          "official_url": "https://www.vscinemas.com.tw/",
          "crawl_url": "https://www.vscinemas.com.tw/ShowTimes/",
          "movie_title": "劇場版 吉伊卡哇 人魚島的秘密",
          "show_date": "2026-09-30",
          "showtime_count": 1,
          "showtimes": [
            {
              "time": "13:05",
              "format": "(數位 日)劇場版 吉伊卡哇 人魚島的秘密 (保護級)",
              "language": null,
              "auditorium": null,
              "booking_url": "https://www.vscinemas.com.tw/vsTicketing/ticketing/booking.aspx?cinemacode=21&txtSessionId=166222",
              "label": "13:05 (數位 日)劇場版 吉伊卡哇 人魚島的秘密 (保護級)"
            }
          ],
          "start_times": "13:05"
        }
      },
      {
        "type": "Feature",
        "geometry": {
          "type": "Point",
          "coordinates": [
            120.706113763482,
            24.25198528648
          ]
        },
        "properties": {
          "location_id": 5,
          "chain_name": "in89 豪華影城",
          "location_name": "台中豐原 in89豪華影城",
          "map_name": "in89 豪華影城 台中豐原 in89豪華影城",
          "address": "台中市豐原區成功路500號5樓",
          "city": "臺中市",
          "location_url": "https://www.in89cinemax.com/film_list.aspx?TheaterId=15",
          "official_url": "https://www.in89cinemax.com/",
          "crawl_url": "https://fengyuan.in89.com.tw/api/api_movie.php?method=getStagesByDate",
          "movie_title": "劇場版 吉伊卡哇 人魚島的秘密",
          "show_date": "2026-09-30",
          "showtime_count": 1,
          "showtimes": [
            {
              "time": "12:00",
              "format": "10廳",
              "language": "日語",
              "auditorium": null,
              "booking_url": "https://www.in89cinemax.com/film_list.aspx?TheaterId=15",
              "label": "12:00 10廳"
            }
          ],
          "start_times": "12:00"
        }
      },
      {
        "type": "Feature",
        "geometry": {
          "type": "Point",
          "coordinates": [
            120.298119010543,
            22.621851005881
          ]
        },
        "properties": {
          "location_id": 9,
          "chain_name": "in89 豪華影城",
          "location_name": "高雄大立 in89豪華影城",
          "map_name": "in89 豪華影城 高雄大立 in89豪華影城",
          "address": "高雄市前金區五福三路57號9樓",
          "city": "高雄市",
          "location_url": "https://www.in89cinemax.com/film_list.aspx?TheaterId=16",
          "official_url": "https://www.in89cinemax.com/",
          "crawl_url": "https://talee.in89.com.tw/api/api_movie.php?method=getStagesByDate",
          "movie_title": "劇場版 吉伊卡哇 人魚島的秘密",
          "show_date": "2026-09-30",
          "showtime_count": 1,
          "showtimes": [
            {
              "time": "10:00",
              "format": "01廳(9F)",
              "language": "日語",
              "auditorium": null,
              "booking_url": "https://www.in89cinemax.com/film_list.aspx?TheaterId=16",
              "label": "10:00 01廳(9F)"
            }
          ],
          "start_times": "10:00"
        }
      },
      {
        "type": "Feature",
        "geometry": {
          "type": "Point",
          "coordinates": [
            120.4920364,
            22.6706255
          ]
        },
        "properties": {
          "location_id": 73,
          "chain_name": "中影屏東影城",
          "location_name": "中影屏東影城",
          "map_name": "中影屏東影城 中影屏東影城",
          "address": "屏東縣屏東市民生路248號",
          "city": "屏東縣",
          "location_url": "https://www.ezding.com.tw/cinemabooking?cinemaid=2c28121ae2c711e292f7000bdb90dba4",
          "official_url": "https://ptcinema.movie.com.tw/",
          "crawl_url": "https://ptcinema.movie.com.tw/lightbox/index?id=3239",
          "movie_title": "劇場版 吉伊卡哇 人魚島的秘密",
          "show_date": "2026-09-30",
          "showtime_count": 1,
          "showtimes": [
            {
              "time": "12:20",
              "format": "(日文版)劇場版 吉伊卡哇 人魚島的秘密",
              "language": "日語",
              "auditorium": null,
              "booking_url": "https://www.ezding.com.tw/cinemabooking?cinemaid=2c28121ae2c711e292f7000bdb90dba4",
              "label": "12:20 (日文版)劇場版 吉伊卡哇 人魚島的秘密"
            }
          ],
          "start_times": "12:20"
        }
      },
      {
        "type": "Feature",
        "geometry": {
          "type": "Point",
          "coordinates": [
            120.3037,
            22.60394
          ]
        },
        "properties": {
          "location_id": 90,
          "chain_name": "台鋁影城",
          "location_name": "MLD台鋁影城",
          "map_name": "台鋁影城 MLD台鋁影城",
          "address": "高雄市前鎮區忠勤路8號",
          "city": "高雄市",
          "location_url": "https://mldcinema.com.tw/OnlinePurchase.php?computerid=264848",
          "official_url": null,
          "crawl_url": "https://mldcinema.com.tw/TimeList.php",
          "movie_title": "劇場版 吉伊卡哇 人魚島的秘密",
          "show_date": "2026-09-30",
          "showtime_count": 1,
          "showtimes": [
            {
              "time": "13:20",
              "format": "(日)劇場版 吉伊卡哇 人魚島的秘密",
              "language": null,
              "auditorium": null,
              "booking_url": "https://mldcinema.com.tw/OnlinePurchase.php?computerid=264848",
              "label": "13:20 (日)劇場版 吉伊卡哇 人魚島的秘密"
            }
          ],
          "start_times": "13:20"
        }
      },
      {
        "type": "Feature",
        "geometry": {
          "type": "Point",
          "coordinates": [
            121.61127671349537,
            25.070089175979927
          ]
        },
        "properties": {
          "location_id": 76,
          "chain_name": "哈拉影城",
          "location_name": "哈拉影城",
          "map_name": "哈拉影城 哈拉影城",
          "address": "臺北市內湖區南湖里康寧路三段72號",
          "city": "臺北市",
          "location_url": "https://halarcity.com.tw/Browsing/Cinemas/Details/0000000001",
          "official_url": "https://www.halarcity.com/",
          "crawl_url": "https://halarcity.com.tw/Browsing/Cinemas/Details/0000000001",
          "movie_title": "劇場版 吉伊卡哇 人魚島的秘密",
          "show_date": "2026-09-30",
          "showtime_count": 1,
          "showtimes": [
            {
              "time": "13:50",
              "format": "(日)劇場版 吉伊卡哇 人魚島的秘密",
              "language": null,
              "auditorium": "跨腳廳",
              "booking_url": "https://halarcity.com.tw/Browsing/Cinemas/Details/0000000001",
              "label": "13:50 (日)劇場版 吉伊卡哇 人魚島的秘密 / 跨腳廳"
            }
          ],
          "start_times": "13:50"
        }
      },
      {
        "type": "Feature",
        "geometry": {
          "type": "Point",
          "coordinates": [
            121.604793,
            25.052363
          ]
        },
        "properties": {
          "location_id": 86,
          "chain_name": "喜樂時代影城",
          "location_name": "喜樂時代影城南港店",
          "map_name": "喜樂時代影城 喜樂時代影城南港店",
          "address": "台北市南港區忠孝東路七段299號",
          "city": "臺北市",
          "location_url": "https://www.centuryasia.com.tw/book.html?sid=Nangang&ver=0fKKApRlrx8=",
          "official_url": "https://www.centuryasia.com.tw/",
          "crawl_url": "https://www.centuryasia.com.tw/book.html?sid=Nangang&ver=0fKKApRlrx8=",
          "movie_title": "劇場版 吉伊卡哇 人魚島的秘密",
          "show_date": "2026-09-30",
          "showtime_count": 3,
          "showtimes": [
            {
              "time": "11:25",
              "format": "2D日語",
              "language": "日語",
              "auditorium": "17廳",
              "booking_url": "https://www.centuryasia.com.tw/book.html?sid=Nangang&ver=0fKKApRlrx8=",
              "label": "11:25 2D日語 / 17廳"
            },
            {
              "time": "15:45",
              "format": "2D國語",
              "language": "國語",
              "auditorium": "16廳",
              "booking_url": "https://www.centuryasia.com.tw/book.html?sid=Nangang&ver=0fKKApRlrx8=",
              "label": "15:45 2D國語 / 16廳"
            },
            {
              "time": "18:00",
              "format": "2D日語",
              "language": "日語",
              "auditorium": "25廳",
              "booking_url": "https://www.centuryasia.com.tw/book.html?sid=Nangang&ver=0fKKApRlrx8=",
              "label": "18:00 2D日語 / 25廳"
            }
          ],
          "start_times": "11:25, 15:45, 18:00"
        }
      },
      {
        "type": "Feature",
        "geometry": {
          "type": "Point",
          "coordinates": [
            121.507646,
            25.007836
          ]
        },
        "properties": {
          "location_id": 87,
          "chain_name": "喜樂時代影城",
          "location_name": "喜樂時代影城永和店",
          "map_name": "喜樂時代影城 喜樂時代影城永和店",
          "address": "新北市永和區中山路一段238號",
          "city": "新北市",
          "location_url": "https://beyond.centuryasia.com.tw/ticket_online.aspx?page=1",
          "official_url": "https://www.centuryasia.com.tw/",
          "crawl_url": "https://beyond.centuryasia.com.tw/ticket_online.aspx?page=1",
          "movie_title": "劇場版 吉伊卡哇 人魚島的秘密",
          "show_date": "2026-09-30",
          "showtime_count": 2,
          "showtimes": [
            {
              "time": "12:30",
              "format": "數位國語",
              "language": "國語",
              "auditorium": "9廳",
              "booking_url": "https://beyond.centuryasia.com.tw/ticket_online.aspx?page=1",
              "label": "12:30 數位國語 / 9廳"
            },
            {
              "time": "16:30",
              "format": "數位日語",
              "language": "日語",
              "auditorium": "9廳",
              "booking_url": "https://beyond.centuryasia.com.tw/ticket_online.aspx?page=1",
              "label": "16:30 數位日語 / 9廳"
            }
          ],
          "start_times": "12:30, 16:30"
        }
      },
      {
        "type": "Feature",
        "geometry": {
          "type": "Point",
          "coordinates": [
            121.475688899623,
            25.006077203437
          ]
        },
        "properties": {
          "location_id": 20,
          "chain_name": "威秀影城 / VIESHOW",
          "location_name": "中和環球威秀影城",
          "map_name": "威秀影城 / VIESHOW 中和環球威秀影城",
          "address": "新北市中和區中山路三段122號4樓",
          "city": "新北市",
          "location_url": "https://www.vscinemas.com.tw/vsTicketing/ticketing/booking.aspx?cinemacode=30&txtSessionId=211782",
          "official_url": "https://www.vscinemas.com.tw/",
          "crawl_url": "https://www.vscinemas.com.tw/ShowTimes/",
          "movie_title": "劇場版 吉伊卡哇 人魚島的秘密",
          "show_date": "2026-09-30",
          "showtime_count": 2,
          "showtimes": [
            {
              "time": "14:00",
              "format": "(數位 國)劇場版 吉伊卡哇 人魚島的秘密 (保護級)",
              "language": null,
              "auditorium": null,
              "booking_url": "https://www.vscinemas.com.tw/vsTicketing/ticketing/booking.aspx?cinemacode=30&txtSessionId=211782",
              "label": "14:00 (數位 國)劇場版 吉伊卡哇 人魚島的秘密 (保護級)"
            },
            {
              "time": "17:35",
              "format": "(數位 日)劇場版 吉伊卡哇 人魚島的秘密 (保護級)",
              "language": null,
              "auditorium": null,
              "booking_url": "https://www.vscinemas.com.tw/vsTicketing/ticketing/booking.aspx?cinemacode=30&txtSessionId=211784",
              "label": "17:35 (數位 日)劇場版 吉伊卡哇 人魚島的秘密 (保護級)"
            }
          ],
          "start_times": "14:00, 17:35"
        }
      },
      {
        "type": "Feature",
        "geometry": {
          "type": "Point",
          "coordinates": [
            120.687673995592,
            24.135473018575
          ]
        },
        "properties": {
          "location_id": 21,
          "chain_name": "威秀影城 / VIESHOW",
          "location_name": "台中iFG 遠雄廣場威秀影城",
          "map_name": "威秀影城 / VIESHOW 台中iFG 遠雄廣場威秀影城",
          "address": "台中市東區復興路四段186號4樓",
          "city": "臺中市",
          "location_url": "https://www.vscinemas.com.tw/vsTicketing/ticketing/booking.aspx?cinemacode=31&txtSessionId=185971",
          "official_url": "https://www.vscinemas.com.tw/",
          "crawl_url": "https://www.vscinemas.com.tw/ShowTimes/",
          "movie_title": "劇場版 吉伊卡哇 人魚島的秘密",
          "show_date": "2026-09-30",
          "showtime_count": 2,
          "showtimes": [
            {
              "time": "12:15",
              "format": "(數位 日)劇場版 吉伊卡哇 人魚島的秘密 (保護級)",
              "language": null,
              "auditorium": null,
              "booking_url": "https://www.vscinemas.com.tw/vsTicketing/ticketing/booking.aspx?cinemacode=31&txtSessionId=185971",
              "label": "12:15 (數位 日)劇場版 吉伊卡哇 人魚島的秘密 (保護級)"
            },
            {
              "time": "18:00",
              "format": "(數位 日)劇場版 吉伊卡哇 人魚島的秘密 (保護級)",
              "language": null,
              "auditorium": null,
              "booking_url": "https://www.vscinemas.com.tw/vsTicketing/ticketing/booking.aspx?cinemacode=31&txtSessionId=185974",
              "label": "18:00 (數位 日)劇場版 吉伊卡哇 人魚島的秘密 (保護級)"
            }
          ],
          "start_times": "12:15, 18:00"
        }
      },
      {
        "type": "Feature",
        "geometry": {
          "type": "Point",
          "coordinates": [
            121.5184321,
            25.0490792
          ]
        },
        "properties": {
          "location_id": 23,
          "chain_name": "威秀影城 / VIESHOW",
          "location_name": "台北京站威秀影城",
          "map_name": "威秀影城 / VIESHOW 台北京站威秀影城",
          "address": "台北市大同區市民大道一段209號5樓",
          "city": "臺北市",
          "location_url": "https://www.vscinemas.com.tw/vsTicketing/ticketing/booking.aspx?cinemacode=12&txtSessionId=898580",
          "official_url": "https://www.vscinemas.com.tw/",
          "crawl_url": "https://www.vscinemas.com.tw/ShowTimes/",
          "movie_title": "劇場版 吉伊卡哇 人魚島的秘密",
          "show_date": "2026-09-30",
          "showtime_count": 3,
          "showtimes": [
            {
              "time": "13:20",
              "format": "(數位 日)劇場版 吉伊卡哇 人魚島的秘密 (保護級)",
              "language": null,
              "auditorium": null,
              "booking_url": "https://www.vscinemas.com.tw/vsTicketing/ticketing/booking.aspx?cinemacode=12&txtSessionId=898580",
              "label": "13:20 (數位 日)劇場版 吉伊卡哇 人魚島的秘密 (保護級)"
            },
            {
              "time": "17:00",
              "format": "(數位 日)劇場版 吉伊卡哇 人魚島的秘密 (保護級)",
              "language": null,
              "auditorium": null,
              "booking_url": "https://www.vscinemas.com.tw/vsTicketing/ticketing/booking.aspx?cinemacode=12&txtSessionId=898204",
              "label": "17:00 (數位 日)劇場版 吉伊卡哇 人魚島的秘密 (保護級)"
            },
            {
              "time": "21:00",
              "format": "(數位 日)劇場版 吉伊卡哇 人魚島的秘密 (保護級)",
              "language": null,
              "auditorium": null,
              "booking_url": "https://www.vscinemas.com.tw/vsTicketing/ticketing/booking.aspx?cinemacode=12&txtSessionId=898550",
              "label": "21:00 (數位 日)劇場版 吉伊卡哇 人魚島的秘密 (保護級)"
            }
          ],
          "start_times": "13:20, 17:00, 21:00"
        }
      },
      {
        "type": "Feature",
        "geometry": {
          "type": "Point",
          "coordinates": [
            121.567405360549,
            25.035641139855
          ]
        },
        "properties": {
          "location_id": 24,
          "chain_name": "威秀影城 / VIESHOW",
          "location_name": "台北信義威秀影城",
          "map_name": "威秀影城 / VIESHOW 台北信義威秀影城",
          "address": "台北市信義區松壽路20號2樓",
          "city": "臺北市",
          "location_url": "https://www.vscinemas.com.tw/vsTicketing/ticketing/booking.aspx?cinemacode=1&txtSessionId=1879127",
          "official_url": "https://www.vscinemas.com.tw/",
          "crawl_url": "https://www.vscinemas.com.tw/ShowTimes/",
          "movie_title": "劇場版 吉伊卡哇 人魚島的秘密",
          "show_date": "2026-09-30",
          "showtime_count": 3,
          "showtimes": [
            {
              "time": "10:30",
              "format": "(4DX 日)劇場版 吉伊卡哇 人魚島的秘密 (保護級)",
              "language": null,
              "auditorium": null,
              "booking_url": "https://www.vscinemas.com.tw/vsTicketing/ticketing/booking.aspx?cinemacode=1&txtSessionId=1879127",
              "label": "10:30 (4DX 日)劇場版 吉伊卡哇 人魚島的秘密 (保護級)"
            },
            {
              "time": "13:25",
              "format": "(數位 日)劇場版 吉伊卡哇 人魚島的秘密 (保護級)",
              "language": null,
              "auditorium": null,
              "booking_url": "https://www.vscinemas.com.tw/vsTicketing/ticketing/booking.aspx?cinemacode=1&txtSessionId=1879574",
              "label": "13:25 (數位 日)劇場版 吉伊卡哇 人魚島的秘密 (保護級)"
            },
            {
              "time": "21:45",
              "format": "(數位 日)劇場版 吉伊卡哇 人魚島的秘密 (保護級)",
              "language": null,
              "auditorium": null,
              "booking_url": "https://www.vscinemas.com.tw/vsTicketing/ticketing/booking.aspx?cinemacode=1&txtSessionId=1879517",
              "label": "21:45 (數位 日)劇場版 吉伊卡哇 人魚島的秘密 (保護級)"
            }
          ],
          "start_times": "10:30, 13:25, 21:45"
        }
      },
      {
        "type": "Feature",
        "geometry": {
          "type": "Point",
          "coordinates": [
            121.617582534262,
            25.059344952488
          ]
        },
        "properties": {
          "location_id": 25,
          "chain_name": "威秀影城 / VIESHOW",
          "location_name": "台北南港 LaLaport威秀影城",
          "map_name": "威秀影城 / VIESHOW 台北南港 LaLaport威秀影城",
          "address": "台北市南港區經貿二路131號5樓",
          "city": "臺北市",
          "location_url": "https://www.vscinemas.com.tw/vsTicketing/ticketing/booking.aspx?cinemacode=35&txtSessionId=147105",
          "official_url": "https://www.vscinemas.com.tw/",
          "crawl_url": "https://www.vscinemas.com.tw/ShowTimes/",
          "movie_title": "劇場版 吉伊卡哇 人魚島的秘密",
          "show_date": "2026-09-30",
          "showtime_count": 3,
          "showtimes": [
            {
              "time": "11:10",
              "format": "(數位 國)劇場版 吉伊卡哇 人魚島的秘密 (保護級)",
              "language": null,
              "auditorium": null,
              "booking_url": "https://www.vscinemas.com.tw/vsTicketing/ticketing/booking.aspx?cinemacode=35&txtSessionId=147105",
              "label": "11:10 (數位 國)劇場版 吉伊卡哇 人魚島的秘密 (保護級)"
            },
            {
              "time": "15:20",
              "format": "(數位 日)劇場版 吉伊卡哇 人魚島的秘密 (保護級)",
              "language": null,
              "auditorium": null,
              "booking_url": "https://www.vscinemas.com.tw/vsTicketing/ticketing/booking.aspx?cinemacode=35&txtSessionId=147104",
              "label": "15:20 (數位 日)劇場版 吉伊卡哇 人魚島的秘密 (保護級)"
            },
            {
              "time": "19:30",
              "format": "(數位 日)劇場版 吉伊卡哇 人魚島的秘密 (保護級)",
              "language": null,
              "auditorium": null,
              "booking_url": "https://www.vscinemas.com.tw/vsTicketing/ticketing/booking.aspx?cinemacode=35&txtSessionId=147106",
              "label": "19:30 (數位 日)劇場版 吉伊卡哇 人魚島的秘密 (保護級)"
            }
          ],
          "start_times": "11:10, 15:20, 19:30"
        }
      },
      {
        "type": "Feature",
        "geometry": {
          "type": "Point",
          "coordinates": [
            121.507210471438,
            25.043930129634
          ]
        },
        "properties": {
          "location_id": 26,
          "chain_name": "威秀影城 / VIESHOW",
          "location_name": "台北西門威秀影城",
          "map_name": "威秀影城 / VIESHOW 台北西門威秀影城",
          "address": "台北市萬華區漢中街52號7樓",
          "city": "臺北市",
          "location_url": "https://www.vscinemas.com.tw/vsTicketing/ticketing/booking.aspx?cinemacode=34&txtSessionId=87903",
          "official_url": "https://www.vscinemas.com.tw/",
          "crawl_url": "https://www.vscinemas.com.tw/ShowTimes/",
          "movie_title": "劇場版 吉伊卡哇 人魚島的秘密",
          "show_date": "2026-09-30",
          "showtime_count": 1,
          "showtimes": [
            {
              "time": "16:30",
              "format": "(數位 日)劇場版 吉伊卡哇 人魚島的秘密 (保護級)",
              "language": null,
              "auditorium": null,
              "booking_url": "https://www.vscinemas.com.tw/vsTicketing/ticketing/booking.aspx?cinemacode=34&txtSessionId=87903",
              "label": "16:30 (數位 日)劇場版 吉伊卡哇 人魚島的秘密 (保護級)"
            }
          ],
          "start_times": "16:30"
        }
      },
      {
        "type": "Feature",
        "geometry": {
          "type": "Point",
          "coordinates": [
            120.210166862332,
            22.995629908049
          ]
        },
        "properties": {
          "location_id": 27,
          "chain_name": "威秀影城 / VIESHOW",
          "location_name": "台南FOCUS威秀影城",
          "map_name": "威秀影城 / VIESHOW 台南FOCUS威秀影城",
          "address": "台南市中西區中山路166號11樓",
          "city": "臺南市",
          "location_url": "https://www.vscinemas.com.tw/ShowTimes/",
          "official_url": "https://www.vscinemas.com.tw/",
          "crawl_url": "https://www.vscinemas.com.tw/ShowTimes/",
          "movie_title": "劇場版 吉伊卡哇 人魚島的秘密",
          "show_date": "2026-09-30",
          "showtime_count": 2,
          "showtimes": [
            {
              "time": "09:35",
              "format": "(數位 日)劇場版 吉伊卡哇 人魚島的秘密 (保護級)",
              "language": null,
              "auditorium": null,
              "booking_url": "https://www.vscinemas.com.tw/ShowTimes/",
              "label": "09:35 (數位 日)劇場版 吉伊卡哇 人魚島的秘密 (保護級)"
            },
            {
              "time": "14:00",
              "format": "(數位 日)劇場版 吉伊卡哇 人魚島的秘密 (保護級)",
              "language": null,
              "auditorium": null,
              "booking_url": "https://www.vscinemas.com.tw/vsTicketing/ticketing/booking.aspx?cinemacode=25&txtSessionId=307812",
              "label": "14:00 (數位 日)劇場版 吉伊卡哇 人魚島的秘密 (保護級)"
            }
          ],
          "start_times": "09:35, 14:00"
        }
      },
      {
        "type": "Feature",
        "geometry": {
          "type": "Point",
          "coordinates": [
            120.233454974477,
            22.990581990681
          ]
        },
        "properties": {
          "location_id": 28,
          "chain_name": "威秀影城 / VIESHOW",
          "location_name": "台南南紡威秀影城",
          "map_name": "威秀影城 / VIESHOW 台南南紡威秀影城",
          "address": "台南市東區中華東路一段366號5樓",
          "city": "臺南市",
          "location_url": "https://www.vscinemas.com.tw/vsTicketing/ticketing/booking.aspx?cinemacode=17&txtSessionId=704463",
          "official_url": "https://www.vscinemas.com.tw/",
          "crawl_url": "https://www.vscinemas.com.tw/ShowTimes/",
          "movie_title": "劇場版 吉伊卡哇 人魚島的秘密",
          "show_date": "2026-09-30",
          "showtime_count": 3,
          "showtimes": [
            {
              "time": "11:05",
              "format": "(數位 日)劇場版 吉伊卡哇 人魚島的秘密 (保護級)",
              "language": null,
              "auditorium": null,
              "booking_url": "https://www.vscinemas.com.tw/vsTicketing/ticketing/booking.aspx?cinemacode=17&txtSessionId=704463",
              "label": "11:05 (數位 日)劇場版 吉伊卡哇 人魚島的秘密 (保護級)"
            },
            {
              "time": "17:05",
              "format": "(數位 日)劇場版 吉伊卡哇 人魚島的秘密 (保護級)",
              "language": null,
              "auditorium": null,
              "booking_url": "https://www.vscinemas.com.tw/vsTicketing/ticketing/booking.aspx?cinemacode=17&txtSessionId=704332",
              "label": "17:05 (數位 日)劇場版 吉伊卡哇 人魚島的秘密 (保護級)"
            },
            {
              "time": "18:50",
              "format": "(數位 日)劇場版 吉伊卡哇 人魚島的秘密 (保護級)",
              "language": null,
              "auditorium": null,
              "booking_url": "https://www.vscinemas.com.tw/vsTicketing/ticketing/booking.aspx?cinemacode=17&txtSessionId=704494",
              "label": "18:50 (數位 日)劇場版 吉伊卡哇 人魚島的秘密 (保護級)"
            }
          ],
          "start_times": "11:05, 17:05, 18:50"
        }
      },
      {
        "type": "Feature",
        "geometry": {
          "type": "Point",
          "coordinates": [
            120.205827131963,
            22.995358795391
          ]
        },
        "properties": {
          "location_id": 30,
          "chain_name": "威秀影城 / VIESHOW",
          "location_name": "台南大遠百威秀影城",
          "map_name": "威秀影城 / VIESHOW 台南大遠百威秀影城",
          "address": "台南市中西區公園路60號5樓",
          "city": "臺南市",
          "location_url": "https://www.vscinemas.com.tw/vsTicketing/ticketing/booking.aspx?cinemacode=5&txtSessionId=910147",
          "official_url": "https://www.vscinemas.com.tw/",
          "crawl_url": "https://www.vscinemas.com.tw/ShowTimes/",
          "movie_title": "劇場版 吉伊卡哇 人魚島的秘密",
          "show_date": "2026-09-30",
          "showtime_count": 2,
          "showtimes": [
            {
              "time": "14:45",
              "format": "(數位 日)劇場版 吉伊卡哇 人魚島的秘密 (保護級)",
              "language": null,
              "auditorium": null,
              "booking_url": "https://www.vscinemas.com.tw/vsTicketing/ticketing/booking.aspx?cinemacode=5&txtSessionId=910147",
              "label": "14:45 (數位 日)劇場版 吉伊卡哇 人魚島的秘密 (保護級)"
            },
            {
              "time": "16:30",
              "format": "(4DX 日)劇場版 吉伊卡哇 人魚島的秘密 (保護級)",
              "language": null,
              "auditorium": null,
              "booking_url": "https://www.vscinemas.com.tw/vsTicketing/ticketing/booking.aspx?cinemacode=5&txtSessionId=909860",
              "label": "16:30 (4DX 日)劇場版 吉伊卡哇 人魚島的秘密 (保護級)"
            }
          ],
          "start_times": "14:45, 16:30"
        }
      },
      {
        "type": "Feature",
        "geometry": {
          "type": "Point",
          "coordinates": [
            121.5468264,
            24.9783596
          ]
        },
        "properties": {
          "location_id": 31,
          "chain_name": "威秀影城 / VIESHOW",
          "location_name": "新店裕隆城威秀影城",
          "map_name": "威秀影城 / VIESHOW 新店裕隆城威秀影城",
          "address": "新北市新店區中興路三段128號7樓",
          "city": "新北市",
          "location_url": "https://www.vscinemas.com.tw/vsTicketing/ticketing/booking.aspx?cinemacode=32&txtSessionId=165188",
          "official_url": "https://www.vscinemas.com.tw/",
          "crawl_url": "https://www.vscinemas.com.tw/ShowTimes/",
          "movie_title": "劇場版 吉伊卡哇 人魚島的秘密",
          "show_date": "2026-09-30",
          "showtime_count": 1,
          "showtimes": [
            {
              "time": "14:45",
              "format": "(數位 日)劇場版 吉伊卡哇 人魚島的秘密 (保護級)",
              "language": null,
              "auditorium": null,
              "booking_url": "https://www.vscinemas.com.tw/vsTicketing/ticketing/booking.aspx?cinemacode=32&txtSessionId=165188",
              "label": "14:45 (數位 日)劇場版 吉伊卡哇 人魚島的秘密 (保護級)"
            }
          ],
          "start_times": "14:45"
        }
      },
      {
        "type": "Feature",
        "geometry": {
          "type": "Point",
          "coordinates": [
            120.973836863867,
            24.810126998839
          ]
        },
        "properties": {
          "location_id": 34,
          "chain_name": "威秀影城 / VIESHOW",
          "location_name": "新竹巨城威秀影城",
          "map_name": "威秀影城 / VIESHOW 新竹巨城威秀影城",
          "address": "新竹市東區民權路176號4樓",
          "city": "新竹市",
          "location_url": "https://www.vscinemas.com.tw/vsTicketing/ticketing/booking.aspx?cinemacode=14&txtSessionId=668790",
          "official_url": "https://www.vscinemas.com.tw/",
          "crawl_url": "https://www.vscinemas.com.tw/ShowTimes/",
          "movie_title": "劇場版 吉伊卡哇 人魚島的秘密",
          "show_date": "2026-09-30",
          "showtime_count": 1,
          "showtimes": [
            {
              "time": "16:50",
              "format": "(數位 日)劇場版 吉伊卡哇 人魚島的秘密 (保護級)",
              "language": null,
              "auditorium": null,
              "booking_url": "https://www.vscinemas.com.tw/vsTicketing/ticketing/booking.aspx?cinemacode=14&txtSessionId=668790",
              "label": "16:50 (數位 日)劇場版 吉伊卡哇 人魚島的秘密 (保護級)"
            }
          ],
          "start_times": "16:50"
        }
      },
      {
        "type": "Feature",
        "geometry": {
          "type": "Point",
          "coordinates": [
            121.4671367,
            25.0140276
          ]
        },
        "properties": {
          "location_id": 35,
          "chain_name": "威秀影城 / VIESHOW",
          "location_name": "板橋大遠百威秀影城",
          "map_name": "威秀影城 / VIESHOW 板橋大遠百威秀影城",
          "address": "新北市板橋區新站路28號10樓",
          "city": "新北市",
          "location_url": "https://www.vscinemas.com.tw/vsTicketing/ticketing/booking.aspx?cinemacode=16&txtSessionId=761556",
          "official_url": "https://www.vscinemas.com.tw/",
          "crawl_url": "https://www.vscinemas.com.tw/ShowTimes/",
          "movie_title": "劇場版 吉伊卡哇 人魚島的秘密",
          "show_date": "2026-09-30",
          "showtime_count": 2,
          "showtimes": [
            {
              "time": "10:05",
              "format": "(數位 日)劇場版 吉伊卡哇 人魚島的秘密 (保護級)",
              "language": null,
              "auditorium": null,
              "booking_url": "https://www.vscinemas.com.tw/vsTicketing/ticketing/booking.aspx?cinemacode=16&txtSessionId=761556",
              "label": "10:05 (數位 日)劇場版 吉伊卡哇 人魚島的秘密 (保護級)"
            },
            {
              "time": "18:55",
              "format": "(數位 日)劇場版 吉伊卡哇 人魚島的秘密 (保護級)",
              "language": null,
              "auditorium": null,
              "booking_url": "https://www.vscinemas.com.tw/vsTicketing/ticketing/booking.aspx?cinemacode=16&txtSessionId=761531",
              "label": "18:55 (數位 日)劇場版 吉伊卡哇 人魚島的秘密 (保護級)"
            }
          ],
          "start_times": "10:05, 18:55"
        }
      },
      {
        "type": "Feature",
        "geometry": {
          "type": "Point",
          "coordinates": [
            121.363547165582,
            25.071241094298
          ]
        },
        "properties": {
          "location_id": 36,
          "chain_name": "威秀影城 / VIESHOW",
          "location_name": "林口MITSUI OUTLET PARK威秀影城",
          "map_name": "威秀影城 / VIESHOW 林口MITSUI OUTLET PARK威秀影城",
          "address": "新北市林口區文化三路一段356號3樓",
          "city": "新北市",
          "location_url": "https://www.vscinemas.com.tw/vsTicketing/ticketing/booking.aspx?cinemacode=19&txtSessionId=486953",
          "official_url": "https://www.vscinemas.com.tw/",
          "crawl_url": "https://www.vscinemas.com.tw/ShowTimes/",
          "movie_title": "劇場版 吉伊卡哇 人魚島的秘密",
          "show_date": "2026-09-30",
          "showtime_count": 1,
          "showtimes": [
            {
              "time": "11:00",
              "format": "(4DX 日)劇場版 吉伊卡哇 人魚島的秘密 (保護級)",
              "language": null,
              "auditorium": null,
              "booking_url": "https://www.vscinemas.com.tw/vsTicketing/ticketing/booking.aspx?cinemacode=19&txtSessionId=486953",
              "label": "11:00 (4DX 日)劇場版 吉伊卡哇 人魚島的秘密 (保護級)"
            }
          ],
          "start_times": "11:00"
        }
      },
      {
        "type": "Feature",
        "geometry": {
          "type": "Point",
          "coordinates": [
            121.300237045248,
            25.018843340565
          ]
        },
        "properties": {
          "location_id": 37,
          "chain_name": "威秀影城 / VIESHOW",
          "location_name": "桃園桃知道威秀影城",
          "map_name": "威秀影城 / VIESHOW 桃園桃知道威秀影城",
          "address": "桃園市桃園區南平路301號4樓",
          "city": "桃園市",
          "location_url": "https://www.vscinemas.com.tw/vsTicketing/ticketing/booking.aspx?cinemacode=33&txtSessionId=31982",
          "official_url": "https://www.vscinemas.com.tw/",
          "crawl_url": "https://www.vscinemas.com.tw/ShowTimes/",
          "movie_title": "劇場版 吉伊卡哇 人魚島的秘密",
          "show_date": "2026-09-30",
          "showtime_count": 1,
          "showtimes": [
            {
              "time": "13:00",
              "format": "(數位 日)劇場版 吉伊卡哇 人魚島的秘密 (保護級)",
              "language": null,
              "auditorium": null,
              "booking_url": "https://www.vscinemas.com.tw/vsTicketing/ticketing/booking.aspx?cinemacode=33&txtSessionId=31982",
              "label": "13:00 (數位 日)劇場版 吉伊卡哇 人魚島的秘密 (保護級)"
            }
          ],
          "start_times": "13:00"
        }
      },
      {
        "type": "Feature",
        "geometry": {
          "type": "Point",
          "coordinates": [
            121.312523000553,
            24.991112991698
          ]
        },
        "properties": {
          "location_id": 38,
          "chain_name": "威秀影城 / VIESHOW",
          "location_name": "桃園統領威秀影城",
          "map_name": "威秀影城 / VIESHOW 桃園統領威秀影城",
          "address": "桃園市桃園區中正路61號9樓",
          "city": "桃園市",
          "location_url": "https://www.vscinemas.com.tw/vsTicketing/ticketing/booking.aspx?cinemacode=20&txtSessionId=751952",
          "official_url": "https://www.vscinemas.com.tw/",
          "crawl_url": "https://www.vscinemas.com.tw/ShowTimes/",
          "movie_title": "劇場版 吉伊卡哇 人魚島的秘密",
          "show_date": "2026-09-30",
          "showtime_count": 3,
          "showtimes": [
            {
              "time": "11:40",
              "format": "(數位 國)劇場版 吉伊卡哇 人魚島的秘密 (保護級)",
              "language": null,
              "auditorium": null,
              "booking_url": "https://www.vscinemas.com.tw/vsTicketing/ticketing/booking.aspx?cinemacode=20&txtSessionId=751952",
              "label": "11:40 (數位 國)劇場版 吉伊卡哇 人魚島的秘密 (保護級)"
            },
            {
              "time": "13:40",
              "format": "(數位 日)劇場版 吉伊卡哇 人魚島的秘密 (保護級)",
              "language": null,
              "auditorium": null,
              "booking_url": "https://www.vscinemas.com.tw/vsTicketing/ticketing/booking.aspx?cinemacode=20&txtSessionId=751953",
              "label": "13:40 (數位 日)劇場版 吉伊卡哇 人魚島的秘密 (保護級)"
            },
            {
              "time": "18:05",
              "format": "(數位 日)劇場版 吉伊卡哇 人魚島的秘密 (保護級)",
              "language": null,
              "auditorium": null,
              "booking_url": "https://www.vscinemas.com.tw/vsTicketing/ticketing/booking.aspx?cinemacode=20&txtSessionId=751928",
              "label": "18:05 (數位 日)劇場版 吉伊卡哇 人魚島的秘密 (保護級)"
            }
          ],
          "start_times": "11:40, 13:40, 18:05"
        }
      },
      {
        "type": "Feature",
        "geometry": {
          "type": "Point",
          "coordinates": [
            121.594678077023,
            23.940428728193
          ]
        },
        "properties": {
          "location_id": 39,
          "chain_name": "威秀影城 / VIESHOW",
          "location_name": "花蓮新天堂樂園威秀影城",
          "map_name": "威秀影城 / VIESHOW 花蓮新天堂樂園威秀影城",
          "address": "花蓮縣吉安鄉南濱路一段503號3樓",
          "city": "花蓮縣",
          "location_url": "https://www.vscinemas.com.tw/vsTicketing/ticketing/booking.aspx?cinemacode=22&txtSessionId=214254",
          "official_url": "https://www.vscinemas.com.tw/",
          "crawl_url": "https://www.vscinemas.com.tw/ShowTimes/",
          "movie_title": "劇場版 吉伊卡哇 人魚島的秘密",
          "show_date": "2026-09-30",
          "showtime_count": 1,
          "showtimes": [
            {
              "time": "10:30",
              "format": "(A+ 日)劇場版 吉伊卡哇 人魚島的秘密 (保護級)",
              "language": null,
              "auditorium": null,
              "booking_url": "https://www.vscinemas.com.tw/vsTicketing/ticketing/booking.aspx?cinemacode=22&txtSessionId=214254",
              "label": "10:30 (A+ 日)劇場版 吉伊卡哇 人魚島的秘密 (保護級)"
            }
          ],
          "start_times": "10:30"
        }
      },
      {
        "type": "Feature",
        "geometry": {
          "type": "Point",
          "coordinates": [
            120.9044778187,
            24.689649677472
          ]
        },
        "properties": {
          "location_id": 40,
          "chain_name": "威秀影城 / VIESHOW",
          "location_name": "頭份尚順威秀影城",
          "map_name": "威秀影城 / VIESHOW 頭份尚順威秀影城",
          "address": "苗栗縣頭份市中央路105號7樓",
          "city": "苗栗縣",
          "location_url": "https://www.vscinemas.com.tw/vsTicketing/ticketing/booking.aspx?cinemacode=18&txtSessionId=385104",
          "official_url": "https://www.vscinemas.com.tw/",
          "crawl_url": "https://www.vscinemas.com.tw/ShowTimes/",
          "movie_title": "劇場版 吉伊卡哇 人魚島的秘密",
          "show_date": "2026-09-30",
          "showtime_count": 1,
          "showtimes": [
            {
              "time": "11:15",
              "format": "(數位 日)劇場版 吉伊卡哇 人魚島的秘密 (保護級)",
              "language": null,
              "auditorium": null,
              "booking_url": "https://www.vscinemas.com.tw/vsTicketing/ticketing/booking.aspx?cinemacode=18&txtSessionId=385104",
              "label": "11:15 (數位 日)劇場版 吉伊卡哇 人魚島的秘密 (保護級)"
            }
          ],
          "start_times": "11:15"
        }
      },
      {
        "type": "Feature",
        "geometry": {
          "type": "Point",
          "coordinates": [
            120.303548975058,
            22.613424008067
          ]
        },
        "properties": {
          "location_id": 41,
          "chain_name": "威秀影城 / VIESHOW",
          "location_name": "高雄大遠百威秀影城",
          "map_name": "威秀影城 / VIESHOW 高雄大遠百威秀影城",
          "address": "高雄市苓雅區三多四路21號13樓",
          "city": "高雄市",
          "location_url": "https://www.vscinemas.com.tw/vsTicketing/ticketing/booking.aspx?cinemacode=6&txtSessionId=1853532",
          "official_url": "https://www.vscinemas.com.tw/",
          "crawl_url": "https://www.vscinemas.com.tw/ShowTimes/",
          "movie_title": "劇場版 吉伊卡哇 人魚島的秘密",
          "show_date": "2026-09-30",
          "showtime_count": 4,
          "showtimes": [
            {
              "time": "12:30",
              "format": "(4DX 日)劇場版 吉伊卡哇 人魚島的秘密 (保護級)",
              "language": null,
              "auditorium": null,
              "booking_url": "https://www.vscinemas.com.tw/vsTicketing/ticketing/booking.aspx?cinemacode=6&txtSessionId=1853532",
              "label": "12:30 (4DX 日)劇場版 吉伊卡哇 人魚島的秘密 (保護級)"
            },
            {
              "time": "15:15",
              "format": "(數位 日)劇場版 吉伊卡哇 人魚島的秘密 (保護級)",
              "language": null,
              "auditorium": null,
              "booking_url": "https://www.vscinemas.com.tw/vsTicketing/ticketing/booking.aspx?cinemacode=6&txtSessionId=1853538",
              "label": "15:15 (數位 日)劇場版 吉伊卡哇 人魚島的秘密 (保護級)"
            },
            {
              "time": "18:00",
              "format": "(4DX 日)劇場版 吉伊卡哇 人魚島的秘密 (保護級)",
              "language": null,
              "auditorium": null,
              "booking_url": "https://www.vscinemas.com.tw/vsTicketing/ticketing/booking.aspx?cinemacode=6&txtSessionId=1852736",
              "label": "18:00 (4DX 日)劇場版 吉伊卡哇 人魚島的秘密 (保護級)"
            },
            {
              "time": "19:20",
              "format": "(數位 日)劇場版 吉伊卡哇 人魚島的秘密 (保護級)",
              "language": null,
              "auditorium": null,
              "booking_url": "https://www.vscinemas.com.tw/vsTicketing/ticketing/booking.aspx?cinemacode=6&txtSessionId=1853278",
              "label": "19:20 (數位 日)劇場版 吉伊卡哇 人魚島的秘密 (保護級)"
            }
          ],
          "start_times": "12:30, 15:15, 18:00, 19:20"
        }
      },
      {
        "type": "Feature",
        "geometry": {
          "type": "Point",
          "coordinates": [
            120.197693,
            22.986882
          ]
        },
        "properties": {
          "location_id": 46,
          "chain_name": "新光影城",
          "location_name": "新光影城台南西門",
          "map_name": "新光影城 新光影城台南西門",
          "address": "台南市中西區西門路一段658號9樓（新光三越台南新天地）",
          "city": "臺南市",
          "location_url": "https://www.skcinemas.com/films?c=1002",
          "official_url": "https://www.skcinemas.com/",
          "crawl_url": "https://www.atmovies.com.tw/showtime/t06607/a06/",
          "movie_title": "劇場版 吉伊卡哇 人魚島的秘密",
          "show_date": "2026-09-30",
          "showtime_count": 1,
          "showtimes": [
            {
              "time": "10:10",
              "format": "日文版",
              "language": "日語",
              "auditorium": null,
              "booking_url": "https://www.skcinemas.com/films?c=1002",
              "label": "10:10 日文版"
            }
          ],
          "start_times": "10:10"
        }
      },
      {
        "type": "Feature",
        "geometry": {
          "type": "Point",
          "coordinates": [
            121.213758,
            25.017327
          ]
        },
        "properties": {
          "location_id": 47,
          "chain_name": "新光影城",
          "location_name": "新光影城桃園青埔",
          "map_name": "新光影城 新光影城桃園青埔",
          "address": "桃園市中壢區春德路107號3-5樓（置地廣場·桃園）",
          "city": "桃園市",
          "location_url": "https://www.skcinemas.com/films?c=1004",
          "official_url": "https://www.skcinemas.com/",
          "crawl_url": "https://www.atmovies.com.tw/showtime/t03315/a03/",
          "movie_title": "劇場版 吉伊卡哇 人魚島的秘密",
          "show_date": "2026-09-30",
          "showtime_count": 1,
          "showtimes": [
            {
              "time": "10:50",
              "format": "日文版",
              "language": "日語",
              "auditorium": null,
              "booking_url": "https://www.skcinemas.com/films?c=1004",
              "label": "10:50 日文版"
            }
          ],
          "start_times": "10:50"
        }
      },
      {
        "type": "Feature",
        "geometry": {
          "type": "Point",
          "coordinates": [
            120.661777770455,
            24.1552672182
          ]
        },
        "properties": {
          "location_id": 50,
          "chain_name": "王牌映画影城",
          "location_name": "王牌映画影城－廣三SOGO店",
          "map_name": "王牌映画影城 王牌映画影城－廣三SOGO店",
          "address": "台中市西區臺灣大道二段459號18樓",
          "city": "臺中市",
          "location_url": "https://www.acecinema.com.tw/movie/now",
          "official_url": "https://www.acecinema.com.tw/",
          "crawl_url": "https://www.atmovies.com.tw/showtime/t04428/a04/",
          "movie_title": "劇場版 吉伊卡哇 人魚島的秘密",
          "show_date": "2026-09-30",
          "showtime_count": 1,
          "showtimes": [
            {
              "time": "18:25",
              "format": "日文版",
              "language": "日語",
              "auditorium": null,
              "booking_url": "https://www.acecinema.com.tw/movie/now",
              "label": "18:25 日文版"
            }
          ],
          "start_times": "18:25"
        }
      },
      {
        "type": "Feature",
        "geometry": {
          "type": "Point",
          "coordinates": [
            121.536644362629,
            25.010805770294
          ]
        },
        "properties": {
          "location_id": 51,
          "chain_name": "百老匯影城",
          "location_name": "公館百老匯影城",
          "map_name": "百老匯影城 公館百老匯影城",
          "address": "台北市文山區羅斯福路四段200號",
          "city": "臺北市",
          "location_url": "https://www.broadway-cineplex.com.tw/book.html?obj=Taipei&v25080101",
          "official_url": "https://www.broadway-cineplex.com.tw/",
          "crawl_url": "https://www.broadway-cineplex.com.tw/Movie/GetMovieList/Taipei",
          "movie_title": "劇場版 吉伊卡哇 人魚島的秘密",
          "show_date": "2026-09-30",
          "showtime_count": 1,
          "showtimes": [
            {
              "time": "12:45",
              "format": "數位/日語",
              "language": "日語",
              "auditorium": "1廳 3樓",
              "booking_url": "https://www.broadway-cineplex.com.tw/book.html?obj=Taipei&v25080101",
              "label": "12:45 數位/日語 / 1廳 3樓",
              "seat_preview_url": "https://www.broadway-cineplex.com.tw/quick-view.html?obj=Taipei,0000884,2026-09-30,12-45,0001"
            }
          ],
          "start_times": "12:45"
        }
      },
      {
        "type": "Feature",
        "geometry": {
          "type": "Point",
          "coordinates": [
            121.02123777733,
            24.809823168098
          ]
        },
        "properties": {
          "location_id": 52,
          "chain_name": "百老匯影城",
          "location_name": "竹北百老匯影城",
          "map_name": "百老匯影城 竹北百老匯影城",
          "address": "新竹縣竹北市自強南路36號3~5樓",
          "city": "新竹縣",
          "location_url": "https://www.broadway-cineplex.com.tw/book.html?obj=Zhubei&v25080101",
          "official_url": "https://www.broadway-cineplex.com.tw/",
          "crawl_url": "https://www.broadway-cineplex.com.tw/Movie/GetMovieList/Zhubei",
          "movie_title": "劇場版 吉伊卡哇 人魚島的秘密",
          "show_date": "2026-09-30",
          "showtime_count": 1,
          "showtimes": [
            {
              "time": "13:10",
              "format": "數位/日語",
              "language": "日語",
              "auditorium": "5廳",
              "booking_url": "https://www.broadway-cineplex.com.tw/book.html?obj=Zhubei&v25080101",
              "label": "13:10 數位/日語 / 5廳",
              "seat_preview_url": "https://www.broadway-cineplex.com.tw/quick-view.html?obj=Zhubei,0000884,2026-09-30,13-10,0005"
            }
          ],
          "start_times": "13:10"
        }
      },
      {
        "type": "Feature",
        "geometry": {
          "type": "Point",
          "coordinates": [
            121.55751470000001,
            25.083348479857356
          ]
        },
        "properties": {
          "location_id": 79,
          "chain_name": "美麗華影城",
          "location_name": "美麗華影城",
          "map_name": "美麗華影城 美麗華影城",
          "address": "臺北市中山區金泰里敬業三路22號6樓",
          "city": "臺北市",
          "location_url": "https://www.miramarcinemas.tw/Booking/TicketType?id=cddd413f-5ba3-4825-a6c3-2f6c53642407&session=437647",
          "official_url": "https://www.miramarcinemas.tw/",
          "crawl_url": "https://www.miramarcinemas.tw/timetable",
          "movie_title": "劇場版 吉伊卡哇 人魚島的秘密",
          "show_date": "2026-09-30",
          "showtime_count": 1,
          "showtimes": [
            {
              "time": "10:00",
              "format": "日文(JPN)",
              "language": "日語",
              "auditorium": null,
              "booking_url": "https://www.miramarcinemas.tw/Booking/TicketType?id=cddd413f-5ba3-4825-a6c3-2f6c53642407&session=437647",
              "label": "10:00 日文(JPN)"
            }
          ],
          "start_times": "10:00"
        }
      },
      {
        "type": "Feature",
        "geometry": {
          "type": "Point",
          "coordinates": [
            120.6921689,
            24.1603157
          ]
        },
        "properties": {
          "location_id": 70,
          "chain_name": "親親影城 / 親親戲院",
          "location_name": "親親影城",
          "map_name": "親親影城 / 親親戲院 親親影城",
          "address": "台中市北區北屯路14號",
          "city": "臺中市",
          "location_url": "https://www.ccmovie.com.tw/product.php?_path=product_showtimes",
          "official_url": "https://www.ccmovie.com.tw/",
          "crawl_url": "https://www.ccmovie.com.tw/product.php?_path=product_showtimes",
          "movie_title": "劇場版 吉伊卡哇 人魚島的秘密",
          "show_date": "2026-09-30",
          "showtime_count": 1,
          "showtimes": [
            {
              "time": "23:30",
              "format": "2D-日語",
              "language": "日語",
              "auditorium": null,
              "booking_url": "https://www.ccmovie.com.tw/product.php?_path=product_showtimes",
              "label": "23:30 2D-日語"
            }
          ],
          "start_times": "23:30"
        }
      },
      {
        "type": "Feature",
        "geometry": {
          "type": "Point",
          "coordinates": [
            120.3253452,
            22.6319673
          ]
        },
        "properties": {
          "location_id": 72,
          "chain_name": "高雄環球影城",
          "location_name": "高雄環球影城",
          "map_name": "高雄環球影城 高雄環球影城",
          "address": "高雄市苓雅區大順三路108號",
          "city": "高雄市",
          "location_url": "https://www.u-movie.com.tw/cinema/page.php?page_type=now&ver=tw&portal=cinema",
          "official_url": "https://www.u-movie.com.tw/",
          "crawl_url": "https://www.u-movie.com.tw/cinema/page.php?page_type=now&ver=tw&portal=cinema",
          "movie_title": "劇場版 吉伊卡哇 人魚島的秘密",
          "show_date": "2026-09-30",
          "showtime_count": 0,
          "showtimes": [],
          "start_times": "",
          "showtime_unavailable": true,
          "showtime_unavailable_reason": "官方時刻表暫時無法自動取得，請前往場次入口查看。"
        }
      },
      {
        "type": "Feature",
        "geometry": {
          "type": "Point",
          "coordinates": [
            120.25125,
            23.18362
          ]
        },
        "properties": {
          "location_id": 104,
          "chain_name": "麻豆戲院",
          "location_name": "麻豆戲院",
          "map_name": "麻豆戲院 麻豆戲院",
          "address": "台南市麻豆區興中路106號3樓",
          "city": "臺南市",
          "location_url": "https://www.facebook.com/profile.php?id=61564946135169",
          "official_url": "https://www.facebook.com/profile.php?id=61564946135169",
          "crawl_url": "https://www.instagram.com/madoucinema/p/Dd1CZf_GH3C/",
          "movie_title": "劇場版 吉伊卡哇 人魚島的秘密",
          "show_date": "2026-09-30",
          "showtime_count": 1,
          "showtimes": [
            {
              "time": "17:20",
              "format": "數位",
              "language": "中文版",
              "auditorium": null,
              "booking_url": "https://www.instagram.com/madoucinema/p/Dd1CZf_GH3C/",
              "label": "17:20 數位"
            }
          ],
          "start_times": "17:20",
          "supplemental_web_source": true
        }
      }
    ],
    "劇場版 鋼之鍊金術師 香巴拉的征服者": [
      {
        "type": "Feature",
        "geometry": {
          "type": "Point",
          "coordinates": [
            120.638356972783,
            24.164220012801
          ]
        },
        "properties": {
          "location_id": 1,
          "chain_name": "MUVIE CINEMAS",
          "location_name": "MUVIE CINEMAS 台中TIGER CITY",
          "map_name": "MUVIE CINEMAS MUVIE CINEMAS 台中TIGER CITY",
          "address": "台中市西屯區河南路三段120-1號4樓",
          "city": "臺中市",
          "location_url": "https://www.vscinemas.com.tw/vsTicketing/ticketing/booking.aspx?cinemacode=3&txtSessionId=1022001",
          "official_url": "https://www.vscinemas.com.tw/",
          "crawl_url": "https://www.vscinemas.com.tw/ShowTimes/",
          "movie_title": "劇場版 鋼之鍊金術師 香巴拉的征服者",
          "show_date": "2026-09-30",
          "showtime_count": 1,
          "showtimes": [
            {
              "time": "13:20",
              "format": "(數位)劇場版 鋼之鍊金術師 香巴拉的征服者 (普遍級)",
              "language": null,
              "auditorium": null,
              "booking_url": "https://www.vscinemas.com.tw/vsTicketing/ticketing/booking.aspx?cinemacode=3&txtSessionId=1022001",
              "label": "13:20 (數位)劇場版 鋼之鍊金術師 香巴拉的征服者 (普遍級)"
            }
          ],
          "start_times": "13:20"
        }
      },
      {
        "type": "Feature",
        "geometry": {
          "type": "Point",
          "coordinates": [
            120.706113763482,
            24.25198528648
          ]
        },
        "properties": {
          "location_id": 5,
          "chain_name": "in89 豪華影城",
          "location_name": "台中豐原 in89豪華影城",
          "map_name": "in89 豪華影城 台中豐原 in89豪華影城",
          "address": "台中市豐原區成功路500號5樓",
          "city": "臺中市",
          "location_url": "https://www.in89cinemax.com/film_list.aspx?TheaterId=15",
          "official_url": "https://www.in89cinemax.com/",
          "crawl_url": "https://fengyuan.in89.com.tw/api/api_movie.php?method=getStagesByDate",
          "movie_title": "劇場版 鋼之鍊金術師 香巴拉的征服者",
          "show_date": "2026-09-30",
          "showtime_count": 4,
          "showtimes": [
            {
              "time": "10:30",
              "format": "06廳",
              "language": "日語",
              "auditorium": null,
              "booking_url": "https://www.in89cinemax.com/film_list.aspx?TheaterId=15",
              "label": "10:30 06廳"
            },
            {
              "time": "14:40",
              "format": "06廳",
              "language": "日語",
              "auditorium": null,
              "booking_url": "https://www.in89cinemax.com/film_list.aspx?TheaterId=15",
              "label": "14:40 06廳"
            },
            {
              "time": "18:50",
              "format": "06廳",
              "language": "日語",
              "auditorium": null,
              "booking_url": "https://www.in89cinemax.com/film_list.aspx?TheaterId=15",
              "label": "18:50 06廳"
            },
            {
              "time": "20:50",
              "format": "06廳",
              "language": "日語",
              "auditorium": null,
              "booking_url": "https://www.in89cinemax.com/film_list.aspx?TheaterId=15",
              "label": "20:50 06廳"
            }
          ],
          "start_times": "10:30, 14:40, 18:50, 20:50"
        }
      },
      {
        "type": "Feature",
        "geometry": {
          "type": "Point",
          "coordinates": [
            120.452734194907,
            23.476437792869
          ]
        },
        "properties": {
          "location_id": 6,
          "chain_name": "in89 豪華影城",
          "location_name": "嘉義影食匯 in89豪華影城",
          "map_name": "in89 豪華影城 嘉義影食匯 in89豪華影城",
          "address": "嘉義市東區民族路328號",
          "city": "嘉義市",
          "location_url": "https://www.in89cinemax.com/film_list.aspx?TheaterId=17",
          "official_url": "https://www.in89cinemax.com/",
          "crawl_url": "https://chiayi.in89.com.tw/api/api_movie.php?method=getStagesByDate",
          "movie_title": "劇場版 鋼之鍊金術師 香巴拉的征服者",
          "show_date": "2026-09-30",
          "showtime_count": 1,
          "showtimes": [
            {
              "time": "18:40",
              "format": "01廳(8樓)",
              "language": "日語",
              "auditorium": null,
              "booking_url": "https://www.in89cinemax.com/film_list.aspx?TheaterId=17",
              "label": "18:40 01廳(8樓)"
            }
          ],
          "start_times": "18:40"
        }
      },
      {
        "type": "Feature",
        "geometry": {
          "type": "Point",
          "coordinates": [
            121.313019879774,
            24.991207497656
          ]
        },
        "properties": {
          "location_id": 7,
          "chain_name": "in89 豪華影城",
          "location_name": "桃園站前 in89豪華影城",
          "map_name": "in89 豪華影城 桃園站前 in89豪華影城",
          "address": "桃園市桃園區中正路56號",
          "city": "桃園市",
          "location_url": "https://www.in89cinemax.com/film_list.aspx?TheaterId=1",
          "official_url": "https://www.in89cinemax.com/",
          "crawl_url": "https://taoyuan.in89.com.tw/api/api_movie.php?method=getStagesByDate",
          "movie_title": "劇場版 鋼之鍊金術師 香巴拉的征服者",
          "show_date": "2026-09-30",
          "showtime_count": 2,
          "showtimes": [
            {
              "time": "13:00",
              "format": "5廳(5F)",
              "language": "日語",
              "auditorium": null,
              "booking_url": "https://www.in89cinemax.com/film_list.aspx?TheaterId=1",
              "label": "13:00 5廳(5F)"
            },
            {
              "time": "17:20",
              "format": "5廳(5F)",
              "language": "日語",
              "auditorium": null,
              "booking_url": "https://www.in89cinemax.com/film_list.aspx?TheaterId=1",
              "label": "17:20 5廳(5F)"
            }
          ],
          "start_times": "13:00, 17:20"
        }
      },
      {
        "type": "Feature",
        "geometry": {
          "type": "Point",
          "coordinates": [
            120.298119010543,
            22.621851005881
          ]
        },
        "properties": {
          "location_id": 9,
          "chain_name": "in89 豪華影城",
          "location_name": "高雄大立 in89豪華影城",
          "map_name": "in89 豪華影城 高雄大立 in89豪華影城",
          "address": "高雄市前金區五福三路57號9樓",
          "city": "高雄市",
          "location_url": "https://www.in89cinemax.com/film_list.aspx?TheaterId=16",
          "official_url": "https://www.in89cinemax.com/",
          "crawl_url": "https://talee.in89.com.tw/api/api_movie.php?method=getStagesByDate",
          "movie_title": "劇場版 鋼之鍊金術師 香巴拉的征服者",
          "show_date": "2026-09-30",
          "showtime_count": 2,
          "showtimes": [
            {
              "time": "15:40",
              "format": "01廳(9F)",
              "language": "日語",
              "auditorium": null,
              "booking_url": "https://www.in89cinemax.com/film_list.aspx?TheaterId=16",
              "label": "15:40 01廳(9F)"
            },
            {
              "time": "19:30",
              "format": "01廳(9F)",
              "language": "日語",
              "auditorium": null,
              "booking_url": "https://www.in89cinemax.com/film_list.aspx?TheaterId=16",
              "label": "19:30 01廳(9F)"
            }
          ],
          "start_times": "15:40, 19:30"
        }
      },
      {
        "type": "Feature",
        "geometry": {
          "type": "Point",
          "coordinates": [
            121.604793,
            25.052363
          ]
        },
        "properties": {
          "location_id": 86,
          "chain_name": "喜樂時代影城",
          "location_name": "喜樂時代影城南港店",
          "map_name": "喜樂時代影城 喜樂時代影城南港店",
          "address": "台北市南港區忠孝東路七段299號",
          "city": "臺北市",
          "location_url": "https://www.centuryasia.com.tw/book.html?sid=Nangang&ver=0fKKApRlrx8=",
          "official_url": "https://www.centuryasia.com.tw/",
          "crawl_url": "https://www.centuryasia.com.tw/book.html?sid=Nangang&ver=0fKKApRlrx8=",
          "movie_title": "劇場版 鋼之鍊金術師 香巴拉的征服者",
          "show_date": "2026-09-30",
          "showtime_count": 4,
          "showtimes": [
            {
              "time": "11:00",
              "format": "2D日語",
              "language": "日語",
              "auditorium": "12廳",
              "booking_url": "https://www.centuryasia.com.tw/book.html?sid=Nangang&ver=0fKKApRlrx8=",
              "label": "11:00 2D日語 / 12廳"
            },
            {
              "time": "14:10",
              "format": "2D日語",
              "language": "日語",
              "auditorium": "15廳",
              "booking_url": "https://www.centuryasia.com.tw/book.html?sid=Nangang&ver=0fKKApRlrx8=",
              "label": "14:10 2D日語 / 15廳"
            },
            {
              "time": "19:10",
              "format": "2D日語",
              "language": "日語",
              "auditorium": "18廳",
              "booking_url": "https://www.centuryasia.com.tw/book.html?sid=Nangang&ver=0fKKApRlrx8=",
              "label": "19:10 2D日語 / 18廳"
            },
            {
              "time": "21:15",
              "format": "2D日語",
              "language": "日語",
              "auditorium": "18廳",
              "booking_url": "https://www.centuryasia.com.tw/book.html?sid=Nangang&ver=0fKKApRlrx8=",
              "label": "21:15 2D日語 / 18廳"
            }
          ],
          "start_times": "11:00, 14:10, 19:10, 21:15"
        }
      },
      {
        "type": "Feature",
        "geometry": {
          "type": "Point",
          "coordinates": [
            121.458702134648,
            25.06381770366
          ]
        },
        "properties": {
          "location_id": 15,
          "chain_name": "國賓影城",
          "location_name": "新莊晶冠國賓影城",
          "map_name": "國賓影城 新莊晶冠國賓影城",
          "address": "新北市新莊區五工路66號3、4樓",
          "city": "新北市",
          "location_url": "https://www.ambassador.com.tw/home/Showtime?ID=3301d822-b385-4aa8-a9eb-aa59d58e95c9&DT=2026/09/30",
          "official_url": "https://www.ambassador.com.tw/",
          "crawl_url": "https://www.ambassador.com.tw/home/Showtime?ID=3301d822-b385-4aa8-a9eb-aa59d58e95c9&DT=2026/09/30",
          "movie_title": "劇場版 鋼之鍊金術師 香巴拉的征服者",
          "show_date": "2026-09-30",
          "showtime_count": 2,
          "showtimes": [
            {
              "time": "13:30",
              "format": "數位‧日文版",
              "language": "日語",
              "auditorium": "2廳 58席",
              "booking_url": "https://www.ambassador.com.tw/home/Showtime?ID=3301d822-b385-4aa8-a9eb-aa59d58e95c9&DT=2026/09/30",
              "label": "13:30 數位‧日文版 / 2廳 58席"
            },
            {
              "time": "17:35",
              "format": "數位‧日文版",
              "language": "日語",
              "auditorium": "2廳 58席",
              "booking_url": "https://www.ambassador.com.tw/home/Showtime?ID=3301d822-b385-4aa8-a9eb-aa59d58e95c9&DT=2026/09/30",
              "label": "17:35 數位‧日文版 / 2廳 58席"
            }
          ],
          "start_times": "13:30, 17:35"
        }
      },
      {
        "type": "Feature",
        "geometry": {
          "type": "Point",
          "coordinates": [
            121.475688899623,
            25.006077203437
          ]
        },
        "properties": {
          "location_id": 20,
          "chain_name": "威秀影城 / VIESHOW",
          "location_name": "中和環球威秀影城",
          "map_name": "威秀影城 / VIESHOW 中和環球威秀影城",
          "address": "新北市中和區中山路三段122號4樓",
          "city": "新北市",
          "location_url": "https://www.vscinemas.com.tw/vsTicketing/ticketing/booking.aspx?cinemacode=30&txtSessionId=211746",
          "official_url": "https://www.vscinemas.com.tw/",
          "crawl_url": "https://www.vscinemas.com.tw/ShowTimes/",
          "movie_title": "劇場版 鋼之鍊金術師 香巴拉的征服者",
          "show_date": "2026-09-30",
          "showtime_count": 2,
          "showtimes": [
            {
              "time": "11:35",
              "format": "(數位)劇場版 鋼之鍊金術師 香巴拉的征服者 (普遍級)",
              "language": null,
              "auditorium": null,
              "booking_url": "https://www.vscinemas.com.tw/vsTicketing/ticketing/booking.aspx?cinemacode=30&txtSessionId=211746",
              "label": "11:35 (數位)劇場版 鋼之鍊金術師 香巴拉的征服者 (普遍級)"
            },
            {
              "time": "18:05",
              "format": "(數位)劇場版 鋼之鍊金術師 香巴拉的征服者 (普遍級)",
              "language": null,
              "auditorium": null,
              "booking_url": "https://www.vscinemas.com.tw/vsTicketing/ticketing/booking.aspx?cinemacode=30&txtSessionId=211749",
              "label": "18:05 (數位)劇場版 鋼之鍊金術師 香巴拉的征服者 (普遍級)"
            }
          ],
          "start_times": "11:35, 18:05"
        }
      },
      {
        "type": "Feature",
        "geometry": {
          "type": "Point",
          "coordinates": [
            120.687673995592,
            24.135473018575
          ]
        },
        "properties": {
          "location_id": 21,
          "chain_name": "威秀影城 / VIESHOW",
          "location_name": "台中iFG 遠雄廣場威秀影城",
          "map_name": "威秀影城 / VIESHOW 台中iFG 遠雄廣場威秀影城",
          "address": "台中市東區復興路四段186號4樓",
          "city": "臺中市",
          "location_url": "https://www.vscinemas.com.tw/vsTicketing/ticketing/booking.aspx?cinemacode=31&txtSessionId=185964",
          "official_url": "https://www.vscinemas.com.tw/",
          "crawl_url": "https://www.vscinemas.com.tw/ShowTimes/",
          "movie_title": "劇場版 鋼之鍊金術師 香巴拉的征服者",
          "show_date": "2026-09-30",
          "showtime_count": 2,
          "showtimes": [
            {
              "time": "12:05",
              "format": "(數位)劇場版 鋼之鍊金術師 香巴拉的征服者 (普遍級)",
              "language": null,
              "auditorium": null,
              "booking_url": "https://www.vscinemas.com.tw/vsTicketing/ticketing/booking.aspx?cinemacode=31&txtSessionId=185964",
              "label": "12:05 (數位)劇場版 鋼之鍊金術師 香巴拉的征服者 (普遍級)"
            },
            {
              "time": "18:10",
              "format": "(數位)劇場版 鋼之鍊金術師 香巴拉的征服者 (普遍級)",
              "language": null,
              "auditorium": null,
              "booking_url": "https://www.vscinemas.com.tw/vsTicketing/ticketing/booking.aspx?cinemacode=31&txtSessionId=185960",
              "label": "18:10 (數位)劇場版 鋼之鍊金術師 香巴拉的征服者 (普遍級)"
            }
          ],
          "start_times": "12:05, 18:10"
        }
      },
      {
        "type": "Feature",
        "geometry": {
          "type": "Point",
          "coordinates": [
            121.5184321,
            25.0490792
          ]
        },
        "properties": {
          "location_id": 23,
          "chain_name": "威秀影城 / VIESHOW",
          "location_name": "台北京站威秀影城",
          "map_name": "威秀影城 / VIESHOW 台北京站威秀影城",
          "address": "台北市大同區市民大道一段209號5樓",
          "city": "臺北市",
          "location_url": "https://www.vscinemas.com.tw/ShowTimes/",
          "official_url": "https://www.vscinemas.com.tw/",
          "crawl_url": "https://www.vscinemas.com.tw/ShowTimes/",
          "movie_title": "劇場版 鋼之鍊金術師 香巴拉的征服者",
          "show_date": "2026-09-30",
          "showtime_count": 3,
          "showtimes": [
            {
              "time": "09:25",
              "format": "(數位)劇場版 鋼之鍊金術師 香巴拉的征服者 (普遍級)",
              "language": null,
              "auditorium": null,
              "booking_url": "https://www.vscinemas.com.tw/ShowTimes/",
              "label": "09:25 (數位)劇場版 鋼之鍊金術師 香巴拉的征服者 (普遍級)"
            },
            {
              "time": "14:05",
              "format": "(數位)劇場版 鋼之鍊金術師 香巴拉的征服者 (普遍級)",
              "language": null,
              "auditorium": null,
              "booking_url": "https://www.vscinemas.com.tw/vsTicketing/ticketing/booking.aspx?cinemacode=12&txtSessionId=898566",
              "label": "14:05 (數位)劇場版 鋼之鍊金術師 香巴拉的征服者 (普遍級)"
            },
            {
              "time": "20:40",
              "format": "(數位)劇場版 鋼之鍊金術師 香巴拉的征服者 (普遍級)",
              "language": null,
              "auditorium": null,
              "booking_url": "https://www.vscinemas.com.tw/vsTicketing/ticketing/booking.aspx?cinemacode=12&txtSessionId=898583",
              "label": "20:40 (數位)劇場版 鋼之鍊金術師 香巴拉的征服者 (普遍級)"
            }
          ],
          "start_times": "09:25, 14:05, 20:40"
        }
      },
      {
        "type": "Feature",
        "geometry": {
          "type": "Point",
          "coordinates": [
            121.567405360549,
            25.035641139855
          ]
        },
        "properties": {
          "location_id": 24,
          "chain_name": "威秀影城 / VIESHOW",
          "location_name": "台北信義威秀影城",
          "map_name": "威秀影城 / VIESHOW 台北信義威秀影城",
          "address": "台北市信義區松壽路20號2樓",
          "city": "臺北市",
          "location_url": "https://www.vscinemas.com.tw/vsTicketing/ticketing/booking.aspx?cinemacode=1&txtSessionId=1879572",
          "official_url": "https://www.vscinemas.com.tw/",
          "crawl_url": "https://www.vscinemas.com.tw/ShowTimes/",
          "movie_title": "劇場版 鋼之鍊金術師 香巴拉的征服者",
          "show_date": "2026-09-30",
          "showtime_count": 2,
          "showtimes": [
            {
              "time": "13:55",
              "format": "(數位)劇場版 鋼之鍊金術師 香巴拉的征服者 (普遍級)",
              "language": null,
              "auditorium": null,
              "booking_url": "https://www.vscinemas.com.tw/vsTicketing/ticketing/booking.aspx?cinemacode=1&txtSessionId=1879572",
              "label": "13:55 (數位)劇場版 鋼之鍊金術師 香巴拉的征服者 (普遍級)"
            },
            {
              "time": "19:40",
              "format": "(數位)劇場版 鋼之鍊金術師 香巴拉的征服者 (普遍級)",
              "language": null,
              "auditorium": null,
              "booking_url": "https://www.vscinemas.com.tw/vsTicketing/ticketing/booking.aspx?cinemacode=1&txtSessionId=1879516",
              "label": "19:40 (數位)劇場版 鋼之鍊金術師 香巴拉的征服者 (普遍級)"
            }
          ],
          "start_times": "13:55, 19:40"
        }
      },
      {
        "type": "Feature",
        "geometry": {
          "type": "Point",
          "coordinates": [
            121.617582534262,
            25.059344952488
          ]
        },
        "properties": {
          "location_id": 25,
          "chain_name": "威秀影城 / VIESHOW",
          "location_name": "台北南港 LaLaport威秀影城",
          "map_name": "威秀影城 / VIESHOW 台北南港 LaLaport威秀影城",
          "address": "台北市南港區經貿二路131號5樓",
          "city": "臺北市",
          "location_url": "https://www.vscinemas.com.tw/vsTicketing/ticketing/booking.aspx?cinemacode=35&txtSessionId=147103",
          "official_url": "https://www.vscinemas.com.tw/",
          "crawl_url": "https://www.vscinemas.com.tw/ShowTimes/",
          "movie_title": "劇場版 鋼之鍊金術師 香巴拉的征服者",
          "show_date": "2026-09-30",
          "showtime_count": 2,
          "showtimes": [
            {
              "time": "13:10",
              "format": "(數位)劇場版 鋼之鍊金術師 香巴拉的征服者 (普遍級)",
              "language": null,
              "auditorium": null,
              "booking_url": "https://www.vscinemas.com.tw/vsTicketing/ticketing/booking.aspx?cinemacode=35&txtSessionId=147103",
              "label": "13:10 (數位)劇場版 鋼之鍊金術師 香巴拉的征服者 (普遍級)"
            },
            {
              "time": "18:35",
              "format": "(數位)劇場版 鋼之鍊金術師 香巴拉的征服者 (普遍級)",
              "language": null,
              "auditorium": null,
              "booking_url": "https://www.vscinemas.com.tw/vsTicketing/ticketing/booking.aspx?cinemacode=35&txtSessionId=147136",
              "label": "18:35 (數位)劇場版 鋼之鍊金術師 香巴拉的征服者 (普遍級)"
            }
          ],
          "start_times": "13:10, 18:35"
        }
      },
      {
        "type": "Feature",
        "geometry": {
          "type": "Point",
          "coordinates": [
            120.210166862332,
            22.995629908049
          ]
        },
        "properties": {
          "location_id": 27,
          "chain_name": "威秀影城 / VIESHOW",
          "location_name": "台南FOCUS威秀影城",
          "map_name": "威秀影城 / VIESHOW 台南FOCUS威秀影城",
          "address": "台南市中西區中山路166號11樓",
          "city": "臺南市",
          "location_url": "https://www.vscinemas.com.tw/vsTicketing/ticketing/booking.aspx?cinemacode=25&txtSessionId=307830",
          "official_url": "https://www.vscinemas.com.tw/",
          "crawl_url": "https://www.vscinemas.com.tw/ShowTimes/",
          "movie_title": "劇場版 鋼之鍊金術師 香巴拉的征服者",
          "show_date": "2026-09-30",
          "showtime_count": 2,
          "showtimes": [
            {
              "time": "12:25",
              "format": "(數位)劇場版 鋼之鍊金術師 香巴拉的征服者 (普遍級)",
              "language": null,
              "auditorium": null,
              "booking_url": "https://www.vscinemas.com.tw/vsTicketing/ticketing/booking.aspx?cinemacode=25&txtSessionId=307830",
              "label": "12:25 (數位)劇場版 鋼之鍊金術師 香巴拉的征服者 (普遍級)"
            },
            {
              "time": "19:10",
              "format": "(數位)劇場版 鋼之鍊金術師 香巴拉的征服者 (普遍級)",
              "language": null,
              "auditorium": null,
              "booking_url": "https://www.vscinemas.com.tw/vsTicketing/ticketing/booking.aspx?cinemacode=25&txtSessionId=307833",
              "label": "19:10 (數位)劇場版 鋼之鍊金術師 香巴拉的征服者 (普遍級)"
            }
          ],
          "start_times": "12:25, 19:10"
        }
      },
      {
        "type": "Feature",
        "geometry": {
          "type": "Point",
          "coordinates": [
            120.233454974477,
            22.990581990681
          ]
        },
        "properties": {
          "location_id": 28,
          "chain_name": "威秀影城 / VIESHOW",
          "location_name": "台南南紡威秀影城",
          "map_name": "威秀影城 / VIESHOW 台南南紡威秀影城",
          "address": "台南市東區中華東路一段366號5樓",
          "city": "臺南市",
          "location_url": "https://www.vscinemas.com.tw/vsTicketing/ticketing/booking.aspx?cinemacode=17&txtSessionId=704330",
          "official_url": "https://www.vscinemas.com.tw/",
          "crawl_url": "https://www.vscinemas.com.tw/ShowTimes/",
          "movie_title": "劇場版 鋼之鍊金術師 香巴拉的征服者",
          "show_date": "2026-09-30",
          "showtime_count": 2,
          "showtimes": [
            {
              "time": "13:00",
              "format": "(數位)劇場版 鋼之鍊金術師 香巴拉的征服者 (普遍級)",
              "language": null,
              "auditorium": null,
              "booking_url": "https://www.vscinemas.com.tw/vsTicketing/ticketing/booking.aspx?cinemacode=17&txtSessionId=704330",
              "label": "13:00 (數位)劇場版 鋼之鍊金術師 香巴拉的征服者 (普遍級)"
            },
            {
              "time": "21:05",
              "format": "(數位)劇場版 鋼之鍊金術師 香巴拉的征服者 (普遍級)",
              "language": null,
              "auditorium": null,
              "booking_url": "https://www.vscinemas.com.tw/vsTicketing/ticketing/booking.aspx?cinemacode=17&txtSessionId=704334",
              "label": "21:05 (數位)劇場版 鋼之鍊金術師 香巴拉的征服者 (普遍級)"
            }
          ],
          "start_times": "13:00, 21:05"
        }
      },
      {
        "type": "Feature",
        "geometry": {
          "type": "Point",
          "coordinates": [
            121.5468264,
            24.9783596
          ]
        },
        "properties": {
          "location_id": 31,
          "chain_name": "威秀影城 / VIESHOW",
          "location_name": "新店裕隆城威秀影城",
          "map_name": "威秀影城 / VIESHOW 新店裕隆城威秀影城",
          "address": "新北市新店區中興路三段128號7樓",
          "city": "新北市",
          "location_url": "https://www.vscinemas.com.tw/vsTicketing/ticketing/booking.aspx?cinemacode=32&txtSessionId=165228",
          "official_url": "https://www.vscinemas.com.tw/",
          "crawl_url": "https://www.vscinemas.com.tw/ShowTimes/",
          "movie_title": "劇場版 鋼之鍊金術師 香巴拉的征服者",
          "show_date": "2026-09-30",
          "showtime_count": 2,
          "showtimes": [
            {
              "time": "15:30",
              "format": "(數位)劇場版 鋼之鍊金術師 香巴拉的征服者 (普遍級)",
              "language": null,
              "auditorium": null,
              "booking_url": "https://www.vscinemas.com.tw/vsTicketing/ticketing/booking.aspx?cinemacode=32&txtSessionId=165228",
              "label": "15:30 (數位)劇場版 鋼之鍊金術師 香巴拉的征服者 (普遍級)"
            },
            {
              "time": "21:10",
              "format": "(數位)劇場版 鋼之鍊金術師 香巴拉的征服者 (普遍級)",
              "language": null,
              "auditorium": null,
              "booking_url": "https://www.vscinemas.com.tw/vsTicketing/ticketing/booking.aspx?cinemacode=32&txtSessionId=165230",
              "label": "21:10 (數位)劇場版 鋼之鍊金術師 香巴拉的征服者 (普遍級)"
            }
          ],
          "start_times": "15:30, 21:10"
        }
      },
      {
        "type": "Feature",
        "geometry": {
          "type": "Point",
          "coordinates": [
            120.965210879671,
            24.802185606585
          ]
        },
        "properties": {
          "location_id": 32,
          "chain_name": "威秀影城 / VIESHOW",
          "location_name": "新竹大遠百威秀影城",
          "map_name": "威秀影城 / VIESHOW 新竹大遠百威秀影城",
          "address": "新竹市東區西大路323號8樓",
          "city": "新竹市",
          "location_url": "https://www.vscinemas.com.tw/vsTicketing/ticketing/booking.aspx?cinemacode=2&txtSessionId=1168838",
          "official_url": "https://www.vscinemas.com.tw/",
          "crawl_url": "https://www.vscinemas.com.tw/ShowTimes/",
          "movie_title": "劇場版 鋼之鍊金術師 香巴拉的征服者",
          "show_date": "2026-09-30",
          "showtime_count": 2,
          "showtimes": [
            {
              "time": "13:30",
              "format": "(數位)劇場版 鋼之鍊金術師 香巴拉的征服者 (普遍級)",
              "language": null,
              "auditorium": null,
              "booking_url": "https://www.vscinemas.com.tw/vsTicketing/ticketing/booking.aspx?cinemacode=2&txtSessionId=1168838",
              "label": "13:30 (數位)劇場版 鋼之鍊金術師 香巴拉的征服者 (普遍級)"
            },
            {
              "time": "21:25",
              "format": "(數位)劇場版 鋼之鍊金術師 香巴拉的征服者 (普遍級)",
              "language": null,
              "auditorium": null,
              "booking_url": "https://www.vscinemas.com.tw/vsTicketing/ticketing/booking.aspx?cinemacode=2&txtSessionId=1168836",
              "label": "21:25 (數位)劇場版 鋼之鍊金術師 香巴拉的征服者 (普遍級)"
            }
          ],
          "start_times": "13:30, 21:25"
        }
      },
      {
        "type": "Feature",
        "geometry": {
          "type": "Point",
          "coordinates": [
            121.363547165582,
            25.071241094298
          ]
        },
        "properties": {
          "location_id": 36,
          "chain_name": "威秀影城 / VIESHOW",
          "location_name": "林口MITSUI OUTLET PARK威秀影城",
          "map_name": "威秀影城 / VIESHOW 林口MITSUI OUTLET PARK威秀影城",
          "address": "新北市林口區文化三路一段356號3樓",
          "city": "新北市",
          "location_url": "https://www.vscinemas.com.tw/vsTicketing/ticketing/booking.aspx?cinemacode=19&txtSessionId=486962",
          "official_url": "https://www.vscinemas.com.tw/",
          "crawl_url": "https://www.vscinemas.com.tw/ShowTimes/",
          "movie_title": "劇場版 鋼之鍊金術師 香巴拉的征服者",
          "show_date": "2026-09-30",
          "showtime_count": 2,
          "showtimes": [
            {
              "time": "13:15",
              "format": "(數位)劇場版 鋼之鍊金術師 香巴拉的征服者 (普遍級)",
              "language": null,
              "auditorium": null,
              "booking_url": "https://www.vscinemas.com.tw/vsTicketing/ticketing/booking.aspx?cinemacode=19&txtSessionId=486962",
              "label": "13:15 (數位)劇場版 鋼之鍊金術師 香巴拉的征服者 (普遍級)"
            },
            {
              "time": "20:50",
              "format": "(數位)劇場版 鋼之鍊金術師 香巴拉的征服者 (普遍級)",
              "language": null,
              "auditorium": null,
              "booking_url": "https://www.vscinemas.com.tw/vsTicketing/ticketing/booking.aspx?cinemacode=19&txtSessionId=486965",
              "label": "20:50 (數位)劇場版 鋼之鍊金術師 香巴拉的征服者 (普遍級)"
            }
          ],
          "start_times": "13:15, 20:50"
        }
      },
      {
        "type": "Feature",
        "geometry": {
          "type": "Point",
          "coordinates": [
            121.312523000553,
            24.991112991698
          ]
        },
        "properties": {
          "location_id": 38,
          "chain_name": "威秀影城 / VIESHOW",
          "location_name": "桃園統領威秀影城",
          "map_name": "威秀影城 / VIESHOW 桃園統領威秀影城",
          "address": "桃園市桃園區中正路61號9樓",
          "city": "桃園市",
          "location_url": "https://www.vscinemas.com.tw/vsTicketing/ticketing/booking.aspx?cinemacode=20&txtSessionId=751913",
          "official_url": "https://www.vscinemas.com.tw/",
          "crawl_url": "https://www.vscinemas.com.tw/ShowTimes/",
          "movie_title": "劇場版 鋼之鍊金術師 香巴拉的征服者",
          "show_date": "2026-09-30",
          "showtime_count": 3,
          "showtimes": [
            {
              "time": "12:05",
              "format": "(數位)劇場版 鋼之鍊金術師 香巴拉的征服者 (普遍級)",
              "language": null,
              "auditorium": null,
              "booking_url": "https://www.vscinemas.com.tw/vsTicketing/ticketing/booking.aspx?cinemacode=20&txtSessionId=751913",
              "label": "12:05 (數位)劇場版 鋼之鍊金術師 香巴拉的征服者 (普遍級)"
            },
            {
              "time": "16:20",
              "format": "(數位)劇場版 鋼之鍊金術師 香巴拉的征服者 (普遍級)",
              "language": null,
              "auditorium": null,
              "booking_url": "https://www.vscinemas.com.tw/vsTicketing/ticketing/booking.aspx?cinemacode=20&txtSessionId=751915",
              "label": "16:20 (數位)劇場版 鋼之鍊金術師 香巴拉的征服者 (普遍級)"
            },
            {
              "time": "19:15",
              "format": "(數位)劇場版 鋼之鍊金術師 香巴拉的征服者 (普遍級)",
              "language": null,
              "auditorium": null,
              "booking_url": "https://www.vscinemas.com.tw/vsTicketing/ticketing/booking.aspx?cinemacode=20&txtSessionId=751911",
              "label": "19:15 (數位)劇場版 鋼之鍊金術師 香巴拉的征服者 (普遍級)"
            }
          ],
          "start_times": "12:05, 16:20, 19:15"
        }
      },
      {
        "type": "Feature",
        "geometry": {
          "type": "Point",
          "coordinates": [
            120.303548975058,
            22.613424008067
          ]
        },
        "properties": {
          "location_id": 41,
          "chain_name": "威秀影城 / VIESHOW",
          "location_name": "高雄大遠百威秀影城",
          "map_name": "威秀影城 / VIESHOW 高雄大遠百威秀影城",
          "address": "高雄市苓雅區三多四路21號13樓",
          "city": "高雄市",
          "location_url": "https://www.vscinemas.com.tw/vsTicketing/ticketing/booking.aspx?cinemacode=6&txtSessionId=1853268",
          "official_url": "https://www.vscinemas.com.tw/",
          "crawl_url": "https://www.vscinemas.com.tw/ShowTimes/",
          "movie_title": "劇場版 鋼之鍊金術師 香巴拉的征服者",
          "show_date": "2026-09-30",
          "showtime_count": 2,
          "showtimes": [
            {
              "time": "12:15",
              "format": "(數位)劇場版 鋼之鍊金術師 香巴拉的征服者 (普遍級)",
              "language": null,
              "auditorium": null,
              "booking_url": "https://www.vscinemas.com.tw/vsTicketing/ticketing/booking.aspx?cinemacode=6&txtSessionId=1853268",
              "label": "12:15 (數位)劇場版 鋼之鍊金術師 香巴拉的征服者 (普遍級)"
            },
            {
              "time": "19:15",
              "format": "(數位)劇場版 鋼之鍊金術師 香巴拉的征服者 (普遍級)",
              "language": null,
              "auditorium": null,
              "booking_url": "https://www.vscinemas.com.tw/vsTicketing/ticketing/booking.aspx?cinemacode=6&txtSessionId=1853258",
              "label": "19:15 (數位)劇場版 鋼之鍊金術師 香巴拉的征服者 (普遍級)"
            }
          ],
          "start_times": "12:15, 19:15"
        }
      },
      {
        "type": "Feature",
        "geometry": {
          "type": "Point",
          "coordinates": [
            121.751391823288,
            24.754464707689
          ]
        },
        "properties": {
          "location_id": 48,
          "chain_name": "新月豪華影城",
          "location_name": "宜蘭新月豪華影城",
          "map_name": "新月豪華影城 宜蘭新月豪華影城",
          "address": "宜蘭縣宜蘭市民權路二段38巷2號",
          "city": "宜蘭縣",
          "location_url": "https://www.lunacinemax.com.tw/time_schedule.aspx",
          "official_url": "https://www.lunacinemax.com.tw/",
          "crawl_url": "https://www.lunacinemax.com.tw/time_schedule.aspx",
          "movie_title": "劇場版 鋼之鍊金術師 香巴拉的征服者",
          "show_date": "2026-09-30",
          "showtime_count": 2,
          "showtimes": [
            {
              "time": "12:25",
              "format": "劇場版 鋼之鍊金術師 香巴拉的征服者",
              "language": null,
              "auditorium": "8廳",
              "booking_url": "https://www.lunacinemax.com.tw/time_schedule.aspx",
              "label": "12:25 劇場版 鋼之鍊金術師 香巴拉的征服者 / 8廳"
            },
            {
              "time": "16:55",
              "format": "劇場版 鋼之鍊金術師 香巴拉的征服者",
              "language": null,
              "auditorium": "8廳",
              "booking_url": "https://www.lunacinemax.com.tw/time_schedule.aspx",
              "label": "16:55 劇場版 鋼之鍊金術師 香巴拉的征服者 / 8廳"
            }
          ],
          "start_times": "12:25, 16:55"
        }
      },
      {
        "type": "Feature",
        "geometry": {
          "type": "Point",
          "coordinates": [
            121.536644362629,
            25.010805770294
          ]
        },
        "properties": {
          "location_id": 51,
          "chain_name": "百老匯影城",
          "location_name": "公館百老匯影城",
          "map_name": "百老匯影城 公館百老匯影城",
          "address": "台北市文山區羅斯福路四段200號",
          "city": "臺北市",
          "location_url": "https://www.broadway-cineplex.com.tw/book.html?obj=Taipei&v25080101",
          "official_url": "https://www.broadway-cineplex.com.tw/",
          "crawl_url": "https://www.broadway-cineplex.com.tw/Movie/GetMovieList/Taipei",
          "movie_title": "劇場版 鋼之鍊金術師 香巴拉的征服者",
          "show_date": "2026-09-30",
          "showtime_count": 2,
          "showtimes": [
            {
              "time": "16:00",
              "format": "數位/日語",
              "language": "日語",
              "auditorium": "7廳 4樓",
              "booking_url": "https://www.broadway-cineplex.com.tw/book.html?obj=Taipei&v25080101",
              "label": "16:00 數位/日語 / 7廳 4樓",
              "seat_preview_url": "https://www.broadway-cineplex.com.tw/quick-view.html?obj=Taipei,0000952,2026-09-30,16-00,0007"
            },
            {
              "time": "18:00",
              "format": "數位/日語",
              "language": "日語",
              "auditorium": "7廳 4樓",
              "booking_url": "https://www.broadway-cineplex.com.tw/book.html?obj=Taipei&v25080101",
              "label": "18:00 數位/日語 / 7廳 4樓",
              "seat_preview_url": "https://www.broadway-cineplex.com.tw/quick-view.html?obj=Taipei,0000952,2026-09-30,18-00,0007"
            }
          ],
          "start_times": "16:00, 18:00"
        }
      },
      {
        "type": "Feature",
        "geometry": {
          "type": "Point",
          "coordinates": [
            121.02123777733,
            24.809823168098
          ]
        },
        "properties": {
          "location_id": 52,
          "chain_name": "百老匯影城",
          "location_name": "竹北百老匯影城",
          "map_name": "百老匯影城 竹北百老匯影城",
          "address": "新竹縣竹北市自強南路36號3~5樓",
          "city": "新竹縣",
          "location_url": "https://www.broadway-cineplex.com.tw/book.html?obj=Zhubei&v25080101",
          "official_url": "https://www.broadway-cineplex.com.tw/",
          "crawl_url": "https://www.broadway-cineplex.com.tw/Movie/GetMovieList/Zhubei",
          "movie_title": "劇場版 鋼之鍊金術師 香巴拉的征服者",
          "show_date": "2026-09-30",
          "showtime_count": 3,
          "showtimes": [
            {
              "time": "12:45",
              "format": "數位/日語",
              "language": "日語",
              "auditorium": "9廳",
              "booking_url": "https://www.broadway-cineplex.com.tw/book.html?obj=Zhubei&v25080101",
              "label": "12:45 數位/日語 / 9廳",
              "seat_preview_url": "https://www.broadway-cineplex.com.tw/quick-view.html?obj=Zhubei,0000952,2026-09-30,12-45,0009"
            },
            {
              "time": "14:50",
              "format": "數位/日語",
              "language": "日語",
              "auditorium": "9廳",
              "booking_url": "https://www.broadway-cineplex.com.tw/book.html?obj=Zhubei&v25080101",
              "label": "14:50 數位/日語 / 9廳",
              "seat_preview_url": "https://www.broadway-cineplex.com.tw/quick-view.html?obj=Zhubei,0000952,2026-09-30,14-50,0009"
            },
            {
              "time": "19:10",
              "format": "數位/日語",
              "language": "日語",
              "auditorium": "9廳",
              "booking_url": "https://www.broadway-cineplex.com.tw/book.html?obj=Zhubei&v25080101",
              "label": "19:10 數位/日語 / 9廳",
              "seat_preview_url": "https://www.broadway-cineplex.com.tw/quick-view.html?obj=Zhubei,0000952,2026-09-30,19-10,0009"
            }
          ],
          "start_times": "12:45, 14:50, 19:10"
        }
      },
      {
        "type": "Feature",
        "geometry": {
          "type": "Point",
          "coordinates": [
            121.55751470000001,
            25.083348479857356
          ]
        },
        "properties": {
          "location_id": 79,
          "chain_name": "美麗華影城",
          "location_name": "美麗華影城",
          "map_name": "美麗華影城 美麗華影城",
          "address": "臺北市中山區金泰里敬業三路22號6樓",
          "city": "臺北市",
          "location_url": "https://www.miramarcinemas.tw/Booking/TicketType?id=dbd9dc32-daa7-469b-9e12-2ff792422927&session=437632",
          "official_url": "https://www.miramarcinemas.tw/",
          "crawl_url": "https://www.miramarcinemas.tw/timetable",
          "movie_title": "劇場版 鋼之鍊金術師 香巴拉的征服者",
          "show_date": "2026-09-30",
          "showtime_count": 2,
          "showtimes": [
            {
              "time": "11:00",
              "format": "日文(JPN)",
              "language": "日語",
              "auditorium": null,
              "booking_url": "https://www.miramarcinemas.tw/Booking/TicketType?id=dbd9dc32-daa7-469b-9e12-2ff792422927&session=437632",
              "label": "11:00 日文(JPN)"
            },
            {
              "time": "17:30",
              "format": "日文(JPN)",
              "language": "日語",
              "auditorium": null,
              "booking_url": "https://www.miramarcinemas.tw/Booking/TicketType?id=dbd9dc32-daa7-469b-9e12-2ff792422927&session=437633",
              "label": "17:30 日文(JPN)"
            }
          ],
          "start_times": "11:00, 17:30"
        }
      },
      {
        "type": "Feature",
        "geometry": {
          "type": "Point",
          "coordinates": [
            120.3253452,
            22.6319673
          ]
        },
        "properties": {
          "location_id": 72,
          "chain_name": "高雄環球影城",
          "location_name": "高雄環球影城",
          "map_name": "高雄環球影城 高雄環球影城",
          "address": "高雄市苓雅區大順三路108號",
          "city": "高雄市",
          "location_url": "https://www.u-movie.com.tw/cinema/page.php?page_type=now&ver=tw&portal=cinema",
          "official_url": "https://www.u-movie.com.tw/",
          "crawl_url": "https://www.u-movie.com.tw/cinema/page.php?page_type=now&ver=tw&portal=cinema",
          "movie_title": "劇場版 鋼之鍊金術師 香巴拉的征服者",
          "show_date": "2026-09-30",
          "showtime_count": 0,
          "showtimes": [],
          "start_times": "",
          "showtime_unavailable": true,
          "showtime_unavailable_reason": "官方時刻表暫時無法自動取得，請前往場次入口查看。"
        }
      }
    ],
    "劇場版 魔法少女小圓〈瓦爾普吉斯的迴天〉": [
      {
        "type": "Feature",
        "geometry": {
          "type": "Point",
          "coordinates": [
            120.638356972783,
            24.164220012801
          ]
        },
        "properties": {
          "location_id": 1,
          "chain_name": "MUVIE CINEMAS",
          "location_name": "MUVIE CINEMAS 台中TIGER CITY",
          "map_name": "MUVIE CINEMAS MUVIE CINEMAS 台中TIGER CITY",
          "address": "台中市西屯區河南路三段120-1號4樓",
          "city": "臺中市",
          "location_url": "https://www.vscinemas.com.tw/vsTicketing/ticketing/booking.aspx?cinemacode=3&txtSessionId=1022003",
          "official_url": "https://www.vscinemas.com.tw/",
          "crawl_url": "https://www.vscinemas.com.tw/ShowTimes/",
          "movie_title": "劇場版 魔法少女小圓〈瓦爾普吉斯的迴天〉",
          "show_date": "2026-09-30",
          "showtime_count": 2,
          "showtimes": [
            {
              "time": "11:00",
              "format": "(數位)劇場版 魔法少女小圓 〈瓦爾普吉斯的迴天〉 (普遍級)",
              "language": null,
              "auditorium": null,
              "booking_url": "https://www.vscinemas.com.tw/vsTicketing/ticketing/booking.aspx?cinemacode=3&txtSessionId=1022003",
              "label": "11:00 (數位)劇場版 魔法少女小圓 〈瓦爾普吉斯的迴天〉 (普遍級)"
            },
            {
              "time": "17:35",
              "format": "(數位)劇場版 魔法少女小圓 〈瓦爾普吉斯的迴天〉 (普遍級)",
              "language": null,
              "auditorium": null,
              "booking_url": "https://www.vscinemas.com.tw/vsTicketing/ticketing/booking.aspx?cinemacode=3&txtSessionId=1022005",
              "label": "17:35 (數位)劇場版 魔法少女小圓 〈瓦爾普吉斯的迴天〉 (普遍級)"
            }
          ],
          "start_times": "11:00, 17:35"
        }
      },
      {
        "type": "Feature",
        "geometry": {
          "type": "Point",
          "coordinates": [
            120.706113763482,
            24.25198528648
          ]
        },
        "properties": {
          "location_id": 5,
          "chain_name": "in89 豪華影城",
          "location_name": "台中豐原 in89豪華影城",
          "map_name": "in89 豪華影城 台中豐原 in89豪華影城",
          "address": "台中市豐原區成功路500號5樓",
          "city": "臺中市",
          "location_url": "https://www.in89cinemax.com/film_list.aspx?TheaterId=15",
          "official_url": "https://www.in89cinemax.com/",
          "crawl_url": "https://fengyuan.in89.com.tw/api/api_movie.php?method=getStagesByDate",
          "movie_title": "劇場版 魔法少女小圓〈瓦爾普吉斯的迴天〉",
          "show_date": "2026-09-30",
          "showtime_count": 1,
          "showtimes": [
            {
              "time": "16:50",
              "format": "07廳",
              "language": "日語",
              "auditorium": null,
              "booking_url": "https://www.in89cinemax.com/film_list.aspx?TheaterId=15",
              "label": "16:50 07廳"
            }
          ],
          "start_times": "16:50"
        }
      },
      {
        "type": "Feature",
        "geometry": {
          "type": "Point",
          "coordinates": [
            120.452734194907,
            23.476437792869
          ]
        },
        "properties": {
          "location_id": 6,
          "chain_name": "in89 豪華影城",
          "location_name": "嘉義影食匯 in89豪華影城",
          "map_name": "in89 豪華影城 嘉義影食匯 in89豪華影城",
          "address": "嘉義市東區民族路328號",
          "city": "嘉義市",
          "location_url": "https://www.in89cinemax.com/film_list.aspx?TheaterId=17",
          "official_url": "https://www.in89cinemax.com/",
          "crawl_url": "https://chiayi.in89.com.tw/api/api_movie.php?method=getStagesByDate",
          "movie_title": "劇場版 魔法少女小圓〈瓦爾普吉斯的迴天〉",
          "show_date": "2026-09-30",
          "showtime_count": 2,
          "showtimes": [
            {
              "time": "10:10",
              "format": "IMAX廳(5樓)",
              "language": "日語",
              "auditorium": null,
              "booking_url": "https://www.in89cinemax.com/film_list.aspx?TheaterId=17",
              "label": "10:10 IMAX廳(5樓)"
            },
            {
              "time": "18:40",
              "format": "BOOM廳(8樓)",
              "language": "日語",
              "auditorium": null,
              "booking_url": "https://www.in89cinemax.com/film_list.aspx?TheaterId=17",
              "label": "18:40 BOOM廳(8樓)"
            }
          ],
          "start_times": "10:10, 18:40"
        }
      },
      {
        "type": "Feature",
        "geometry": {
          "type": "Point",
          "coordinates": [
            121.299023610213,
            24.965043219256
          ]
        },
        "properties": {
          "location_id": 11,
          "chain_name": "國賓影城",
          "location_name": "八德置地國賓影城",
          "map_name": "國賓影城 八德置地國賓影城",
          "address": "桃園市八德區介壽路一段728號3樓",
          "city": "桃園市",
          "location_url": "https://www.ambassador.com.tw/home/Showtime?ID=8fda9934-73d4-4c14-b1c4-386c2b81045c&DT=2026/09/30",
          "official_url": "https://www.ambassador.com.tw/",
          "crawl_url": "https://www.ambassador.com.tw/home/Showtime?ID=8fda9934-73d4-4c14-b1c4-386c2b81045c&DT=2026/09/30",
          "movie_title": "劇場版 魔法少女小圓〈瓦爾普吉斯的迴天〉",
          "show_date": "2026-09-30",
          "showtime_count": 1,
          "showtimes": [
            {
              "time": "10:20",
              "format": "數位‧日文版",
              "language": "日語",
              "auditorium": "6廳 185席",
              "booking_url": "https://www.ambassador.com.tw/home/Showtime?ID=8fda9934-73d4-4c14-b1c4-386c2b81045c&DT=2026/09/30",
              "label": "10:20 數位‧日文版 / 6廳 185席"
            }
          ],
          "start_times": "10:20"
        }
      },
      {
        "type": "Feature",
        "geometry": {
          "type": "Point",
          "coordinates": [
            120.493406038961,
            22.673270000458
          ]
        },
        "properties": {
          "location_id": 14,
          "chain_name": "國賓影城",
          "location_name": "屏東環球國賓影城",
          "map_name": "國賓影城 屏東環球國賓影城",
          "address": "屏東縣屏東市仁愛路90號6樓",
          "city": "屏東縣",
          "location_url": "https://www.ambassador.com.tw/home/Showtime?ID=41aae717-4464-49f4-ac26-fec2d16acbd6&DT=2026/09/30",
          "official_url": "https://www.ambassador.com.tw/",
          "crawl_url": "https://www.ambassador.com.tw/home/Showtime?ID=41aae717-4464-49f4-ac26-fec2d16acbd6&DT=2026/09/30",
          "movie_title": "劇場版 魔法少女小圓〈瓦爾普吉斯的迴天〉",
          "show_date": "2026-09-30",
          "showtime_count": 1,
          "showtimes": [
            {
              "time": "18:30",
              "format": "數位‧日文版",
              "language": "日語",
              "auditorium": "4廳 163席",
              "booking_url": "https://www.ambassador.com.tw/home/Showtime?ID=41aae717-4464-49f4-ac26-fec2d16acbd6&DT=2026/09/30",
              "label": "18:30 數位‧日文版 / 4廳 163席"
            }
          ],
          "start_times": "18:30"
        }
      },
      {
        "type": "Feature",
        "geometry": {
          "type": "Point",
          "coordinates": [
            121.458702134648,
            25.06381770366
          ]
        },
        "properties": {
          "location_id": 15,
          "chain_name": "國賓影城",
          "location_name": "新莊晶冠國賓影城",
          "map_name": "國賓影城 新莊晶冠國賓影城",
          "address": "新北市新莊區五工路66號3、4樓",
          "city": "新北市",
          "location_url": "https://www.ambassador.com.tw/home/Showtime?ID=3301d822-b385-4aa8-a9eb-aa59d58e95c9&DT=2026/09/30",
          "official_url": "https://www.ambassador.com.tw/",
          "crawl_url": "https://www.ambassador.com.tw/home/Showtime?ID=3301d822-b385-4aa8-a9eb-aa59d58e95c9&DT=2026/09/30",
          "movie_title": "劇場版 魔法少女小圓〈瓦爾普吉斯的迴天〉",
          "show_date": "2026-09-30",
          "showtime_count": 1,
          "showtimes": [
            {
              "time": "14:40",
              "format": "數位‧日文版",
              "language": "日語",
              "auditorium": "1廳 58席",
              "booking_url": "https://www.ambassador.com.tw/home/Showtime?ID=3301d822-b385-4aa8-a9eb-aa59d58e95c9&DT=2026/09/30",
              "label": "14:40 數位‧日文版 / 1廳 58席"
            }
          ],
          "start_times": "14:40"
        }
      },
      {
        "type": "Feature",
        "geometry": {
          "type": "Point",
          "coordinates": [
            121.475688899623,
            25.006077203437
          ]
        },
        "properties": {
          "location_id": 20,
          "chain_name": "威秀影城 / VIESHOW",
          "location_name": "中和環球威秀影城",
          "map_name": "威秀影城 / VIESHOW 中和環球威秀影城",
          "address": "新北市中和區中山路三段122號4樓",
          "city": "新北市",
          "location_url": "https://www.vscinemas.com.tw/vsTicketing/ticketing/booking.aspx?cinemacode=30&txtSessionId=211794",
          "official_url": "https://www.vscinemas.com.tw/",
          "crawl_url": "https://www.vscinemas.com.tw/ShowTimes/",
          "movie_title": "劇場版 魔法少女小圓〈瓦爾普吉斯的迴天〉",
          "show_date": "2026-09-30",
          "showtime_count": 1,
          "showtimes": [
            {
              "time": "15:45",
              "format": "(數位)劇場版 魔法少女小圓 〈瓦爾普吉斯的迴天〉 (普遍級)",
              "language": null,
              "auditorium": null,
              "booking_url": "https://www.vscinemas.com.tw/vsTicketing/ticketing/booking.aspx?cinemacode=30&txtSessionId=211794",
              "label": "15:45 (數位)劇場版 魔法少女小圓 〈瓦爾普吉斯的迴天〉 (普遍級)"
            }
          ],
          "start_times": "15:45"
        }
      },
      {
        "type": "Feature",
        "geometry": {
          "type": "Point",
          "coordinates": [
            120.687673995592,
            24.135473018575
          ]
        },
        "properties": {
          "location_id": 21,
          "chain_name": "威秀影城 / VIESHOW",
          "location_name": "台中iFG 遠雄廣場威秀影城",
          "map_name": "威秀影城 / VIESHOW 台中iFG 遠雄廣場威秀影城",
          "address": "台中市東區復興路四段186號4樓",
          "city": "臺中市",
          "location_url": "https://www.vscinemas.com.tw/vsTicketing/ticketing/booking.aspx?cinemacode=31&txtSessionId=185925",
          "official_url": "https://www.vscinemas.com.tw/",
          "crawl_url": "https://www.vscinemas.com.tw/ShowTimes/",
          "movie_title": "劇場版 魔法少女小圓〈瓦爾普吉斯的迴天〉",
          "show_date": "2026-09-30",
          "showtime_count": 4,
          "showtimes": [
            {
              "time": "10:55",
              "format": "(數位)劇場版 魔法少女小圓 〈瓦爾普吉斯的迴天〉 (普遍級)",
              "language": null,
              "auditorium": null,
              "booking_url": "https://www.vscinemas.com.tw/vsTicketing/ticketing/booking.aspx?cinemacode=31&txtSessionId=185925",
              "label": "10:55 (數位)劇場版 魔法少女小圓 〈瓦爾普吉斯的迴天〉 (普遍級)"
            },
            {
              "time": "13:35",
              "format": "(數位)劇場版 魔法少女小圓 〈瓦爾普吉斯的迴天〉 (普遍級)",
              "language": null,
              "auditorium": null,
              "booking_url": "https://www.vscinemas.com.tw/vsTicketing/ticketing/booking.aspx?cinemacode=31&txtSessionId=185951",
              "label": "13:35 (數位)劇場版 魔法少女小圓 〈瓦爾普吉斯的迴天〉 (普遍級)"
            },
            {
              "time": "18:05",
              "format": "(數位)劇場版 魔法少女小圓 〈瓦爾普吉斯的迴天〉 (普遍級)",
              "language": null,
              "auditorium": null,
              "booking_url": "https://www.vscinemas.com.tw/vsTicketing/ticketing/booking.aspx?cinemacode=31&txtSessionId=185967",
              "label": "18:05 (數位)劇場版 魔法少女小圓 〈瓦爾普吉斯的迴天〉 (普遍級)"
            },
            {
              "time": "22:05",
              "format": "(數位)劇場版 魔法少女小圓 〈瓦爾普吉斯的迴天〉 (普遍級)",
              "language": null,
              "auditorium": null,
              "booking_url": "https://www.vscinemas.com.tw/vsTicketing/ticketing/booking.aspx?cinemacode=31&txtSessionId=185982",
              "label": "22:05 (數位)劇場版 魔法少女小圓 〈瓦爾普吉斯的迴天〉 (普遍級)"
            }
          ],
          "start_times": "10:55, 13:35, 18:05, 22:05"
        }
      },
      {
        "type": "Feature",
        "geometry": {
          "type": "Point",
          "coordinates": [
            120.64456938796,
            24.164671713563
          ]
        },
        "properties": {
          "location_id": 22,
          "chain_name": "威秀影城 / VIESHOW",
          "location_name": "台中大遠百威秀影城",
          "map_name": "威秀影城 / VIESHOW 台中大遠百威秀影城",
          "address": "台中市西屯區台灣大道三段251號13樓",
          "city": "臺中市",
          "location_url": "https://www.vscinemas.com.tw/vsTicketing/ticketing/booking.aspx?cinemacode=15&txtSessionId=551278",
          "official_url": "https://www.vscinemas.com.tw/",
          "crawl_url": "https://www.vscinemas.com.tw/ShowTimes/",
          "movie_title": "劇場版 魔法少女小圓〈瓦爾普吉斯的迴天〉",
          "show_date": "2026-09-30",
          "showtime_count": 1,
          "showtimes": [
            {
              "time": "11:00",
              "format": "(數位)劇場版 魔法少女小圓 〈瓦爾普吉斯的迴天〉 (普遍級)",
              "language": null,
              "auditorium": null,
              "booking_url": "https://www.vscinemas.com.tw/vsTicketing/ticketing/booking.aspx?cinemacode=15&txtSessionId=551278",
              "label": "11:00 (數位)劇場版 魔法少女小圓 〈瓦爾普吉斯的迴天〉 (普遍級)"
            }
          ],
          "start_times": "11:00"
        }
      },
      {
        "type": "Feature",
        "geometry": {
          "type": "Point",
          "coordinates": [
            121.5184321,
            25.0490792
          ]
        },
        "properties": {
          "location_id": 23,
          "chain_name": "威秀影城 / VIESHOW",
          "location_name": "台北京站威秀影城",
          "map_name": "威秀影城 / VIESHOW 台北京站威秀影城",
          "address": "台北市大同區市民大道一段209號5樓",
          "city": "臺北市",
          "location_url": "https://www.vscinemas.com.tw/ShowTimes/",
          "official_url": "https://www.vscinemas.com.tw/",
          "crawl_url": "https://www.vscinemas.com.tw/ShowTimes/",
          "movie_title": "劇場版 魔法少女小圓〈瓦爾普吉斯的迴天〉",
          "show_date": "2026-09-30",
          "showtime_count": 4,
          "showtimes": [
            {
              "time": "09:15",
              "format": "(數位)劇場版 魔法少女小圓 〈瓦爾普吉斯的迴天〉 (普遍級)",
              "language": null,
              "auditorium": null,
              "booking_url": "https://www.vscinemas.com.tw/ShowTimes/",
              "label": "09:15 (數位)劇場版 魔法少女小圓 〈瓦爾普吉斯的迴天〉 (普遍級)"
            },
            {
              "time": "14:40",
              "format": "(數位)劇場版 魔法少女小圓 〈瓦爾普吉斯的迴天〉 (普遍級)",
              "language": null,
              "auditorium": null,
              "booking_url": "https://www.vscinemas.com.tw/vsTicketing/ticketing/booking.aspx?cinemacode=12&txtSessionId=898547",
              "label": "14:40 (數位)劇場版 魔法少女小圓 〈瓦爾普吉斯的迴天〉 (普遍級)"
            },
            {
              "time": "18:20",
              "format": "(數位)劇場版 魔法少女小圓 〈瓦爾普吉斯的迴天〉 (普遍級)",
              "language": null,
              "auditorium": null,
              "booking_url": "https://www.vscinemas.com.tw/vsTicketing/ticketing/booking.aspx?cinemacode=12&txtSessionId=898567",
              "label": "18:20 (數位)劇場版 魔法少女小圓 〈瓦爾普吉斯的迴天〉 (普遍級)"
            },
            {
              "time": "22:45",
              "format": "(數位)劇場版 魔法少女小圓 〈瓦爾普吉斯的迴天〉 (普遍級)",
              "language": null,
              "auditorium": null,
              "booking_url": "https://www.vscinemas.com.tw/vsTicketing/ticketing/booking.aspx?cinemacode=12&txtSessionId=898584",
              "label": "22:45 (數位)劇場版 魔法少女小圓 〈瓦爾普吉斯的迴天〉 (普遍級)"
            }
          ],
          "start_times": "09:15, 14:40, 18:20, 22:45"
        }
      },
      {
        "type": "Feature",
        "geometry": {
          "type": "Point",
          "coordinates": [
            121.567405360549,
            25.035641139855
          ]
        },
        "properties": {
          "location_id": 24,
          "chain_name": "威秀影城 / VIESHOW",
          "location_name": "台北信義威秀影城",
          "map_name": "威秀影城 / VIESHOW 台北信義威秀影城",
          "address": "台北市信義區松壽路20號2樓",
          "city": "臺北市",
          "location_url": "https://www.vscinemas.com.tw/vsTicketing/ticketing/booking.aspx?cinemacode=1&txtSessionId=1879520",
          "official_url": "https://www.vscinemas.com.tw/",
          "crawl_url": "https://www.vscinemas.com.tw/ShowTimes/",
          "movie_title": "劇場版 魔法少女小圓〈瓦爾普吉斯的迴天〉",
          "show_date": "2026-09-30",
          "showtime_count": 3,
          "showtimes": [
            {
              "time": "13:20",
              "format": "(數位)劇場版 魔法少女小圓 〈瓦爾普吉斯的迴天〉 (普遍級)",
              "language": null,
              "auditorium": null,
              "booking_url": "https://www.vscinemas.com.tw/vsTicketing/ticketing/booking.aspx?cinemacode=1&txtSessionId=1879520",
              "label": "13:20 (數位)劇場版 魔法少女小圓 〈瓦爾普吉斯的迴天〉 (普遍級)"
            },
            {
              "time": "17:20",
              "format": "(數位)劇場版 魔法少女小圓 〈瓦爾普吉斯的迴天〉 (普遍級)",
              "language": null,
              "auditorium": null,
              "booking_url": "https://www.vscinemas.com.tw/vsTicketing/ticketing/booking.aspx?cinemacode=1&txtSessionId=1879550",
              "label": "17:20 (數位)劇場版 魔法少女小圓 〈瓦爾普吉斯的迴天〉 (普遍級)"
            },
            {
              "time": "21:00",
              "format": "(數位)劇場版 魔法少女小圓 〈瓦爾普吉斯的迴天〉 (普遍級)",
              "language": null,
              "auditorium": null,
              "booking_url": "https://www.vscinemas.com.tw/vsTicketing/ticketing/booking.aspx?cinemacode=1&txtSessionId=1879553",
              "label": "21:00 (數位)劇場版 魔法少女小圓 〈瓦爾普吉斯的迴天〉 (普遍級)"
            }
          ],
          "start_times": "13:20, 17:20, 21:00"
        }
      },
      {
        "type": "Feature",
        "geometry": {
          "type": "Point",
          "coordinates": [
            121.617582534262,
            25.059344952488
          ]
        },
        "properties": {
          "location_id": 25,
          "chain_name": "威秀影城 / VIESHOW",
          "location_name": "台北南港 LaLaport威秀影城",
          "map_name": "威秀影城 / VIESHOW 台北南港 LaLaport威秀影城",
          "address": "台北市南港區經貿二路131號5樓",
          "city": "臺北市",
          "location_url": "https://www.vscinemas.com.tw/vsTicketing/ticketing/booking.aspx?cinemacode=35&txtSessionId=147085",
          "official_url": "https://www.vscinemas.com.tw/",
          "crawl_url": "https://www.vscinemas.com.tw/ShowTimes/",
          "movie_title": "劇場版 魔法少女小圓〈瓦爾普吉斯的迴天〉",
          "show_date": "2026-09-30",
          "showtime_count": 5,
          "showtimes": [
            {
              "time": "11:00",
              "format": "(數位)劇場版 魔法少女小圓 〈瓦爾普吉斯的迴天〉 (普遍級)",
              "language": null,
              "auditorium": null,
              "booking_url": "https://www.vscinemas.com.tw/vsTicketing/ticketing/booking.aspx?cinemacode=35&txtSessionId=147085",
              "label": "11:00 (數位)劇場版 魔法少女小圓 〈瓦爾普吉斯的迴天〉 (普遍級)"
            },
            {
              "time": "13:20",
              "format": "(數位)劇場版 魔法少女小圓 〈瓦爾普吉斯的迴天〉 (普遍級)",
              "language": null,
              "auditorium": null,
              "booking_url": "https://www.vscinemas.com.tw/vsTicketing/ticketing/booking.aspx?cinemacode=35&txtSessionId=147086",
              "label": "13:20 (數位)劇場版 魔法少女小圓 〈瓦爾普吉斯的迴天〉 (普遍級)"
            },
            {
              "time": "15:40",
              "format": "(數位)劇場版 魔法少女小圓 〈瓦爾普吉斯的迴天〉 (普遍級)",
              "language": null,
              "auditorium": null,
              "booking_url": "https://www.vscinemas.com.tw/vsTicketing/ticketing/booking.aspx?cinemacode=35&txtSessionId=147087",
              "label": "15:40 (數位)劇場版 魔法少女小圓 〈瓦爾普吉斯的迴天〉 (普遍級)"
            },
            {
              "time": "20:20",
              "format": "(數位)劇場版 魔法少女小圓 〈瓦爾普吉斯的迴天〉 (普遍級)",
              "language": null,
              "auditorium": null,
              "booking_url": "https://www.vscinemas.com.tw/vsTicketing/ticketing/booking.aspx?cinemacode=35&txtSessionId=147089",
              "label": "20:20 (數位)劇場版 魔法少女小圓 〈瓦爾普吉斯的迴天〉 (普遍級)"
            },
            {
              "time": "22:40",
              "format": "(數位)劇場版 魔法少女小圓 〈瓦爾普吉斯的迴天〉 (普遍級)",
              "language": null,
              "auditorium": null,
              "booking_url": "https://www.vscinemas.com.tw/vsTicketing/ticketing/booking.aspx?cinemacode=35&txtSessionId=147090",
              "label": "22:40 (數位)劇場版 魔法少女小圓 〈瓦爾普吉斯的迴天〉 (普遍級)"
            }
          ],
          "start_times": "11:00, 13:20, 15:40, 20:20, 22:40"
        }
      },
      {
        "type": "Feature",
        "geometry": {
          "type": "Point",
          "coordinates": [
            121.507210471438,
            25.043930129634
          ]
        },
        "properties": {
          "location_id": 26,
          "chain_name": "威秀影城 / VIESHOW",
          "location_name": "台北西門威秀影城",
          "map_name": "威秀影城 / VIESHOW 台北西門威秀影城",
          "address": "台北市萬華區漢中街52號7樓",
          "city": "臺北市",
          "location_url": "https://www.vscinemas.com.tw/vsTicketing/ticketing/booking.aspx?cinemacode=34&txtSessionId=87950",
          "official_url": "https://www.vscinemas.com.tw/",
          "crawl_url": "https://www.vscinemas.com.tw/ShowTimes/",
          "movie_title": "劇場版 魔法少女小圓〈瓦爾普吉斯的迴天〉",
          "show_date": "2026-09-30",
          "showtime_count": 3,
          "showtimes": [
            {
              "time": "10:30",
              "format": "(數位)劇場版 魔法少女小圓 〈瓦爾普吉斯的迴天〉 (普遍級)",
              "language": null,
              "auditorium": null,
              "booking_url": "https://www.vscinemas.com.tw/vsTicketing/ticketing/booking.aspx?cinemacode=34&txtSessionId=87950",
              "label": "10:30 (數位)劇場版 魔法少女小圓 〈瓦爾普吉斯的迴天〉 (普遍級)"
            },
            {
              "time": "14:50",
              "format": "(數位)劇場版 魔法少女小圓 〈瓦爾普吉斯的迴天〉 (普遍級)",
              "language": null,
              "auditorium": null,
              "booking_url": "https://www.vscinemas.com.tw/vsTicketing/ticketing/booking.aspx?cinemacode=34&txtSessionId=87946",
              "label": "14:50 (數位)劇場版 魔法少女小圓 〈瓦爾普吉斯的迴天〉 (普遍級)"
            },
            {
              "time": "21:00",
              "format": "(數位)劇場版 魔法少女小圓 〈瓦爾普吉斯的迴天〉 (普遍級)",
              "language": null,
              "auditorium": null,
              "booking_url": "https://www.vscinemas.com.tw/vsTicketing/ticketing/booking.aspx?cinemacode=34&txtSessionId=87901",
              "label": "21:00 (數位)劇場版 魔法少女小圓 〈瓦爾普吉斯的迴天〉 (普遍級)"
            }
          ],
          "start_times": "10:30, 14:50, 21:00"
        }
      },
      {
        "type": "Feature",
        "geometry": {
          "type": "Point",
          "coordinates": [
            120.210166862332,
            22.995629908049
          ]
        },
        "properties": {
          "location_id": 27,
          "chain_name": "威秀影城 / VIESHOW",
          "location_name": "台南FOCUS威秀影城",
          "map_name": "威秀影城 / VIESHOW 台南FOCUS威秀影城",
          "address": "台南市中西區中山路166號11樓",
          "city": "臺南市",
          "location_url": "https://www.vscinemas.com.tw/vsTicketing/ticketing/booking.aspx?cinemacode=25&txtSessionId=307829",
          "official_url": "https://www.vscinemas.com.tw/",
          "crawl_url": "https://www.vscinemas.com.tw/ShowTimes/",
          "movie_title": "劇場版 魔法少女小圓〈瓦爾普吉斯的迴天〉",
          "show_date": "2026-09-30",
          "showtime_count": 3,
          "showtimes": [
            {
              "time": "10:05",
              "format": "(數位)劇場版 魔法少女小圓 〈瓦爾普吉斯的迴天〉 (普遍級)",
              "language": null,
              "auditorium": null,
              "booking_url": "https://www.vscinemas.com.tw/vsTicketing/ticketing/booking.aspx?cinemacode=25&txtSessionId=307829",
              "label": "10:05 (數位)劇場版 魔法少女小圓 〈瓦爾普吉斯的迴天〉 (普遍級)"
            },
            {
              "time": "14:30",
              "format": "(數位)劇場版 魔法少女小圓 〈瓦爾普吉斯的迴天〉 (普遍級)",
              "language": null,
              "auditorium": null,
              "booking_url": "https://www.vscinemas.com.tw/vsTicketing/ticketing/booking.aspx?cinemacode=25&txtSessionId=307831",
              "label": "14:30 (數位)劇場版 魔法少女小圓 〈瓦爾普吉斯的迴天〉 (普遍級)"
            },
            {
              "time": "16:50",
              "format": "(數位)劇場版 魔法少女小圓 〈瓦爾普吉斯的迴天〉 (普遍級)",
              "language": null,
              "auditorium": null,
              "booking_url": "https://www.vscinemas.com.tw/vsTicketing/ticketing/booking.aspx?cinemacode=25&txtSessionId=307832",
              "label": "16:50 (數位)劇場版 魔法少女小圓 〈瓦爾普吉斯的迴天〉 (普遍級)"
            }
          ],
          "start_times": "10:05, 14:30, 16:50"
        }
      },
      {
        "type": "Feature",
        "geometry": {
          "type": "Point",
          "coordinates": [
            120.233454974477,
            22.990581990681
          ]
        },
        "properties": {
          "location_id": 28,
          "chain_name": "威秀影城 / VIESHOW",
          "location_name": "台南南紡威秀影城",
          "map_name": "威秀影城 / VIESHOW 台南南紡威秀影城",
          "address": "台南市東區中華東路一段366號5樓",
          "city": "臺南市",
          "location_url": "https://www.vscinemas.com.tw/vsTicketing/ticketing/booking.aspx?cinemacode=17&txtSessionId=704289",
          "official_url": "https://www.vscinemas.com.tw/",
          "crawl_url": "https://www.vscinemas.com.tw/ShowTimes/",
          "movie_title": "劇場版 魔法少女小圓〈瓦爾普吉斯的迴天〉",
          "show_date": "2026-09-30",
          "showtime_count": 2,
          "showtimes": [
            {
              "time": "14:05",
              "format": "(數位)劇場版 魔法少女小圓 〈瓦爾普吉斯的迴天〉 (普遍級)",
              "language": null,
              "auditorium": null,
              "booking_url": "https://www.vscinemas.com.tw/vsTicketing/ticketing/booking.aspx?cinemacode=17&txtSessionId=704289",
              "label": "14:05 (數位)劇場版 魔法少女小圓 〈瓦爾普吉斯的迴天〉 (普遍級)"
            },
            {
              "time": "18:40",
              "format": "(數位)劇場版 魔法少女小圓 〈瓦爾普吉斯的迴天〉 (普遍級)",
              "language": null,
              "auditorium": null,
              "booking_url": "https://www.vscinemas.com.tw/vsTicketing/ticketing/booking.aspx?cinemacode=17&txtSessionId=704291",
              "label": "18:40 (數位)劇場版 魔法少女小圓 〈瓦爾普吉斯的迴天〉 (普遍級)"
            }
          ],
          "start_times": "14:05, 18:40"
        }
      },
      {
        "type": "Feature",
        "geometry": {
          "type": "Point",
          "coordinates": [
            120.205827131963,
            22.995358795391
          ]
        },
        "properties": {
          "location_id": 30,
          "chain_name": "威秀影城 / VIESHOW",
          "location_name": "台南大遠百威秀影城",
          "map_name": "威秀影城 / VIESHOW 台南大遠百威秀影城",
          "address": "台南市中西區公園路60號5樓",
          "city": "臺南市",
          "location_url": "https://www.vscinemas.com.tw/vsTicketing/ticketing/booking.aspx?cinemacode=5&txtSessionId=910133",
          "official_url": "https://www.vscinemas.com.tw/",
          "crawl_url": "https://www.vscinemas.com.tw/ShowTimes/",
          "movie_title": "劇場版 魔法少女小圓〈瓦爾普吉斯的迴天〉",
          "show_date": "2026-09-30",
          "showtime_count": 5,
          "showtimes": [
            {
              "time": "10:30",
              "format": "(數位)劇場版 魔法少女小圓 〈瓦爾普吉斯的迴天〉 (普遍級)",
              "language": null,
              "auditorium": null,
              "booking_url": "https://www.vscinemas.com.tw/vsTicketing/ticketing/booking.aspx?cinemacode=5&txtSessionId=910133",
              "label": "10:30 (數位)劇場版 魔法少女小圓 〈瓦爾普吉斯的迴天〉 (普遍級)"
            },
            {
              "time": "12:50",
              "format": "(數位)劇場版 魔法少女小圓 〈瓦爾普吉斯的迴天〉 (普遍級)",
              "language": null,
              "auditorium": null,
              "booking_url": "https://www.vscinemas.com.tw/vsTicketing/ticketing/booking.aspx?cinemacode=5&txtSessionId=910134",
              "label": "12:50 (數位)劇場版 魔法少女小圓 〈瓦爾普吉斯的迴天〉 (普遍級)"
            },
            {
              "time": "15:10",
              "format": "(數位)劇場版 魔法少女小圓 〈瓦爾普吉斯的迴天〉 (普遍級)",
              "language": null,
              "auditorium": null,
              "booking_url": "https://www.vscinemas.com.tw/vsTicketing/ticketing/booking.aspx?cinemacode=5&txtSessionId=910135",
              "label": "15:10 (數位)劇場版 魔法少女小圓 〈瓦爾普吉斯的迴天〉 (普遍級)"
            },
            {
              "time": "17:35",
              "format": "(數位)劇場版 魔法少女小圓 〈瓦爾普吉斯的迴天〉 (普遍級)",
              "language": null,
              "auditorium": null,
              "booking_url": "https://www.vscinemas.com.tw/vsTicketing/ticketing/booking.aspx?cinemacode=5&txtSessionId=910136",
              "label": "17:35 (數位)劇場版 魔法少女小圓 〈瓦爾普吉斯的迴天〉 (普遍級)"
            },
            {
              "time": "19:55",
              "format": "(數位)劇場版 魔法少女小圓 〈瓦爾普吉斯的迴天〉 (普遍級)",
              "language": null,
              "auditorium": null,
              "booking_url": "https://www.vscinemas.com.tw/vsTicketing/ticketing/booking.aspx?cinemacode=5&txtSessionId=910137",
              "label": "19:55 (數位)劇場版 魔法少女小圓 〈瓦爾普吉斯的迴天〉 (普遍級)"
            }
          ],
          "start_times": "10:30, 12:50, 15:10, 17:35, 19:55"
        }
      },
      {
        "type": "Feature",
        "geometry": {
          "type": "Point",
          "coordinates": [
            121.5468264,
            24.9783596
          ]
        },
        "properties": {
          "location_id": 31,
          "chain_name": "威秀影城 / VIESHOW",
          "location_name": "新店裕隆城威秀影城",
          "map_name": "威秀影城 / VIESHOW 新店裕隆城威秀影城",
          "address": "新北市新店區中興路三段128號7樓",
          "city": "新北市",
          "location_url": "https://www.vscinemas.com.tw/vsTicketing/ticketing/booking.aspx?cinemacode=32&txtSessionId=165187",
          "official_url": "https://www.vscinemas.com.tw/",
          "crawl_url": "https://www.vscinemas.com.tw/ShowTimes/",
          "movie_title": "劇場版 魔法少女小圓〈瓦爾普吉斯的迴天〉",
          "show_date": "2026-09-30",
          "showtime_count": 2,
          "showtimes": [
            {
              "time": "12:25",
              "format": "(數位)劇場版 魔法少女小圓 〈瓦爾普吉斯的迴天〉 (普遍級)",
              "language": null,
              "auditorium": null,
              "booking_url": "https://www.vscinemas.com.tw/vsTicketing/ticketing/booking.aspx?cinemacode=32&txtSessionId=165187",
              "label": "12:25 (數位)劇場版 魔法少女小圓 〈瓦爾普吉斯的迴天〉 (普遍級)"
            },
            {
              "time": "16:45",
              "format": "(數位)劇場版 魔法少女小圓 〈瓦爾普吉斯的迴天〉 (普遍級)",
              "language": null,
              "auditorium": null,
              "booking_url": "https://www.vscinemas.com.tw/vsTicketing/ticketing/booking.aspx?cinemacode=32&txtSessionId=165190",
              "label": "16:45 (數位)劇場版 魔法少女小圓 〈瓦爾普吉斯的迴天〉 (普遍級)"
            }
          ],
          "start_times": "12:25, 16:45"
        }
      },
      {
        "type": "Feature",
        "geometry": {
          "type": "Point",
          "coordinates": [
            120.965210879671,
            24.802185606585
          ]
        },
        "properties": {
          "location_id": 32,
          "chain_name": "威秀影城 / VIESHOW",
          "location_name": "新竹大遠百威秀影城",
          "map_name": "威秀影城 / VIESHOW 新竹大遠百威秀影城",
          "address": "新竹市東區西大路323號8樓",
          "city": "新竹市",
          "location_url": "https://www.vscinemas.com.tw/vsTicketing/ticketing/booking.aspx?cinemacode=2&txtSessionId=1168847",
          "official_url": "https://www.vscinemas.com.tw/",
          "crawl_url": "https://www.vscinemas.com.tw/ShowTimes/",
          "movie_title": "劇場版 魔法少女小圓〈瓦爾普吉斯的迴天〉",
          "show_date": "2026-09-30",
          "showtime_count": 2,
          "showtimes": [
            {
              "time": "13:15",
              "format": "(數位)劇場版 魔法少女小圓 〈瓦爾普吉斯的迴天〉 (普遍級)",
              "language": null,
              "auditorium": null,
              "booking_url": "https://www.vscinemas.com.tw/vsTicketing/ticketing/booking.aspx?cinemacode=2&txtSessionId=1168847",
              "label": "13:15 (數位)劇場版 魔法少女小圓 〈瓦爾普吉斯的迴天〉 (普遍級)"
            },
            {
              "time": "17:10",
              "format": "(數位)劇場版 魔法少女小圓 〈瓦爾普吉斯的迴天〉 (普遍級)",
              "language": null,
              "auditorium": null,
              "booking_url": "https://www.vscinemas.com.tw/vsTicketing/ticketing/booking.aspx?cinemacode=2&txtSessionId=1168824",
              "label": "17:10 (數位)劇場版 魔法少女小圓 〈瓦爾普吉斯的迴天〉 (普遍級)"
            }
          ],
          "start_times": "13:15, 17:10"
        }
      },
      {
        "type": "Feature",
        "geometry": {
          "type": "Point",
          "coordinates": [
            120.973836863867,
            24.810126998839
          ]
        },
        "properties": {
          "location_id": 34,
          "chain_name": "威秀影城 / VIESHOW",
          "location_name": "新竹巨城威秀影城",
          "map_name": "威秀影城 / VIESHOW 新竹巨城威秀影城",
          "address": "新竹市東區民權路176號4樓",
          "city": "新竹市",
          "location_url": "https://www.vscinemas.com.tw/ShowTimes/",
          "official_url": "https://www.vscinemas.com.tw/",
          "crawl_url": "https://www.vscinemas.com.tw/ShowTimes/",
          "movie_title": "劇場版 魔法少女小圓〈瓦爾普吉斯的迴天〉",
          "show_date": "2026-09-30",
          "showtime_count": 1,
          "showtimes": [
            {
              "time": "09:45",
              "format": "(數位)劇場版 魔法少女小圓 〈瓦爾普吉斯的迴天〉 (普遍級)",
              "language": null,
              "auditorium": null,
              "booking_url": "https://www.vscinemas.com.tw/ShowTimes/",
              "label": "09:45 (數位)劇場版 魔法少女小圓 〈瓦爾普吉斯的迴天〉 (普遍級)"
            }
          ],
          "start_times": "09:45"
        }
      },
      {
        "type": "Feature",
        "geometry": {
          "type": "Point",
          "coordinates": [
            121.4671367,
            25.0140276
          ]
        },
        "properties": {
          "location_id": 35,
          "chain_name": "威秀影城 / VIESHOW",
          "location_name": "板橋大遠百威秀影城",
          "map_name": "威秀影城 / VIESHOW 板橋大遠百威秀影城",
          "address": "新北市板橋區新站路28號10樓",
          "city": "新北市",
          "location_url": "https://www.vscinemas.com.tw/ShowTimes/",
          "official_url": "https://www.vscinemas.com.tw/",
          "crawl_url": "https://www.vscinemas.com.tw/ShowTimes/",
          "movie_title": "劇場版 魔法少女小圓〈瓦爾普吉斯的迴天〉",
          "show_date": "2026-09-30",
          "showtime_count": 4,
          "showtimes": [
            {
              "time": "10:00",
              "format": "(IMAX)劇場版 魔法少女小圓 〈瓦爾普吉斯的迴天〉 (普遍級)",
              "language": null,
              "auditorium": null,
              "booking_url": "https://www.vscinemas.com.tw/ShowTimes/",
              "label": "10:00 (IMAX)劇場版 魔法少女小圓 〈瓦爾普吉斯的迴天〉 (普遍級)"
            },
            {
              "time": "12:05",
              "format": "(數位)劇場版 魔法少女小圓 〈瓦爾普吉斯的迴天〉 (普遍級)",
              "language": null,
              "auditorium": null,
              "booking_url": "https://www.vscinemas.com.tw/vsTicketing/ticketing/booking.aspx?cinemacode=16&txtSessionId=761557",
              "label": "12:05 (數位)劇場版 魔法少女小圓 〈瓦爾普吉斯的迴天〉 (普遍級)"
            },
            {
              "time": "14:20",
              "format": "(數位)劇場版 魔法少女小圓 〈瓦爾普吉斯的迴天〉 (普遍級)",
              "language": null,
              "auditorium": null,
              "booking_url": "https://www.vscinemas.com.tw/vsTicketing/ticketing/booking.aspx?cinemacode=16&txtSessionId=761529",
              "label": "14:20 (數位)劇場版 魔法少女小圓 〈瓦爾普吉斯的迴天〉 (普遍級)"
            },
            {
              "time": "20:55",
              "format": "(數位)劇場版 魔法少女小圓 〈瓦爾普吉斯的迴天〉 (普遍級)",
              "language": null,
              "auditorium": null,
              "booking_url": "https://www.vscinemas.com.tw/vsTicketing/ticketing/booking.aspx?cinemacode=16&txtSessionId=761532",
              "label": "20:55 (數位)劇場版 魔法少女小圓 〈瓦爾普吉斯的迴天〉 (普遍級)"
            }
          ],
          "start_times": "10:00, 12:05, 14:20, 20:55"
        }
      },
      {
        "type": "Feature",
        "geometry": {
          "type": "Point",
          "coordinates": [
            121.363547165582,
            25.071241094298
          ]
        },
        "properties": {
          "location_id": 36,
          "chain_name": "威秀影城 / VIESHOW",
          "location_name": "林口MITSUI OUTLET PARK威秀影城",
          "map_name": "威秀影城 / VIESHOW 林口MITSUI OUTLET PARK威秀影城",
          "address": "新北市林口區文化三路一段356號3樓",
          "city": "新北市",
          "location_url": "https://www.vscinemas.com.tw/vsTicketing/ticketing/booking.aspx?cinemacode=19&txtSessionId=486975",
          "official_url": "https://www.vscinemas.com.tw/",
          "crawl_url": "https://www.vscinemas.com.tw/ShowTimes/",
          "movie_title": "劇場版 魔法少女小圓〈瓦爾普吉斯的迴天〉",
          "show_date": "2026-09-30",
          "showtime_count": 2,
          "showtimes": [
            {
              "time": "11:35",
              "format": "(數位)劇場版 魔法少女小圓 〈瓦爾普吉斯的迴天〉 (普遍級)",
              "language": null,
              "auditorium": null,
              "booking_url": "https://www.vscinemas.com.tw/vsTicketing/ticketing/booking.aspx?cinemacode=19&txtSessionId=486975",
              "label": "11:35 (數位)劇場版 魔法少女小圓 〈瓦爾普吉斯的迴天〉 (普遍級)"
            },
            {
              "time": "21:10",
              "format": "(數位)劇場版 魔法少女小圓 〈瓦爾普吉斯的迴天〉 (普遍級)",
              "language": null,
              "auditorium": null,
              "booking_url": "https://www.vscinemas.com.tw/vsTicketing/ticketing/booking.aspx?cinemacode=19&txtSessionId=486997",
              "label": "21:10 (數位)劇場版 魔法少女小圓 〈瓦爾普吉斯的迴天〉 (普遍級)"
            }
          ],
          "start_times": "11:35, 21:10"
        }
      },
      {
        "type": "Feature",
        "geometry": {
          "type": "Point",
          "coordinates": [
            121.300237045248,
            25.018843340565
          ]
        },
        "properties": {
          "location_id": 37,
          "chain_name": "威秀影城 / VIESHOW",
          "location_name": "桃園桃知道威秀影城",
          "map_name": "威秀影城 / VIESHOW 桃園桃知道威秀影城",
          "address": "桃園市桃園區南平路301號4樓",
          "city": "桃園市",
          "location_url": "https://www.vscinemas.com.tw/vsTicketing/ticketing/booking.aspx?cinemacode=33&txtSessionId=32001",
          "official_url": "https://www.vscinemas.com.tw/",
          "crawl_url": "https://www.vscinemas.com.tw/ShowTimes/",
          "movie_title": "劇場版 魔法少女小圓〈瓦爾普吉斯的迴天〉",
          "show_date": "2026-09-30",
          "showtime_count": 1,
          "showtimes": [
            {
              "time": "11:00",
              "format": "(數位)劇場版 魔法少女小圓 〈瓦爾普吉斯的迴天〉 (普遍級)",
              "language": null,
              "auditorium": null,
              "booking_url": "https://www.vscinemas.com.tw/vsTicketing/ticketing/booking.aspx?cinemacode=33&txtSessionId=32001",
              "label": "11:00 (數位)劇場版 魔法少女小圓 〈瓦爾普吉斯的迴天〉 (普遍級)"
            }
          ],
          "start_times": "11:00"
        }
      },
      {
        "type": "Feature",
        "geometry": {
          "type": "Point",
          "coordinates": [
            121.312523000553,
            24.991112991698
          ]
        },
        "properties": {
          "location_id": 38,
          "chain_name": "威秀影城 / VIESHOW",
          "location_name": "桃園統領威秀影城",
          "map_name": "威秀影城 / VIESHOW 桃園統領威秀影城",
          "address": "桃園市桃園區中正路61號9樓",
          "city": "桃園市",
          "location_url": "https://www.vscinemas.com.tw/vsTicketing/ticketing/booking.aspx?cinemacode=20&txtSessionId=751870",
          "official_url": "https://www.vscinemas.com.tw/",
          "crawl_url": "https://www.vscinemas.com.tw/ShowTimes/",
          "movie_title": "劇場版 魔法少女小圓〈瓦爾普吉斯的迴天〉",
          "show_date": "2026-09-30",
          "showtime_count": 4,
          "showtimes": [
            {
              "time": "11:45",
              "format": "(數位)劇場版 魔法少女小圓 〈瓦爾普吉斯的迴天〉 (普遍級)",
              "language": null,
              "auditorium": null,
              "booking_url": "https://www.vscinemas.com.tw/vsTicketing/ticketing/booking.aspx?cinemacode=20&txtSessionId=751870",
              "label": "11:45 (數位)劇場版 魔法少女小圓 〈瓦爾普吉斯的迴天〉 (普遍級)"
            },
            {
              "time": "15:40",
              "format": "(數位)劇場版 魔法少女小圓 〈瓦爾普吉斯的迴天〉 (普遍級)",
              "language": null,
              "auditorium": null,
              "booking_url": "https://www.vscinemas.com.tw/vsTicketing/ticketing/booking.aspx?cinemacode=20&txtSessionId=751954",
              "label": "15:40 (數位)劇場版 魔法少女小圓 〈瓦爾普吉斯的迴天〉 (普遍級)"
            },
            {
              "time": "18:00",
              "format": "(數位)劇場版 魔法少女小圓 〈瓦爾普吉斯的迴天〉 (普遍級)",
              "language": null,
              "auditorium": null,
              "booking_url": "https://www.vscinemas.com.tw/vsTicketing/ticketing/booking.aspx?cinemacode=20&txtSessionId=751955",
              "label": "18:00 (數位)劇場版 魔法少女小圓 〈瓦爾普吉斯的迴天〉 (普遍級)"
            },
            {
              "time": "22:00",
              "format": "(數位)劇場版 魔法少女小圓 〈瓦爾普吉斯的迴天〉 (普遍級)",
              "language": null,
              "auditorium": null,
              "booking_url": "https://www.vscinemas.com.tw/vsTicketing/ticketing/booking.aspx?cinemacode=20&txtSessionId=751951",
              "label": "22:00 (數位)劇場版 魔法少女小圓 〈瓦爾普吉斯的迴天〉 (普遍級)"
            }
          ],
          "start_times": "11:45, 15:40, 18:00, 22:00"
        }
      },
      {
        "type": "Feature",
        "geometry": {
          "type": "Point",
          "coordinates": [
            121.594678077023,
            23.940428728193
          ]
        },
        "properties": {
          "location_id": 39,
          "chain_name": "威秀影城 / VIESHOW",
          "location_name": "花蓮新天堂樂園威秀影城",
          "map_name": "威秀影城 / VIESHOW 花蓮新天堂樂園威秀影城",
          "address": "花蓮縣吉安鄉南濱路一段503號3樓",
          "city": "花蓮縣",
          "location_url": "https://www.vscinemas.com.tw/vsTicketing/ticketing/booking.aspx?cinemacode=22&txtSessionId=214273",
          "official_url": "https://www.vscinemas.com.tw/",
          "crawl_url": "https://www.vscinemas.com.tw/ShowTimes/",
          "movie_title": "劇場版 魔法少女小圓〈瓦爾普吉斯的迴天〉",
          "show_date": "2026-09-30",
          "showtime_count": 1,
          "showtimes": [
            {
              "time": "12:10",
              "format": "(數位)劇場版 魔法少女小圓 〈瓦爾普吉斯的迴天〉 (普遍級)",
              "language": null,
              "auditorium": null,
              "booking_url": "https://www.vscinemas.com.tw/vsTicketing/ticketing/booking.aspx?cinemacode=22&txtSessionId=214273",
              "label": "12:10 (數位)劇場版 魔法少女小圓 〈瓦爾普吉斯的迴天〉 (普遍級)"
            }
          ],
          "start_times": "12:10"
        }
      },
      {
        "type": "Feature",
        "geometry": {
          "type": "Point",
          "coordinates": [
            120.9044778187,
            24.689649677472
          ]
        },
        "properties": {
          "location_id": 40,
          "chain_name": "威秀影城 / VIESHOW",
          "location_name": "頭份尚順威秀影城",
          "map_name": "威秀影城 / VIESHOW 頭份尚順威秀影城",
          "address": "苗栗縣頭份市中央路105號7樓",
          "city": "苗栗縣",
          "location_url": "https://www.vscinemas.com.tw/vsTicketing/ticketing/booking.aspx?cinemacode=18&txtSessionId=385067",
          "official_url": "https://www.vscinemas.com.tw/",
          "crawl_url": "https://www.vscinemas.com.tw/ShowTimes/",
          "movie_title": "劇場版 魔法少女小圓〈瓦爾普吉斯的迴天〉",
          "show_date": "2026-09-30",
          "showtime_count": 1,
          "showtimes": [
            {
              "time": "17:00",
              "format": "(數位)劇場版 魔法少女小圓 〈瓦爾普吉斯的迴天〉 (普遍級)",
              "language": null,
              "auditorium": null,
              "booking_url": "https://www.vscinemas.com.tw/vsTicketing/ticketing/booking.aspx?cinemacode=18&txtSessionId=385067",
              "label": "17:00 (數位)劇場版 魔法少女小圓 〈瓦爾普吉斯的迴天〉 (普遍級)"
            }
          ],
          "start_times": "17:00"
        }
      },
      {
        "type": "Feature",
        "geometry": {
          "type": "Point",
          "coordinates": [
            120.303548975058,
            22.613424008067
          ]
        },
        "properties": {
          "location_id": 41,
          "chain_name": "威秀影城 / VIESHOW",
          "location_name": "高雄大遠百威秀影城",
          "map_name": "威秀影城 / VIESHOW 高雄大遠百威秀影城",
          "address": "高雄市苓雅區三多四路21號13樓",
          "city": "高雄市",
          "location_url": "https://www.vscinemas.com.tw/vsTicketing/ticketing/booking.aspx?cinemacode=6&txtSessionId=1853261",
          "official_url": "https://www.vscinemas.com.tw/",
          "crawl_url": "https://www.vscinemas.com.tw/ShowTimes/",
          "movie_title": "劇場版 魔法少女小圓〈瓦爾普吉斯的迴天〉",
          "show_date": "2026-09-30",
          "showtime_count": 4,
          "showtimes": [
            {
              "time": "10:00",
              "format": "(數位)劇場版 魔法少女小圓 〈瓦爾普吉斯的迴天〉 (普遍級)",
              "language": null,
              "auditorium": null,
              "booking_url": "https://www.vscinemas.com.tw/vsTicketing/ticketing/booking.aspx?cinemacode=6&txtSessionId=1853261",
              "label": "10:00 (數位)劇場版 魔法少女小圓 〈瓦爾普吉斯的迴天〉 (普遍級)"
            },
            {
              "time": "13:20",
              "format": "(數位)劇場版 魔法少女小圓 〈瓦爾普吉斯的迴天〉 (普遍級)",
              "language": null,
              "auditorium": null,
              "booking_url": "https://www.vscinemas.com.tw/vsTicketing/ticketing/booking.aspx?cinemacode=6&txtSessionId=1853249",
              "label": "13:20 (數位)劇場版 魔法少女小圓 〈瓦爾普吉斯的迴天〉 (普遍級)"
            },
            {
              "time": "16:10",
              "format": "(數位)劇場版 魔法少女小圓 〈瓦爾普吉斯的迴天〉 (普遍級)",
              "language": null,
              "auditorium": null,
              "booking_url": "https://www.vscinemas.com.tw/vsTicketing/ticketing/booking.aspx?cinemacode=6&txtSessionId=1853250",
              "label": "16:10 (數位)劇場版 魔法少女小圓 〈瓦爾普吉斯的迴天〉 (普遍級)"
            },
            {
              "time": "21:25",
              "format": "(數位)劇場版 魔法少女小圓 〈瓦爾普吉斯的迴天〉 (普遍級)",
              "language": null,
              "auditorium": null,
              "booking_url": "https://www.vscinemas.com.tw/vsTicketing/ticketing/booking.aspx?cinemacode=6&txtSessionId=1853238",
              "label": "21:25 (數位)劇場版 魔法少女小圓 〈瓦爾普吉斯的迴天〉 (普遍級)"
            }
          ],
          "start_times": "10:00, 13:20, 16:10, 21:25"
        }
      },
      {
        "type": "Feature",
        "geometry": {
          "type": "Point",
          "coordinates": [
            120.64371,
            24.16526
          ]
        },
        "properties": {
          "location_id": 43,
          "chain_name": "新光影城",
          "location_name": "新光影城台中中港",
          "map_name": "新光影城 新光影城台中中港",
          "address": "台中市西屯區臺灣大道三段301號14樓（新光三越台中中港店）",
          "city": "臺中市",
          "location_url": "https://www.skcinemas.com/films?c=1003",
          "official_url": "https://www.skcinemas.com/",
          "crawl_url": "https://www.atmovies.com.tw/showtime/t04401/a04/",
          "movie_title": "劇場版 魔法少女小圓〈瓦爾普吉斯的迴天〉",
          "show_date": "2026-09-30",
          "showtime_count": 1,
          "showtimes": [
            {
              "time": "17:35",
              "format": "日語版",
              "language": "日語",
              "auditorium": null,
              "booking_url": "https://www.skcinemas.com/films?c=1003",
              "label": "17:35 日語版"
            }
          ],
          "start_times": "17:35"
        }
      },
      {
        "type": "Feature",
        "geometry": {
          "type": "Point",
          "coordinates": [
            121.02123777733,
            24.809823168098
          ]
        },
        "properties": {
          "location_id": 52,
          "chain_name": "百老匯影城",
          "location_name": "竹北百老匯影城",
          "map_name": "百老匯影城 竹北百老匯影城",
          "address": "新竹縣竹北市自強南路36號3~5樓",
          "city": "新竹縣",
          "location_url": "https://www.broadway-cineplex.com.tw/book.html?obj=Zhubei&v25080101",
          "official_url": "https://www.broadway-cineplex.com.tw/",
          "crawl_url": "https://www.broadway-cineplex.com.tw/Movie/GetMovieList/Zhubei",
          "movie_title": "劇場版 魔法少女小圓〈瓦爾普吉斯的迴天〉",
          "show_date": "2026-09-30",
          "showtime_count": 1,
          "showtimes": [
            {
              "time": "17:00",
              "format": "數位/日語",
              "language": "日語",
              "auditorium": "11廳",
              "booking_url": "https://www.broadway-cineplex.com.tw/book.html?obj=Zhubei&v25080101",
              "label": "17:00 數位/日語 / 11廳",
              "seat_preview_url": "https://www.broadway-cineplex.com.tw/quick-view.html?obj=Zhubei,0000941,2026-09-30,17-00,0011"
            }
          ],
          "start_times": "17:00"
        }
      },
      {
        "type": "Feature",
        "geometry": {
          "type": "Point",
          "coordinates": [
            121.55751470000001,
            25.083348479857356
          ]
        },
        "properties": {
          "location_id": 79,
          "chain_name": "美麗華影城",
          "location_name": "美麗華影城",
          "map_name": "美麗華影城 美麗華影城",
          "address": "臺北市中山區金泰里敬業三路22號6樓",
          "city": "臺北市",
          "location_url": "https://www.miramarcinemas.tw/Booking/TicketType?id=f712ea38-98ec-4a09-9d4d-4228e9e1e03d&session=437650",
          "official_url": "https://www.miramarcinemas.tw/",
          "crawl_url": "https://www.miramarcinemas.tw/timetable",
          "movie_title": "劇場版 魔法少女小圓〈瓦爾普吉斯的迴天〉",
          "show_date": "2026-09-30",
          "showtime_count": 1,
          "showtimes": [
            {
              "time": "11:20",
              "format": "日文(JPN)",
              "language": "日語",
              "auditorium": null,
              "booking_url": "https://www.miramarcinemas.tw/Booking/TicketType?id=f712ea38-98ec-4a09-9d4d-4228e9e1e03d&session=437650",
              "label": "11:20 日文(JPN)"
            }
          ],
          "start_times": "11:20"
        }
      },
      {
        "type": "Feature",
        "geometry": {
          "type": "Point",
          "coordinates": [
            120.6921689,
            24.1603157
          ]
        },
        "properties": {
          "location_id": 70,
          "chain_name": "親親影城 / 親親戲院",
          "location_name": "親親影城",
          "map_name": "親親影城 / 親親戲院 親親影城",
          "address": "台中市北區北屯路14號",
          "city": "臺中市",
          "location_url": "https://www.ccmovie.com.tw/product.php?_path=product_showtimes",
          "official_url": "https://www.ccmovie.com.tw/",
          "crawl_url": "https://www.ccmovie.com.tw/product.php?_path=product_showtimes",
          "movie_title": "劇場版 魔法少女小圓〈瓦爾普吉斯的迴天〉",
          "show_date": "2026-09-30",
          "showtime_count": 1,
          "showtimes": [
            {
              "time": "12:40",
              "format": "2D-日語",
              "language": "日語",
              "auditorium": null,
              "booking_url": "https://www.ccmovie.com.tw/product.php?_path=product_showtimes",
              "label": "12:40 2D-日語"
            }
          ],
          "start_times": "12:40"
        }
      },
      {
        "type": "Feature",
        "geometry": {
          "type": "Point",
          "coordinates": [
            120.3253452,
            22.6319673
          ]
        },
        "properties": {
          "location_id": 72,
          "chain_name": "高雄環球影城",
          "location_name": "高雄環球影城",
          "map_name": "高雄環球影城 高雄環球影城",
          "address": "高雄市苓雅區大順三路108號",
          "city": "高雄市",
          "location_url": "https://www.u-movie.com.tw/cinema/page.php?page_type=now&ver=tw&portal=cinema",
          "official_url": "https://www.u-movie.com.tw/",
          "crawl_url": "https://www.u-movie.com.tw/cinema/page.php?page_type=now&ver=tw&portal=cinema",
          "movie_title": "劇場版 魔法少女小圓〈瓦爾普吉斯的迴天〉",
          "show_date": "2026-09-30",
          "showtime_count": 0,
          "showtimes": [],
          "start_times": "",
          "showtime_unavailable": true,
          "showtime_unavailable_reason": "官方時刻表暫時無法自動取得，請前往場次入口查看。"
        }
      }
    ],
    "名偵探柯南 高速公路的墮天使": [
      {
        "type": "Feature",
        "geometry": {
          "type": "Point",
          "coordinates": [
            120.210166862332,
            22.995629908049
          ]
        },
        "properties": {
          "location_id": 27,
          "chain_name": "威秀影城 / VIESHOW",
          "location_name": "台南FOCUS威秀影城",
          "map_name": "威秀影城 / VIESHOW 台南FOCUS威秀影城",
          "address": "台南市中西區中山路166號11樓",
          "city": "臺南市",
          "location_url": "https://www.vscinemas.com.tw/vsTicketing/ticketing/booking.aspx?cinemacode=25&txtSessionId=307790",
          "official_url": "https://www.vscinemas.com.tw/",
          "crawl_url": "https://www.vscinemas.com.tw/ShowTimes/",
          "movie_title": "名偵探柯南 高速公路的墮天使",
          "show_date": "2026-09-30",
          "showtime_count": 1,
          "showtimes": [
            {
              "time": "15:50",
              "format": "(數位 日)名偵探柯南 高速公路的墮天使 (普遍級)",
              "language": null,
              "auditorium": null,
              "booking_url": "https://www.vscinemas.com.tw/vsTicketing/ticketing/booking.aspx?cinemacode=25&txtSessionId=307790",
              "label": "15:50 (數位 日)名偵探柯南 高速公路的墮天使 (普遍級)"
            }
          ],
          "start_times": "15:50"
        }
      },
      {
        "type": "Feature",
        "geometry": {
          "type": "Point",
          "coordinates": [
            120.3253452,
            22.6319673
          ]
        },
        "properties": {
          "location_id": 72,
          "chain_name": "高雄環球影城",
          "location_name": "高雄環球影城",
          "map_name": "高雄環球影城 高雄環球影城",
          "address": "高雄市苓雅區大順三路108號",
          "city": "高雄市",
          "location_url": "https://www.u-movie.com.tw/cinema/page.php?page_type=now&ver=tw&portal=cinema",
          "official_url": "https://www.u-movie.com.tw/",
          "crawl_url": "https://www.u-movie.com.tw/cinema/page.php?page_type=now&ver=tw&portal=cinema",
          "movie_title": "名偵探柯南 高速公路的墮天使",
          "show_date": "2026-09-30",
          "showtime_count": 0,
          "showtimes": [],
          "start_times": "",
          "showtime_unavailable": true,
          "showtime_unavailable_reason": "官方時刻表暫時無法自動取得，請前往場次入口查看。"
        }
      }
    ],
    "攻殼機動隊(1995) 4K 數位修復版": [
      {
        "type": "Feature",
        "geometry": {
          "type": "Point",
          "coordinates": [
            120.30209,
            22.609271
          ]
        },
        "properties": {
          "location_id": 88,
          "chain_name": "喜樂時代影城",
          "location_name": "喜樂時代影城高雄總圖店",
          "map_name": "喜樂時代影城 喜樂時代影城高雄總圖店",
          "address": "高雄市前鎮區林森四路189號",
          "city": "高雄市",
          "location_url": "https://ticket.centuryasia.com.tw/Kaohsiung/buyticket_process.aspx?ProgramID=0001932&Progsubid=DIGJAPNOTA00&platform=Century&roomid=0013&siteid=Kaohsiung&sernum=1&date=2026-09-30 13:00&eventsn=52&computerid=138120&IsOMW=False&backetplfo=0001932",
          "official_url": "https://www.centuryasia.com.tw/",
          "crawl_url": "https://ksml.centuryasia.com.tw/ticket_online.aspx?page=1",
          "movie_title": "攻殼機動隊(1995) 4K 數位修復版",
          "show_date": "2026-09-30",
          "showtime_count": 1,
          "showtimes": [
            {
              "time": "13:00",
              "format": "數位日語",
              "language": "日語",
              "auditorium": "十三廳",
              "booking_url": "https://ticket.centuryasia.com.tw/Kaohsiung/buyticket_process.aspx?ProgramID=0001932&Progsubid=DIGJAPNOTA00&platform=Century&roomid=0013&siteid=Kaohsiung&sernum=1&date=2026-09-30 13:00&eventsn=52&computerid=138120&IsOMW=False&backetplfo=0001932",
              "label": "13:00 數位日語 / 十三廳",
              "seat_preview_url": "https://ticket.centuryasia.com.tw/Kaohsiung/buyticket_process.aspx?ProgramID=0001932&Progsubid=DIGJAPNOTA00&platform=Century&roomid=0013&siteid=Kaohsiung&sernum=1&date=2026-09-30 13:00&eventsn=52&computerid=138120&IsOMW=False&backetplfo=0001932"
            }
          ],
          "start_times": "13:00"
        }
      },
      {
        "type": "Feature",
        "geometry": {
          "type": "Point",
          "coordinates": [
            120.210166862332,
            22.995629908049
          ]
        },
        "properties": {
          "location_id": 27,
          "chain_name": "威秀影城 / VIESHOW",
          "location_name": "台南FOCUS威秀影城",
          "map_name": "威秀影城 / VIESHOW 台南FOCUS威秀影城",
          "address": "台南市中西區中山路166號11樓",
          "city": "臺南市",
          "location_url": "https://www.vscinemas.com.tw/vsTicketing/ticketing/booking.aspx?cinemacode=25&txtSessionId=307864",
          "official_url": "https://www.vscinemas.com.tw/",
          "crawl_url": "https://www.vscinemas.com.tw/ShowTimes/",
          "movie_title": "攻殼機動隊(1995) 4K 數位修復版",
          "show_date": "2026-09-30",
          "showtime_count": 1,
          "showtimes": [
            {
              "time": "14:45",
              "format": "(數位)攻殼機動隊(1995) 4K 數位修復版 (保護級)",
              "language": null,
              "auditorium": null,
              "booking_url": "https://www.vscinemas.com.tw/vsTicketing/ticketing/booking.aspx?cinemacode=25&txtSessionId=307864",
              "label": "14:45 (數位)攻殼機動隊(1995) 4K 數位修復版 (保護級)"
            }
          ],
          "start_times": "14:45"
        }
      },
      {
        "type": "Feature",
        "geometry": {
          "type": "Point",
          "coordinates": [
            120.3253452,
            22.6319673
          ]
        },
        "properties": {
          "location_id": 72,
          "chain_name": "高雄環球影城",
          "location_name": "高雄環球影城",
          "map_name": "高雄環球影城 高雄環球影城",
          "address": "高雄市苓雅區大順三路108號",
          "city": "高雄市",
          "location_url": "https://www.u-movie.com.tw/cinema/page.php?page_type=now&ver=tw&portal=cinema",
          "official_url": "https://www.u-movie.com.tw/",
          "crawl_url": "https://www.u-movie.com.tw/cinema/page.php?page_type=now&ver=tw&portal=cinema",
          "movie_title": "攻殼機動隊(1995) 4K 數位修復版",
          "show_date": "2026-09-30",
          "showtime_count": 0,
          "showtimes": [],
          "start_times": "",
          "showtime_unavailable": true,
          "showtime_unavailable_reason": "官方時刻表暫時無法自動取得，請前往場次入口查看。"
        }
      }
    ],
    "最終樂章 吹響吧！上低音號 前篇": [
      {
        "type": "Feature",
        "geometry": {
          "type": "Point",
          "coordinates": [
            120.30209,
            22.609271
          ]
        },
        "properties": {
          "location_id": 88,
          "chain_name": "喜樂時代影城",
          "location_name": "喜樂時代影城高雄總圖店",
          "map_name": "喜樂時代影城 喜樂時代影城高雄總圖店",
          "address": "高雄市前鎮區林森四路189號",
          "city": "高雄市",
          "location_url": "https://ticket.centuryasia.com.tw/Kaohsiung/buyticket_process.aspx?ProgramID=0001933&Progsubid=DIGJAPNOTA00&platform=Century&roomid=0007&siteid=Kaohsiung&sernum=1&date=2026-09-30 10:30&eventsn=47&computerid=138116&IsOMW=False&backetplfo=0001933",
          "official_url": "https://www.centuryasia.com.tw/",
          "crawl_url": "https://ksml.centuryasia.com.tw/ticket_online.aspx?page=1",
          "movie_title": "最終樂章 吹響吧！上低音號 前篇",
          "show_date": "2026-09-30",
          "showtime_count": 1,
          "showtimes": [
            {
              "time": "10:30",
              "format": "數位日語",
              "language": "日語",
              "auditorium": "七廳",
              "booking_url": "https://ticket.centuryasia.com.tw/Kaohsiung/buyticket_process.aspx?ProgramID=0001933&Progsubid=DIGJAPNOTA00&platform=Century&roomid=0007&siteid=Kaohsiung&sernum=1&date=2026-09-30 10:30&eventsn=47&computerid=138116&IsOMW=False&backetplfo=0001933",
              "label": "10:30 數位日語 / 七廳",
              "seat_preview_url": "https://ticket.centuryasia.com.tw/Kaohsiung/buyticket_process.aspx?ProgramID=0001933&Progsubid=DIGJAPNOTA00&platform=Century&roomid=0007&siteid=Kaohsiung&sernum=1&date=2026-09-30 10:30&eventsn=47&computerid=138116&IsOMW=False&backetplfo=0001933"
            }
          ],
          "start_times": "10:30"
        }
      },
      {
        "type": "Feature",
        "geometry": {
          "type": "Point",
          "coordinates": [
            121.617582534262,
            25.059344952488
          ]
        },
        "properties": {
          "location_id": 25,
          "chain_name": "威秀影城 / VIESHOW",
          "location_name": "台北南港 LaLaport威秀影城",
          "map_name": "威秀影城 / VIESHOW 台北南港 LaLaport威秀影城",
          "address": "台北市南港區經貿二路131號5樓",
          "city": "臺北市",
          "location_url": "https://www.vscinemas.com.tw/vsTicketing/ticketing/booking.aspx?cinemacode=35&txtSessionId=147169",
          "official_url": "https://www.vscinemas.com.tw/",
          "crawl_url": "https://www.vscinemas.com.tw/ShowTimes/",
          "movie_title": "最終樂章 吹響吧！上低音號 前篇",
          "show_date": "2026-09-30",
          "showtime_count": 1,
          "showtimes": [
            {
              "time": "12:40",
              "format": "(數位)最終樂章 吹響吧!上低音號 前篇 (普遍級)",
              "language": null,
              "auditorium": null,
              "booking_url": "https://www.vscinemas.com.tw/vsTicketing/ticketing/booking.aspx?cinemacode=35&txtSessionId=147169",
              "label": "12:40 (數位)最終樂章 吹響吧!上低音號 前篇 (普遍級)"
            }
          ],
          "start_times": "12:40"
        }
      },
      {
        "type": "Feature",
        "geometry": {
          "type": "Point",
          "coordinates": [
            120.210166862332,
            22.995629908049
          ]
        },
        "properties": {
          "location_id": 27,
          "chain_name": "威秀影城 / VIESHOW",
          "location_name": "台南FOCUS威秀影城",
          "map_name": "威秀影城 / VIESHOW 台南FOCUS威秀影城",
          "address": "台南市中西區中山路166號11樓",
          "city": "臺南市",
          "location_url": "https://www.vscinemas.com.tw/vsTicketing/ticketing/booking.aspx?cinemacode=25&txtSessionId=307795",
          "official_url": "https://www.vscinemas.com.tw/",
          "crawl_url": "https://www.vscinemas.com.tw/ShowTimes/",
          "movie_title": "最終樂章 吹響吧！上低音號 前篇",
          "show_date": "2026-09-30",
          "showtime_count": 1,
          "showtimes": [
            {
              "time": "12:25",
              "format": "(數位)最終樂章 吹響吧!上低音號 前篇 (普遍級)",
              "language": null,
              "auditorium": null,
              "booking_url": "https://www.vscinemas.com.tw/vsTicketing/ticketing/booking.aspx?cinemacode=25&txtSessionId=307795",
              "label": "12:25 (數位)最終樂章 吹響吧!上低音號 前篇 (普遍級)"
            }
          ],
          "start_times": "12:25"
        }
      },
      {
        "type": "Feature",
        "geometry": {
          "type": "Point",
          "coordinates": [
            121.50474,
            25.04473
          ]
        },
        "properties": {
          "location_id": 89,
          "chain_name": "樂聲影城",
          "location_name": "樂聲影城",
          "map_name": "樂聲影城 樂聲影城",
          "address": "台北市萬華區武昌街二段85號",
          "city": "臺北市",
          "location_url": "https://www.luxcinema.com.tw/web/2020-movie_item.php?film_id=3452",
          "official_url": null,
          "crawl_url": "https://www.luxcinema.com.tw/web/2020.php?type=ShowTimes",
          "movie_title": "最終樂章 吹響吧！上低音號 前篇",
          "show_date": "2026-09-30",
          "showtime_count": 2,
          "showtimes": [
            {
              "time": "09:20",
              "format": "最終樂章 吹響吧！上低音號 前篇",
              "language": null,
              "auditorium": null,
              "booking_url": "https://www.luxcinema.com.tw/web/2020-movie_item.php?film_id=3452",
              "label": "09:20 最終樂章 吹響吧！上低音號 前篇"
            },
            {
              "time": "13:30",
              "format": "最終樂章 吹響吧！上低音號 前篇",
              "language": null,
              "auditorium": null,
              "booking_url": "https://www.luxcinema.com.tw/web/2020-movie_item.php?film_id=3452",
              "label": "13:30 最終樂章 吹響吧！上低音號 前篇"
            }
          ],
          "start_times": "09:20, 13:30"
        }
      },
      {
        "type": "Feature",
        "geometry": {
          "type": "Point",
          "coordinates": [
            120.3253452,
            22.6319673
          ]
        },
        "properties": {
          "location_id": 72,
          "chain_name": "高雄環球影城",
          "location_name": "高雄環球影城",
          "map_name": "高雄環球影城 高雄環球影城",
          "address": "高雄市苓雅區大順三路108號",
          "city": "高雄市",
          "location_url": "https://www.u-movie.com.tw/cinema/page.php?page_type=now&ver=tw&portal=cinema",
          "official_url": "https://www.u-movie.com.tw/",
          "crawl_url": "https://www.u-movie.com.tw/cinema/page.php?page_type=now&ver=tw&portal=cinema",
          "movie_title": "最終樂章 吹響吧！上低音號 前篇",
          "show_date": "2026-09-30",
          "showtime_count": 0,
          "showtimes": [],
          "start_times": "",
          "showtime_unavailable": true,
          "showtime_unavailable_reason": "官方時刻表暫時無法自動取得，請前往場次入口查看。"
        }
      }
    ],
    "航海王劇場版：死亡盡頭大冒險": [
      {
        "type": "Feature",
        "geometry": {
          "type": "Point",
          "coordinates": [
            120.205827131963,
            22.995358795391
          ]
        },
        "properties": {
          "location_id": 30,
          "chain_name": "威秀影城 / VIESHOW",
          "location_name": "台南大遠百威秀影城",
          "map_name": "威秀影城 / VIESHOW 台南大遠百威秀影城",
          "address": "台南市中西區公園路60號5樓",
          "city": "臺南市",
          "location_url": "https://www.vscinemas.com.tw/vsTicketing/ticketing/booking.aspx?cinemacode=5&txtSessionId=910124",
          "official_url": "https://www.vscinemas.com.tw/",
          "crawl_url": "https://www.vscinemas.com.tw/ShowTimes/",
          "movie_title": "航海王劇場版：死亡盡頭大冒險",
          "show_date": "2026-09-30",
          "showtime_count": 1,
          "showtimes": [
            {
              "time": "16:55",
              "format": "(數位)航海王劇場版：死亡盡頭大冒險 (保護級)",
              "language": null,
              "auditorium": null,
              "booking_url": "https://www.vscinemas.com.tw/vsTicketing/ticketing/booking.aspx?cinemacode=5&txtSessionId=910124",
              "label": "16:55 (數位)航海王劇場版：死亡盡頭大冒險 (保護級)"
            }
          ],
          "start_times": "16:55"
        }
      },
      {
        "type": "Feature",
        "geometry": {
          "type": "Point",
          "coordinates": [
            120.965210879671,
            24.802185606585
          ]
        },
        "properties": {
          "location_id": 32,
          "chain_name": "威秀影城 / VIESHOW",
          "location_name": "新竹大遠百威秀影城",
          "map_name": "威秀影城 / VIESHOW 新竹大遠百威秀影城",
          "address": "新竹市東區西大路323號8樓",
          "city": "新竹市",
          "location_url": "https://www.vscinemas.com.tw/vsTicketing/ticketing/booking.aspx?cinemacode=2&txtSessionId=1168984",
          "official_url": "https://www.vscinemas.com.tw/",
          "crawl_url": "https://www.vscinemas.com.tw/ShowTimes/",
          "movie_title": "航海王劇場版：死亡盡頭大冒險",
          "show_date": "2026-09-30",
          "showtime_count": 1,
          "showtimes": [
            {
              "time": "15:15",
              "format": "(數位)航海王劇場版：死亡盡頭大冒險 (保護級)",
              "language": null,
              "auditorium": null,
              "booking_url": "https://www.vscinemas.com.tw/vsTicketing/ticketing/booking.aspx?cinemacode=2&txtSessionId=1168984",
              "label": "15:15 (數位)航海王劇場版：死亡盡頭大冒險 (保護級)"
            }
          ],
          "start_times": "15:15"
        }
      },
      {
        "type": "Feature",
        "geometry": {
          "type": "Point",
          "coordinates": [
            121.312523000553,
            24.991112991698
          ]
        },
        "properties": {
          "location_id": 38,
          "chain_name": "威秀影城 / VIESHOW",
          "location_name": "桃園統領威秀影城",
          "map_name": "威秀影城 / VIESHOW 桃園統領威秀影城",
          "address": "桃園市桃園區中正路61號9樓",
          "city": "桃園市",
          "location_url": "https://www.vscinemas.com.tw/vsTicketing/ticketing/booking.aspx?cinemacode=20&txtSessionId=751927",
          "official_url": "https://www.vscinemas.com.tw/",
          "crawl_url": "https://www.vscinemas.com.tw/ShowTimes/",
          "movie_title": "航海王劇場版：死亡盡頭大冒險",
          "show_date": "2026-09-30",
          "showtime_count": 1,
          "showtimes": [
            {
              "time": "11:50",
              "format": "(數位)航海王劇場版：死亡盡頭大冒險 (保護級)",
              "language": null,
              "auditorium": null,
              "booking_url": "https://www.vscinemas.com.tw/vsTicketing/ticketing/booking.aspx?cinemacode=20&txtSessionId=751927",
              "label": "11:50 (數位)航海王劇場版：死亡盡頭大冒險 (保護級)"
            }
          ],
          "start_times": "11:50"
        }
      },
      {
        "type": "Feature",
        "geometry": {
          "type": "Point",
          "coordinates": [
            120.3253452,
            22.6319673
          ]
        },
        "properties": {
          "location_id": 72,
          "chain_name": "高雄環球影城",
          "location_name": "高雄環球影城",
          "map_name": "高雄環球影城 高雄環球影城",
          "address": "高雄市苓雅區大順三路108號",
          "city": "高雄市",
          "location_url": "https://www.u-movie.com.tw/cinema/page.php?page_type=now&ver=tw&portal=cinema",
          "official_url": "https://www.u-movie.com.tw/",
          "crawl_url": "https://www.u-movie.com.tw/cinema/page.php?page_type=now&ver=tw&portal=cinema",
          "movie_title": "航海王劇場版：死亡盡頭大冒險",
          "show_date": "2026-09-30",
          "showtime_count": 0,
          "showtimes": [],
          "start_times": "",
          "showtime_unavailable": true,
          "showtime_unavailable_reason": "官方時刻表暫時無法自動取得，請前往場次入口查看。"
        }
      }
    ],
    "超時空甩尾 經典重映": [
      {
        "type": "Feature",
        "geometry": {
          "type": "Point",
          "coordinates": [
            120.210166862332,
            22.995629908049
          ]
        },
        "properties": {
          "location_id": 27,
          "chain_name": "威秀影城 / VIESHOW",
          "location_name": "台南FOCUS威秀影城",
          "map_name": "威秀影城 / VIESHOW 台南FOCUS威秀影城",
          "address": "台南市中西區中山路166號11樓",
          "city": "臺南市",
          "location_url": "https://www.vscinemas.com.tw/vsTicketing/ticketing/booking.aspx?cinemacode=25&txtSessionId=307819",
          "official_url": "https://www.vscinemas.com.tw/",
          "crawl_url": "https://www.vscinemas.com.tw/ShowTimes/",
          "movie_title": "超時空甩尾 經典重映",
          "show_date": "2026-09-30",
          "showtime_count": 1,
          "showtimes": [
            {
              "time": "15:55",
              "format": "(數位)超時空甩尾 經典重映 (保護級)",
              "language": null,
              "auditorium": null,
              "booking_url": "https://www.vscinemas.com.tw/vsTicketing/ticketing/booking.aspx?cinemacode=25&txtSessionId=307819",
              "label": "15:55 (數位)超時空甩尾 經典重映 (保護級)"
            }
          ],
          "start_times": "15:55"
        }
      },
      {
        "type": "Feature",
        "geometry": {
          "type": "Point",
          "coordinates": [
            120.3253452,
            22.6319673
          ]
        },
        "properties": {
          "location_id": 72,
          "chain_name": "高雄環球影城",
          "location_name": "高雄環球影城",
          "map_name": "高雄環球影城 高雄環球影城",
          "address": "高雄市苓雅區大順三路108號",
          "city": "高雄市",
          "location_url": "https://www.u-movie.com.tw/cinema/page.php?page_type=now&ver=tw&portal=cinema",
          "official_url": "https://www.u-movie.com.tw/",
          "crawl_url": "https://www.u-movie.com.tw/cinema/page.php?page_type=now&ver=tw&portal=cinema",
          "movie_title": "超時空甩尾 經典重映",
          "show_date": "2026-09-30",
          "showtime_count": 0,
          "showtimes": [],
          "start_times": "",
          "showtime_unavailable": true,
          "showtime_unavailable_reason": "官方時刻表暫時無法自動取得，請前往場次入口查看。"
        }
      }
    ],
    "電影哆啦A夢：新．大雄的海底鬼岩城": [
      {
        "type": "Feature",
        "geometry": {
          "type": "Point",
          "coordinates": [
            121.475688899623,
            25.006077203437
          ]
        },
        "properties": {
          "location_id": 20,
          "chain_name": "威秀影城 / VIESHOW",
          "location_name": "中和環球威秀影城",
          "map_name": "威秀影城 / VIESHOW 中和環球威秀影城",
          "address": "新北市中和區中山路三段122號4樓",
          "city": "新北市",
          "location_url": "https://www.vscinemas.com.tw/vsTicketing/ticketing/booking.aspx?cinemacode=30&txtSessionId=211792",
          "official_url": "https://www.vscinemas.com.tw/",
          "crawl_url": "https://www.vscinemas.com.tw/ShowTimes/",
          "movie_title": "電影哆啦A夢：新．大雄的海底鬼岩城",
          "show_date": "2026-09-30",
          "showtime_count": 1,
          "showtimes": [
            {
              "time": "11:25",
              "format": "(數位 國)電影哆啦A夢：新．大雄的海底鬼岩城 (普遍級)",
              "language": null,
              "auditorium": null,
              "booking_url": "https://www.vscinemas.com.tw/vsTicketing/ticketing/booking.aspx?cinemacode=30&txtSessionId=211792",
              "label": "11:25 (數位 國)電影哆啦A夢：新．大雄的海底鬼岩城 (普遍級)"
            }
          ],
          "start_times": "11:25"
        }
      },
      {
        "type": "Feature",
        "geometry": {
          "type": "Point",
          "coordinates": [
            120.3253452,
            22.6319673
          ]
        },
        "properties": {
          "location_id": 72,
          "chain_name": "高雄環球影城",
          "location_name": "高雄環球影城",
          "map_name": "高雄環球影城 高雄環球影城",
          "address": "高雄市苓雅區大順三路108號",
          "city": "高雄市",
          "location_url": "https://www.u-movie.com.tw/cinema/page.php?page_type=now&ver=tw&portal=cinema",
          "official_url": "https://www.u-movie.com.tw/",
          "crawl_url": "https://www.u-movie.com.tw/cinema/page.php?page_type=now&ver=tw&portal=cinema",
          "movie_title": "電影哆啦A夢：新．大雄的海底鬼岩城",
          "show_date": "2026-09-30",
          "showtime_count": 0,
          "showtimes": [],
          "start_times": "",
          "showtime_unavailable": true,
          "showtime_unavailable_reason": "官方時刻表暫時無法自動取得，請前往場次入口查看。"
        }
      }
    ],
    "電影蠟筆小新：奇奇怪怪！我的妖怪假期": [
      {
        "type": "Feature",
        "geometry": {
          "type": "Point",
          "coordinates": [
            120.706113763482,
            24.25198528648
          ]
        },
        "properties": {
          "location_id": 5,
          "chain_name": "in89 豪華影城",
          "location_name": "台中豐原 in89豪華影城",
          "map_name": "in89 豪華影城 台中豐原 in89豪華影城",
          "address": "台中市豐原區成功路500號5樓",
          "city": "臺中市",
          "location_url": "https://www.in89cinemax.com/film_list.aspx?TheaterId=15",
          "official_url": "https://www.in89cinemax.com/",
          "crawl_url": "https://fengyuan.in89.com.tw/api/api_movie.php?method=getStagesByDate",
          "movie_title": "電影蠟筆小新：奇奇怪怪！我的妖怪假期",
          "show_date": "2026-09-30",
          "showtime_count": 1,
          "showtimes": [
            {
              "time": "11:30",
              "format": "02廳",
              "language": "國語",
              "auditorium": null,
              "booking_url": "https://www.in89cinemax.com/film_list.aspx?TheaterId=15",
              "label": "11:30 02廳"
            }
          ],
          "start_times": "11:30"
        }
      },
      {
        "type": "Feature",
        "geometry": {
          "type": "Point",
          "coordinates": [
            121.507646,
            25.007836
          ]
        },
        "properties": {
          "location_id": 87,
          "chain_name": "喜樂時代影城",
          "location_name": "喜樂時代影城永和店",
          "map_name": "喜樂時代影城 喜樂時代影城永和店",
          "address": "新北市永和區中山路一段238號",
          "city": "新北市",
          "location_url": "https://ticket.centuryasia.com.tw/beyond/buyticket_process.aspx?ProgramID=0000190&Progsubid=DIGCHTCHTA00&platform=Century&roomid=0010&siteid=Beyond&sernum=1&date=2026-09-30 13:20&eventsn=170&computerid=518334&IsOMW=False&backetplfo=0000190",
          "official_url": "https://www.centuryasia.com.tw/",
          "crawl_url": "https://beyond.centuryasia.com.tw/ticket_online.aspx?page=1",
          "movie_title": "電影蠟筆小新：奇奇怪怪！我的妖怪假期",
          "show_date": "2026-09-30",
          "showtime_count": 1,
          "showtimes": [
            {
              "time": "13:20",
              "format": "數位國語",
              "language": "國語",
              "auditorium": "10廳",
              "booking_url": "https://ticket.centuryasia.com.tw/beyond/buyticket_process.aspx?ProgramID=0000190&Progsubid=DIGCHTCHTA00&platform=Century&roomid=0010&siteid=Beyond&sernum=1&date=2026-09-30 13:20&eventsn=170&computerid=518334&IsOMW=False&backetplfo=0000190",
              "label": "13:20 數位國語 / 10廳",
              "seat_preview_url": "https://ticket.centuryasia.com.tw/beyond/buyticket_process.aspx?ProgramID=0000190&Progsubid=DIGCHTCHTA00&platform=Century&roomid=0010&siteid=Beyond&sernum=1&date=2026-09-30 13:20&eventsn=170&computerid=518334&IsOMW=False&backetplfo=0000190"
            }
          ],
          "start_times": "13:20"
        }
      },
      {
        "type": "Feature",
        "geometry": {
          "type": "Point",
          "coordinates": [
            120.493406038961,
            22.673270000458
          ]
        },
        "properties": {
          "location_id": 14,
          "chain_name": "國賓影城",
          "location_name": "屏東環球國賓影城",
          "map_name": "國賓影城 屏東環球國賓影城",
          "address": "屏東縣屏東市仁愛路90號6樓",
          "city": "屏東縣",
          "location_url": "https://www.ambassador.com.tw/home/Showtime?ID=41aae717-4464-49f4-ac26-fec2d16acbd6&DT=2026/09/30",
          "official_url": "https://www.ambassador.com.tw/",
          "crawl_url": "https://www.ambassador.com.tw/home/Showtime?ID=41aae717-4464-49f4-ac26-fec2d16acbd6&DT=2026/09/30",
          "movie_title": "電影蠟筆小新：奇奇怪怪！我的妖怪假期",
          "show_date": "2026-09-30",
          "showtime_count": 1,
          "showtimes": [
            {
              "time": "11:40",
              "format": "數位‧中文版",
              "language": "國語",
              "auditorium": "3廳 217席",
              "booking_url": "https://www.ambassador.com.tw/home/Showtime?ID=41aae717-4464-49f4-ac26-fec2d16acbd6&DT=2026/09/30",
              "label": "11:40 數位‧中文版 / 3廳 217席"
            }
          ],
          "start_times": "11:40"
        }
      },
      {
        "type": "Feature",
        "geometry": {
          "type": "Point",
          "coordinates": [
            121.458702134648,
            25.06381770366
          ]
        },
        "properties": {
          "location_id": 15,
          "chain_name": "國賓影城",
          "location_name": "新莊晶冠國賓影城",
          "map_name": "國賓影城 新莊晶冠國賓影城",
          "address": "新北市新莊區五工路66號3、4樓",
          "city": "新北市",
          "location_url": "https://www.ambassador.com.tw/home/Showtime?ID=3301d822-b385-4aa8-a9eb-aa59d58e95c9&DT=2026/09/30",
          "official_url": "https://www.ambassador.com.tw/",
          "crawl_url": "https://www.ambassador.com.tw/home/Showtime?ID=3301d822-b385-4aa8-a9eb-aa59d58e95c9&DT=2026/09/30",
          "movie_title": "電影蠟筆小新：奇奇怪怪！我的妖怪假期",
          "show_date": "2026-09-30",
          "showtime_count": 1,
          "showtimes": [
            {
              "time": "11:00",
              "format": "數位‧中文版",
              "language": "國語",
              "auditorium": "6廳 58席",
              "booking_url": "https://www.ambassador.com.tw/home/Showtime?ID=3301d822-b385-4aa8-a9eb-aa59d58e95c9&DT=2026/09/30",
              "label": "11:00 數位‧中文版 / 6廳 58席"
            }
          ],
          "start_times": "11:00"
        }
      },
      {
        "type": "Feature",
        "geometry": {
          "type": "Point",
          "coordinates": [
            121.475688899623,
            25.006077203437
          ]
        },
        "properties": {
          "location_id": 20,
          "chain_name": "威秀影城 / VIESHOW",
          "location_name": "中和環球威秀影城",
          "map_name": "威秀影城 / VIESHOW 中和環球威秀影城",
          "address": "新北市中和區中山路三段122號4樓",
          "city": "新北市",
          "location_url": "https://www.vscinemas.com.tw/vsTicketing/ticketing/booking.aspx?cinemacode=30&txtSessionId=211755",
          "official_url": "https://www.vscinemas.com.tw/",
          "crawl_url": "https://www.vscinemas.com.tw/ShowTimes/",
          "movie_title": "電影蠟筆小新：奇奇怪怪！我的妖怪假期",
          "show_date": "2026-09-30",
          "showtime_count": 1,
          "showtimes": [
            {
              "time": "17:35",
              "format": "(數位 國)電影蠟筆小新：奇奇怪怪！我的妖怪假期 (普遍級)",
              "language": null,
              "auditorium": null,
              "booking_url": "https://www.vscinemas.com.tw/vsTicketing/ticketing/booking.aspx?cinemacode=30&txtSessionId=211755",
              "label": "17:35 (數位 國)電影蠟筆小新：奇奇怪怪！我的妖怪假期 (普遍級)"
            }
          ],
          "start_times": "17:35"
        }
      },
      {
        "type": "Feature",
        "geometry": {
          "type": "Point",
          "coordinates": [
            120.687673995592,
            24.135473018575
          ]
        },
        "properties": {
          "location_id": 21,
          "chain_name": "威秀影城 / VIESHOW",
          "location_name": "台中iFG 遠雄廣場威秀影城",
          "map_name": "威秀影城 / VIESHOW 台中iFG 遠雄廣場威秀影城",
          "address": "台中市東區復興路四段186號4樓",
          "city": "臺中市",
          "location_url": "https://www.vscinemas.com.tw/vsTicketing/ticketing/booking.aspx?cinemacode=31&txtSessionId=185983",
          "official_url": "https://www.vscinemas.com.tw/",
          "crawl_url": "https://www.vscinemas.com.tw/ShowTimes/",
          "movie_title": "電影蠟筆小新：奇奇怪怪！我的妖怪假期",
          "show_date": "2026-09-30",
          "showtime_count": 1,
          "showtimes": [
            {
              "time": "13:25",
              "format": "(數位 國)電影蠟筆小新：奇奇怪怪！我的妖怪假期 (普遍級)",
              "language": null,
              "auditorium": null,
              "booking_url": "https://www.vscinemas.com.tw/vsTicketing/ticketing/booking.aspx?cinemacode=31&txtSessionId=185983",
              "label": "13:25 (數位 國)電影蠟筆小新：奇奇怪怪！我的妖怪假期 (普遍級)"
            }
          ],
          "start_times": "13:25"
        }
      },
      {
        "type": "Feature",
        "geometry": {
          "type": "Point",
          "coordinates": [
            120.210166862332,
            22.995629908049
          ]
        },
        "properties": {
          "location_id": 27,
          "chain_name": "威秀影城 / VIESHOW",
          "location_name": "台南FOCUS威秀影城",
          "map_name": "威秀影城 / VIESHOW 台南FOCUS威秀影城",
          "address": "台南市中西區中山路166號11樓",
          "city": "臺南市",
          "location_url": "https://www.vscinemas.com.tw/ShowTimes/",
          "official_url": "https://www.vscinemas.com.tw/",
          "crawl_url": "https://www.vscinemas.com.tw/ShowTimes/",
          "movie_title": "電影蠟筆小新：奇奇怪怪！我的妖怪假期",
          "show_date": "2026-09-30",
          "showtime_count": 1,
          "showtimes": [
            {
              "time": "09:45",
              "format": "(數位 國)電影蠟筆小新：奇奇怪怪！我的妖怪假期 (普遍級)",
              "language": null,
              "auditorium": null,
              "booking_url": "https://www.vscinemas.com.tw/ShowTimes/",
              "label": "09:45 (數位 國)電影蠟筆小新：奇奇怪怪！我的妖怪假期 (普遍級)"
            }
          ],
          "start_times": "09:45"
        }
      },
      {
        "type": "Feature",
        "geometry": {
          "type": "Point",
          "coordinates": [
            120.233454974477,
            22.990581990681
          ]
        },
        "properties": {
          "location_id": 28,
          "chain_name": "威秀影城 / VIESHOW",
          "location_name": "台南南紡威秀影城",
          "map_name": "威秀影城 / VIESHOW 台南南紡威秀影城",
          "address": "台南市東區中華東路一段366號5樓",
          "city": "臺南市",
          "location_url": "https://www.vscinemas.com.tw/vsTicketing/ticketing/booking.aspx?cinemacode=17&txtSessionId=704337",
          "official_url": "https://www.vscinemas.com.tw/",
          "crawl_url": "https://www.vscinemas.com.tw/ShowTimes/",
          "movie_title": "電影蠟筆小新：奇奇怪怪！我的妖怪假期",
          "show_date": "2026-09-30",
          "showtime_count": 1,
          "showtimes": [
            {
              "time": "11:20",
              "format": "(數位 國)電影蠟筆小新：奇奇怪怪！我的妖怪假期 (普遍級)",
              "language": null,
              "auditorium": null,
              "booking_url": "https://www.vscinemas.com.tw/vsTicketing/ticketing/booking.aspx?cinemacode=17&txtSessionId=704337",
              "label": "11:20 (數位 國)電影蠟筆小新：奇奇怪怪！我的妖怪假期 (普遍級)"
            }
          ],
          "start_times": "11:20"
        }
      },
      {
        "type": "Feature",
        "geometry": {
          "type": "Point",
          "coordinates": [
            121.312523000553,
            24.991112991698
          ]
        },
        "properties": {
          "location_id": 38,
          "chain_name": "威秀影城 / VIESHOW",
          "location_name": "桃園統領威秀影城",
          "map_name": "威秀影城 / VIESHOW 桃園統領威秀影城",
          "address": "桃園市桃園區中正路61號9樓",
          "city": "桃園市",
          "location_url": "https://www.vscinemas.com.tw/vsTicketing/ticketing/booking.aspx?cinemacode=20&txtSessionId=751968",
          "official_url": "https://www.vscinemas.com.tw/",
          "crawl_url": "https://www.vscinemas.com.tw/ShowTimes/",
          "movie_title": "電影蠟筆小新：奇奇怪怪！我的妖怪假期",
          "show_date": "2026-09-30",
          "showtime_count": 2,
          "showtimes": [
            {
              "time": "11:35",
              "format": "(數位 國)電影蠟筆小新：奇奇怪怪！我的妖怪假期 (普遍級)",
              "language": null,
              "auditorium": null,
              "booking_url": "https://www.vscinemas.com.tw/vsTicketing/ticketing/booking.aspx?cinemacode=20&txtSessionId=751968",
              "label": "11:35 (數位 國)電影蠟筆小新：奇奇怪怪！我的妖怪假期 (普遍級)"
            },
            {
              "time": "16:00",
              "format": "(數位 國)電影蠟筆小新：奇奇怪怪！我的妖怪假期 (普遍級)",
              "language": null,
              "auditorium": null,
              "booking_url": "https://www.vscinemas.com.tw/vsTicketing/ticketing/booking.aspx?cinemacode=20&txtSessionId=751916",
              "label": "16:00 (數位 國)電影蠟筆小新：奇奇怪怪！我的妖怪假期 (普遍級)"
            }
          ],
          "start_times": "11:35, 16:00"
        }
      },
      {
        "type": "Feature",
        "geometry": {
          "type": "Point",
          "coordinates": [
            121.50474,
            25.04473
          ]
        },
        "properties": {
          "location_id": 89,
          "chain_name": "樂聲影城",
          "location_name": "樂聲影城",
          "map_name": "樂聲影城 樂聲影城",
          "address": "台北市萬華區武昌街二段85號",
          "city": "臺北市",
          "location_url": "https://www.luxcinema.com.tw/web/2020-movie_item.php?film_id=3419",
          "official_url": null,
          "crawl_url": "https://www.luxcinema.com.tw/web/2020.php?type=ShowTimes",
          "movie_title": "電影蠟筆小新：奇奇怪怪！我的妖怪假期",
          "show_date": "2026-09-30",
          "showtime_count": 1,
          "showtimes": [
            {
              "time": "14:00",
              "format": "(日語)電影蠟筆小新：奇奇怪怪！我的妖怪假期",
              "language": "日語",
              "auditorium": null,
              "booking_url": "https://www.luxcinema.com.tw/web/2020-movie_item.php?film_id=3419",
              "label": "14:00 (日語)電影蠟筆小新：奇奇怪怪！我的妖怪假期"
            }
          ],
          "start_times": "14:00"
        }
      },
      {
        "type": "Feature",
        "geometry": {
          "type": "Point",
          "coordinates": [
            120.3253452,
            22.6319673
          ]
        },
        "properties": {
          "location_id": 72,
          "chain_name": "高雄環球影城",
          "location_name": "高雄環球影城",
          "map_name": "高雄環球影城 高雄環球影城",
          "address": "高雄市苓雅區大順三路108號",
          "city": "高雄市",
          "location_url": "https://www.u-movie.com.tw/cinema/page.php?page_type=now&ver=tw&portal=cinema",
          "official_url": "https://www.u-movie.com.tw/",
          "crawl_url": "https://www.u-movie.com.tw/cinema/page.php?page_type=now&ver=tw&portal=cinema",
          "movie_title": "電影蠟筆小新：奇奇怪怪！我的妖怪假期",
          "show_date": "2026-09-30",
          "showtime_count": 0,
          "showtimes": [],
          "start_times": "",
          "showtime_unavailable": true,
          "showtime_unavailable_reason": "官方時刻表暫時無法自動取得，請前往場次入口查看。"
        }
      }
    ],
    "你的名字。（十周年重映）": []
  },
  "movie_features_by_date": {
    "劇場版 Love Live! 蓮之空女學院學園偶像俱樂部 Bloom Garden Party": {
      "2026-09-30": [
        {
          "type": "Feature",
          "geometry": {
            "type": "Point",
            "coordinates": [
              121.475688899623,
              25.006077203437
            ]
          },
          "properties": {
            "location_id": 20,
            "chain_name": "威秀影城 / VIESHOW",
            "location_name": "中和環球威秀影城",
            "map_name": "威秀影城 / VIESHOW 中和環球威秀影城",
            "address": "新北市中和區中山路三段122號4樓",
            "city": "新北市",
            "location_url": "https://www.vscinemas.com.tw/vsTicketing/ticketing/booking.aspx?cinemacode=30&txtSessionId=211783",
            "official_url": "https://www.vscinemas.com.tw/",
            "crawl_url": "https://www.vscinemas.com.tw/ShowTimes/",
            "movie_title": "劇場版 Love Live! 蓮之空女學院學園偶像俱樂部 Bloom Garden Party",
            "show_date": "2026-09-30",
            "showtime_count": 1,
            "showtimes": [
              {
                "time": "16:00",
                "format": "(數位)LOVE LIVE! 蓮之空女學院學園偶像俱樂部BLOOM GARDEN PARTY (普遍級)",
                "language": null,
                "auditorium": null,
                "booking_url": "https://www.vscinemas.com.tw/vsTicketing/ticketing/booking.aspx?cinemacode=30&txtSessionId=211783",
                "label": "16:00 (數位)LOVE LIVE! 蓮之空女學院學園偶像俱樂部BLOOM GARDEN PARTY (普遍級)"
              }
            ],
            "start_times": "16:00"
          }
        },
        {
          "type": "Feature",
          "geometry": {
            "type": "Point",
            "coordinates": [
              120.687673995592,
              24.135473018575
            ]
          },
          "properties": {
            "location_id": 21,
            "chain_name": "威秀影城 / VIESHOW",
            "location_name": "台中iFG 遠雄廣場威秀影城",
            "map_name": "威秀影城 / VIESHOW 台中iFG 遠雄廣場威秀影城",
            "address": "台中市東區復興路四段186號4樓",
            "city": "臺中市",
            "location_url": "https://www.vscinemas.com.tw/vsTicketing/ticketing/booking.aspx?cinemacode=31&txtSessionId=185950",
            "official_url": "https://www.vscinemas.com.tw/",
            "crawl_url": "https://www.vscinemas.com.tw/ShowTimes/",
            "movie_title": "劇場版 Love Live! 蓮之空女學院學園偶像俱樂部 Bloom Garden Party",
            "show_date": "2026-09-30",
            "showtime_count": 2,
            "showtimes": [
              {
                "time": "12:00",
                "format": "(數位)LOVE LIVE! 蓮之空女學院學園偶像俱樂部BLOOM GARDEN PARTY (普遍級)",
                "language": null,
                "auditorium": null,
                "booking_url": "https://www.vscinemas.com.tw/vsTicketing/ticketing/booking.aspx?cinemacode=31&txtSessionId=185950",
                "label": "12:00 (數位)LOVE LIVE! 蓮之空女學院學園偶像俱樂部BLOOM GARDEN PARTY (普遍級)"
              },
              {
                "time": "19:45",
                "format": "(數位)LOVE LIVE! 蓮之空女學院學園偶像俱樂部BLOOM GARDEN PARTY (普遍級)",
                "language": null,
                "auditorium": null,
                "booking_url": "https://www.vscinemas.com.tw/vsTicketing/ticketing/booking.aspx?cinemacode=31&txtSessionId=185966",
                "label": "19:45 (數位)LOVE LIVE! 蓮之空女學院學園偶像俱樂部BLOOM GARDEN PARTY (普遍級)"
              }
            ],
            "start_times": "12:00, 19:45"
          }
        },
        {
          "type": "Feature",
          "geometry": {
            "type": "Point",
            "coordinates": [
              120.64456938796,
              24.164671713563
            ]
          },
          "properties": {
            "location_id": 22,
            "chain_name": "威秀影城 / VIESHOW",
            "location_name": "台中大遠百威秀影城",
            "map_name": "威秀影城 / VIESHOW 台中大遠百威秀影城",
            "address": "台中市西屯區台灣大道三段251號13樓",
            "city": "臺中市",
            "location_url": "https://www.vscinemas.com.tw/vsTicketing/ticketing/booking.aspx?cinemacode=15&txtSessionId=551290",
            "official_url": "https://www.vscinemas.com.tw/",
            "crawl_url": "https://www.vscinemas.com.tw/ShowTimes/",
            "movie_title": "劇場版 Love Live! 蓮之空女學院學園偶像俱樂部 Bloom Garden Party",
            "show_date": "2026-09-30",
            "showtime_count": 1,
            "showtimes": [
              {
                "time": "10:40",
                "format": "(數位)LOVE LIVE! 蓮之空女學院學園偶像俱樂部BLOOM GARDEN PARTY (普遍級)",
                "language": null,
                "auditorium": null,
                "booking_url": "https://www.vscinemas.com.tw/vsTicketing/ticketing/booking.aspx?cinemacode=15&txtSessionId=551290",
                "label": "10:40 (數位)LOVE LIVE! 蓮之空女學院學園偶像俱樂部BLOOM GARDEN PARTY (普遍級)"
              }
            ],
            "start_times": "10:40"
          }
        },
        {
          "type": "Feature",
          "geometry": {
            "type": "Point",
            "coordinates": [
              121.5184321,
              25.0490792
            ]
          },
          "properties": {
            "location_id": 23,
            "chain_name": "威秀影城 / VIESHOW",
            "location_name": "台北京站威秀影城",
            "map_name": "威秀影城 / VIESHOW 台北京站威秀影城",
            "address": "台北市大同區市民大道一段209號5樓",
            "city": "臺北市",
            "location_url": "https://www.vscinemas.com.tw/ShowTimes/",
            "official_url": "https://www.vscinemas.com.tw/",
            "crawl_url": "https://www.vscinemas.com.tw/ShowTimes/",
            "movie_title": "劇場版 Love Live! 蓮之空女學院學園偶像俱樂部 Bloom Garden Party",
            "show_date": "2026-09-30",
            "showtime_count": 1,
            "showtimes": [
              {
                "time": "09:40",
                "format": "(數位)LOVE LIVE! 蓮之空女學院學園偶像俱樂部BLOOM GARDEN PARTY (普遍級)",
                "language": null,
                "auditorium": null,
                "booking_url": "https://www.vscinemas.com.tw/ShowTimes/",
                "label": "09:40 (數位)LOVE LIVE! 蓮之空女學院學園偶像俱樂部BLOOM GARDEN PARTY (普遍級)"
              }
            ],
            "start_times": "09:40"
          }
        },
        {
          "type": "Feature",
          "geometry": {
            "type": "Point",
            "coordinates": [
              121.567405360549,
              25.035641139855
            ]
          },
          "properties": {
            "location_id": 24,
            "chain_name": "威秀影城 / VIESHOW",
            "location_name": "台北信義威秀影城",
            "map_name": "威秀影城 / VIESHOW 台北信義威秀影城",
            "address": "台北市信義區松壽路20號2樓",
            "city": "臺北市",
            "location_url": "https://www.vscinemas.com.tw/vsTicketing/ticketing/booking.aspx?cinemacode=1&txtSessionId=1879560",
            "official_url": "https://www.vscinemas.com.tw/",
            "crawl_url": "https://www.vscinemas.com.tw/ShowTimes/",
            "movie_title": "劇場版 Love Live! 蓮之空女學院學園偶像俱樂部 Bloom Garden Party",
            "show_date": "2026-09-30",
            "showtime_count": 3,
            "showtimes": [
              {
                "time": "10:25",
                "format": "(數位)LOVE LIVE! 蓮之空女學院學園偶像俱樂部BLOOM GARDEN PARTY (普遍級)",
                "language": null,
                "auditorium": null,
                "booking_url": "https://www.vscinemas.com.tw/vsTicketing/ticketing/booking.aspx?cinemacode=1&txtSessionId=1879560",
                "label": "10:25 (數位)LOVE LIVE! 蓮之空女學院學園偶像俱樂部BLOOM GARDEN PARTY (普遍級)"
              },
              {
                "time": "15:35",
                "format": "(數位)LOVE LIVE! 蓮之空女學院學園偶像俱樂部BLOOM GARDEN PARTY (普遍級)",
                "language": null,
                "auditorium": null,
                "booking_url": "https://www.vscinemas.com.tw/vsTicketing/ticketing/booking.aspx?cinemacode=1&txtSessionId=1879521",
                "label": "15:35 (數位)LOVE LIVE! 蓮之空女學院學園偶像俱樂部BLOOM GARDEN PARTY (普遍級)"
              },
              {
                "time": "18:10",
                "format": "(數位)LOVE LIVE! 蓮之空女學院學園偶像俱樂部BLOOM GARDEN PARTY (普遍級)",
                "language": null,
                "auditorium": null,
                "booking_url": "https://www.vscinemas.com.tw/vsTicketing/ticketing/booking.aspx?cinemacode=1&txtSessionId=1879576",
                "label": "18:10 (數位)LOVE LIVE! 蓮之空女學院學園偶像俱樂部BLOOM GARDEN PARTY (普遍級)"
              }
            ],
            "start_times": "10:25, 15:35, 18:10"
          }
        },
        {
          "type": "Feature",
          "geometry": {
            "type": "Point",
            "coordinates": [
              121.617582534262,
              25.059344952488
            ]
          },
          "properties": {
            "location_id": 25,
            "chain_name": "威秀影城 / VIESHOW",
            "location_name": "台北南港 LaLaport威秀影城",
            "map_name": "威秀影城 / VIESHOW 台北南港 LaLaport威秀影城",
            "address": "台北市南港區經貿二路131號5樓",
            "city": "臺北市",
            "location_url": "https://www.vscinemas.com.tw/vsTicketing/ticketing/booking.aspx?cinemacode=35&txtSessionId=147108",
            "official_url": "https://www.vscinemas.com.tw/",
            "crawl_url": "https://www.vscinemas.com.tw/ShowTimes/",
            "movie_title": "劇場版 Love Live! 蓮之空女學院學園偶像俱樂部 Bloom Garden Party",
            "show_date": "2026-09-30",
            "showtime_count": 2,
            "showtimes": [
              {
                "time": "10:35",
                "format": "(數位)LOVE LIVE! 蓮之空女學院學園偶像俱樂部BLOOM GARDEN PARTY (普遍級)",
                "language": null,
                "auditorium": null,
                "booking_url": "https://www.vscinemas.com.tw/vsTicketing/ticketing/booking.aspx?cinemacode=35&txtSessionId=147108",
                "label": "10:35 (數位)LOVE LIVE! 蓮之空女學院學園偶像俱樂部BLOOM GARDEN PARTY (普遍級)"
              },
              {
                "time": "15:50",
                "format": "(數位)LOVE LIVE! 蓮之空女學院學園偶像俱樂部BLOOM GARDEN PARTY (普遍級)",
                "language": null,
                "auditorium": null,
                "booking_url": "https://www.vscinemas.com.tw/vsTicketing/ticketing/booking.aspx?cinemacode=35&txtSessionId=147183",
                "label": "15:50 (數位)LOVE LIVE! 蓮之空女學院學園偶像俱樂部BLOOM GARDEN PARTY (普遍級)"
              }
            ],
            "start_times": "10:35, 15:50"
          }
        },
        {
          "type": "Feature",
          "geometry": {
            "type": "Point",
            "coordinates": [
              120.233454974477,
              22.990581990681
            ]
          },
          "properties": {
            "location_id": 28,
            "chain_name": "威秀影城 / VIESHOW",
            "location_name": "台南南紡威秀影城",
            "map_name": "威秀影城 / VIESHOW 台南南紡威秀影城",
            "address": "台南市東區中華東路一段366號5樓",
            "city": "臺南市",
            "location_url": "https://www.vscinemas.com.tw/vsTicketing/ticketing/booking.aspx?cinemacode=17&txtSessionId=704356",
            "official_url": "https://www.vscinemas.com.tw/",
            "crawl_url": "https://www.vscinemas.com.tw/ShowTimes/",
            "movie_title": "劇場版 Love Live! 蓮之空女學院學園偶像俱樂部 Bloom Garden Party",
            "show_date": "2026-09-30",
            "showtime_count": 1,
            "showtimes": [
              {
                "time": "11:20",
                "format": "(數位)LOVE LIVE! 蓮之空女學院學園偶像俱樂部BLOOM GARDEN PARTY (普遍級)",
                "language": null,
                "auditorium": null,
                "booking_url": "https://www.vscinemas.com.tw/vsTicketing/ticketing/booking.aspx?cinemacode=17&txtSessionId=704356",
                "label": "11:20 (數位)LOVE LIVE! 蓮之空女學院學園偶像俱樂部BLOOM GARDEN PARTY (普遍級)"
              }
            ],
            "start_times": "11:20"
          }
        },
        {
          "type": "Feature",
          "geometry": {
            "type": "Point",
            "coordinates": [
              120.205827131963,
              22.995358795391
            ]
          },
          "properties": {
            "location_id": 30,
            "chain_name": "威秀影城 / VIESHOW",
            "location_name": "台南大遠百威秀影城",
            "map_name": "威秀影城 / VIESHOW 台南大遠百威秀影城",
            "address": "台南市中西區公園路60號5樓",
            "city": "臺南市",
            "location_url": "https://www.vscinemas.com.tw/vsTicketing/ticketing/booking.aspx?cinemacode=5&txtSessionId=910175",
            "official_url": "https://www.vscinemas.com.tw/",
            "crawl_url": "https://www.vscinemas.com.tw/ShowTimes/",
            "movie_title": "劇場版 Love Live! 蓮之空女學院學園偶像俱樂部 Bloom Garden Party",
            "show_date": "2026-09-30",
            "showtime_count": 2,
            "showtimes": [
              {
                "time": "10:25",
                "format": "(數位)LOVE LIVE! 蓮之空女學院學園偶像俱樂部BLOOM GARDEN PARTY (普遍級)",
                "language": null,
                "auditorium": null,
                "booking_url": "https://www.vscinemas.com.tw/vsTicketing/ticketing/booking.aspx?cinemacode=5&txtSessionId=910175",
                "label": "10:25 (數位)LOVE LIVE! 蓮之空女學院學園偶像俱樂部BLOOM GARDEN PARTY (普遍級)"
              },
              {
                "time": "18:50",
                "format": "(數位)LOVE LIVE! 蓮之空女學院學園偶像俱樂部BLOOM GARDEN PARTY (普遍級)",
                "language": null,
                "auditorium": null,
                "booking_url": "https://www.vscinemas.com.tw/vsTicketing/ticketing/booking.aspx?cinemacode=5&txtSessionId=910119",
                "label": "18:50 (數位)LOVE LIVE! 蓮之空女學院學園偶像俱樂部BLOOM GARDEN PARTY (普遍級)"
              }
            ],
            "start_times": "10:25, 18:50"
          }
        },
        {
          "type": "Feature",
          "geometry": {
            "type": "Point",
            "coordinates": [
              121.5468264,
              24.9783596
            ]
          },
          "properties": {
            "location_id": 31,
            "chain_name": "威秀影城 / VIESHOW",
            "location_name": "新店裕隆城威秀影城",
            "map_name": "威秀影城 / VIESHOW 新店裕隆城威秀影城",
            "address": "新北市新店區中興路三段128號7樓",
            "city": "新北市",
            "location_url": "https://www.vscinemas.com.tw/vsTicketing/ticketing/booking.aspx?cinemacode=32&txtSessionId=165195",
            "official_url": "https://www.vscinemas.com.tw/",
            "crawl_url": "https://www.vscinemas.com.tw/ShowTimes/",
            "movie_title": "劇場版 Love Live! 蓮之空女學院學園偶像俱樂部 Bloom Garden Party",
            "show_date": "2026-09-30",
            "showtime_count": 1,
            "showtimes": [
              {
                "time": "10:50",
                "format": "(數位)LOVE LIVE! 蓮之空女學院學園偶像俱樂部BLOOM GARDEN PARTY (普遍級)",
                "language": null,
                "auditorium": null,
                "booking_url": "https://www.vscinemas.com.tw/vsTicketing/ticketing/booking.aspx?cinemacode=32&txtSessionId=165195",
                "label": "10:50 (數位)LOVE LIVE! 蓮之空女學院學園偶像俱樂部BLOOM GARDEN PARTY (普遍級)"
              }
            ],
            "start_times": "10:50"
          }
        },
        {
          "type": "Feature",
          "geometry": {
            "type": "Point",
            "coordinates": [
              120.965210879671,
              24.802185606585
            ]
          },
          "properties": {
            "location_id": 32,
            "chain_name": "威秀影城 / VIESHOW",
            "location_name": "新竹大遠百威秀影城",
            "map_name": "威秀影城 / VIESHOW 新竹大遠百威秀影城",
            "address": "新竹市東區西大路323號8樓",
            "city": "新竹市",
            "location_url": "https://www.vscinemas.com.tw/vsTicketing/ticketing/booking.aspx?cinemacode=2&txtSessionId=1168823",
            "official_url": "https://www.vscinemas.com.tw/",
            "crawl_url": "https://www.vscinemas.com.tw/ShowTimes/",
            "movie_title": "劇場版 Love Live! 蓮之空女學院學園偶像俱樂部 Bloom Garden Party",
            "show_date": "2026-09-30",
            "showtime_count": 1,
            "showtimes": [
              {
                "time": "11:40",
                "format": "(數位)LOVE LIVE! 蓮之空女學院學園偶像俱樂部BLOOM GARDEN PARTY (普遍級)",
                "language": null,
                "auditorium": null,
                "booking_url": "https://www.vscinemas.com.tw/vsTicketing/ticketing/booking.aspx?cinemacode=2&txtSessionId=1168823",
                "label": "11:40 (數位)LOVE LIVE! 蓮之空女學院學園偶像俱樂部BLOOM GARDEN PARTY (普遍級)"
              }
            ],
            "start_times": "11:40"
          }
        },
        {
          "type": "Feature",
          "geometry": {
            "type": "Point",
            "coordinates": [
              121.363547165582,
              25.071241094298
            ]
          },
          "properties": {
            "location_id": 36,
            "chain_name": "威秀影城 / VIESHOW",
            "location_name": "林口MITSUI OUTLET PARK威秀影城",
            "map_name": "威秀影城 / VIESHOW 林口MITSUI OUTLET PARK威秀影城",
            "address": "新北市林口區文化三路一段356號3樓",
            "city": "新北市",
            "location_url": "https://www.vscinemas.com.tw/vsTicketing/ticketing/booking.aspx?cinemacode=19&txtSessionId=486974",
            "official_url": "https://www.vscinemas.com.tw/",
            "crawl_url": "https://www.vscinemas.com.tw/ShowTimes/",
            "movie_title": "劇場版 Love Live! 蓮之空女學院學園偶像俱樂部 Bloom Garden Party",
            "show_date": "2026-09-30",
            "showtime_count": 1,
            "showtimes": [
              {
                "time": "10:00",
                "format": "(數位)LOVE LIVE! 蓮之空女學院學園偶像俱樂部BLOOM GARDEN PARTY (普遍級)",
                "language": null,
                "auditorium": null,
                "booking_url": "https://www.vscinemas.com.tw/vsTicketing/ticketing/booking.aspx?cinemacode=19&txtSessionId=486974",
                "label": "10:00 (數位)LOVE LIVE! 蓮之空女學院學園偶像俱樂部BLOOM GARDEN PARTY (普遍級)"
              }
            ],
            "start_times": "10:00"
          }
        },
        {
          "type": "Feature",
          "geometry": {
            "type": "Point",
            "coordinates": [
              121.312523000553,
              24.991112991698
            ]
          },
          "properties": {
            "location_id": 38,
            "chain_name": "威秀影城 / VIESHOW",
            "location_name": "桃園統領威秀影城",
            "map_name": "威秀影城 / VIESHOW 桃園統領威秀影城",
            "address": "桃園市桃園區中正路61號9樓",
            "city": "桃園市",
            "location_url": "https://www.vscinemas.com.tw/vsTicketing/ticketing/booking.aspx?cinemacode=20&txtSessionId=751881",
            "official_url": "https://www.vscinemas.com.tw/",
            "crawl_url": "https://www.vscinemas.com.tw/ShowTimes/",
            "movie_title": "劇場版 Love Live! 蓮之空女學院學園偶像俱樂部 Bloom Garden Party",
            "show_date": "2026-09-30",
            "showtime_count": 1,
            "showtimes": [
              {
                "time": "11:30",
                "format": "(數位)LOVE LIVE! 蓮之空女學院學園偶像俱樂部BLOOM GARDEN PARTY (普遍級)",
                "language": null,
                "auditorium": null,
                "booking_url": "https://www.vscinemas.com.tw/vsTicketing/ticketing/booking.aspx?cinemacode=20&txtSessionId=751881",
                "label": "11:30 (數位)LOVE LIVE! 蓮之空女學院學園偶像俱樂部BLOOM GARDEN PARTY (普遍級)"
              }
            ],
            "start_times": "11:30"
          }
        },
        {
          "type": "Feature",
          "geometry": {
            "type": "Point",
            "coordinates": [
              121.594678077023,
              23.940428728193
            ]
          },
          "properties": {
            "location_id": 39,
            "chain_name": "威秀影城 / VIESHOW",
            "location_name": "花蓮新天堂樂園威秀影城",
            "map_name": "威秀影城 / VIESHOW 花蓮新天堂樂園威秀影城",
            "address": "花蓮縣吉安鄉南濱路一段503號3樓",
            "city": "花蓮縣",
            "location_url": "https://www.vscinemas.com.tw/vsTicketing/ticketing/booking.aspx?cinemacode=22&txtSessionId=214266",
            "official_url": "https://www.vscinemas.com.tw/",
            "crawl_url": "https://www.vscinemas.com.tw/ShowTimes/",
            "movie_title": "劇場版 Love Live! 蓮之空女學院學園偶像俱樂部 Bloom Garden Party",
            "show_date": "2026-09-30",
            "showtime_count": 1,
            "showtimes": [
              {
                "time": "12:00",
                "format": "(數位)LOVE LIVE! 蓮之空女學院學園偶像俱樂部BLOOM GARDEN PARTY (普遍級)",
                "language": null,
                "auditorium": null,
                "booking_url": "https://www.vscinemas.com.tw/vsTicketing/ticketing/booking.aspx?cinemacode=22&txtSessionId=214266",
                "label": "12:00 (數位)LOVE LIVE! 蓮之空女學院學園偶像俱樂部BLOOM GARDEN PARTY (普遍級)"
              }
            ],
            "start_times": "12:00"
          }
        },
        {
          "type": "Feature",
          "geometry": {
            "type": "Point",
            "coordinates": [
              120.303548975058,
              22.613424008067
            ]
          },
          "properties": {
            "location_id": 41,
            "chain_name": "威秀影城 / VIESHOW",
            "location_name": "高雄大遠百威秀影城",
            "map_name": "威秀影城 / VIESHOW 高雄大遠百威秀影城",
            "address": "高雄市苓雅區三多四路21號13樓",
            "city": "高雄市",
            "location_url": "https://www.vscinemas.com.tw/vsTicketing/ticketing/booking.aspx?cinemacode=6&txtSessionId=1853226",
            "official_url": "https://www.vscinemas.com.tw/",
            "crawl_url": "https://www.vscinemas.com.tw/ShowTimes/",
            "movie_title": "劇場版 Love Live! 蓮之空女學院學園偶像俱樂部 Bloom Garden Party",
            "show_date": "2026-09-30",
            "showtime_count": 1,
            "showtimes": [
              {
                "time": "11:50",
                "format": "(數位)LOVE LIVE! 蓮之空女學院學園偶像俱樂部BLOOM GARDEN PARTY (普遍級)",
                "language": null,
                "auditorium": null,
                "booking_url": "https://www.vscinemas.com.tw/vsTicketing/ticketing/booking.aspx?cinemacode=6&txtSessionId=1853226",
                "label": "11:50 (數位)LOVE LIVE! 蓮之空女學院學園偶像俱樂部BLOOM GARDEN PARTY (普遍級)"
              }
            ],
            "start_times": "11:50"
          }
        },
        {
          "type": "Feature",
          "geometry": {
            "type": "Point",
            "coordinates": [
              120.3253452,
              22.6319673
            ]
          },
          "properties": {
            "location_id": 72,
            "chain_name": "高雄環球影城",
            "location_name": "高雄環球影城",
            "map_name": "高雄環球影城 高雄環球影城",
            "address": "高雄市苓雅區大順三路108號",
            "city": "高雄市",
            "location_url": "https://www.u-movie.com.tw/cinema/page.php?page_type=now&ver=tw&portal=cinema",
            "official_url": "https://www.u-movie.com.tw/",
            "crawl_url": "https://www.u-movie.com.tw/cinema/page.php?page_type=now&ver=tw&portal=cinema",
            "movie_title": "劇場版 Love Live! 蓮之空女學院學園偶像俱樂部 Bloom Garden Party",
            "show_date": "2026-09-30",
            "showtime_count": 0,
            "showtimes": [],
            "start_times": "",
            "showtime_unavailable": true,
            "showtime_unavailable_reason": "官方時刻表暫時無法自動取得，請前往場次入口查看。"
          }
        }
      ],
      "2026-10-01": [
        {
          "type": "Feature",
          "geometry": {
            "type": "Point",
            "coordinates": [
              121.475688899623,
              25.006077203437
            ]
          },
          "properties": {
            "location_id": 20,
            "chain_name": "威秀影城 / VIESHOW",
            "location_name": "中和環球威秀影城",
            "map_name": "威秀影城 / VIESHOW 中和環球威秀影城",
            "address": "新北市中和區中山路三段122號4樓",
            "city": "新北市",
            "location_url": "https://www.vscinemas.com.tw/vsTicketing/ticketing/booking.aspx?cinemacode=30&txtSessionId=211831",
            "official_url": "https://www.vscinemas.com.tw/",
            "crawl_url": "https://www.vscinemas.com.tw/ShowTimes/",
            "movie_title": "劇場版 Love Live! 蓮之空女學院學園偶像俱樂部 Bloom Garden Party",
            "show_date": "2026-10-01",
            "showtime_count": 1,
            "showtimes": [
              {
                "time": "11:25",
                "format": "(數位)LOVE LIVE! 蓮之空女學院學園偶像俱樂部BLOOM GARDEN PARTY (普遍級)",
                "language": null,
                "auditorium": null,
                "booking_url": "https://www.vscinemas.com.tw/vsTicketing/ticketing/booking.aspx?cinemacode=30&txtSessionId=211831",
                "label": "11:25 (數位)LOVE LIVE! 蓮之空女學院學園偶像俱樂部BLOOM GARDEN PARTY (普遍級)"
              }
            ],
            "start_times": "11:25"
          }
        },
        {
          "type": "Feature",
          "geometry": {
            "type": "Point",
            "coordinates": [
              120.687673995592,
              24.135473018575
            ]
          },
          "properties": {
            "location_id": 21,
            "chain_name": "威秀影城 / VIESHOW",
            "location_name": "台中iFG 遠雄廣場威秀影城",
            "map_name": "威秀影城 / VIESHOW 台中iFG 遠雄廣場威秀影城",
            "address": "台中市東區復興路四段186號4樓",
            "city": "臺中市",
            "location_url": "https://www.vscinemas.com.tw/vsTicketing/ticketing/booking.aspx?cinemacode=31&txtSessionId=186097",
            "official_url": "https://www.vscinemas.com.tw/",
            "crawl_url": "https://www.vscinemas.com.tw/ShowTimes/",
            "movie_title": "劇場版 Love Live! 蓮之空女學院學園偶像俱樂部 Bloom Garden Party",
            "show_date": "2026-10-01",
            "showtime_count": 2,
            "showtimes": [
              {
                "time": "12:00",
                "format": "(數位)LOVE LIVE! 蓮之空女學院學園偶像俱樂部BLOOM GARDEN PARTY (普遍級)",
                "language": null,
                "auditorium": null,
                "booking_url": "https://www.vscinemas.com.tw/vsTicketing/ticketing/booking.aspx?cinemacode=31&txtSessionId=186097",
                "label": "12:00 (數位)LOVE LIVE! 蓮之空女學院學園偶像俱樂部BLOOM GARDEN PARTY (普遍級)"
              },
              {
                "time": "19:45",
                "format": "(數位)LOVE LIVE! 蓮之空女學院學園偶像俱樂部BLOOM GARDEN PARTY (普遍級)",
                "language": null,
                "auditorium": null,
                "booking_url": "https://www.vscinemas.com.tw/vsTicketing/ticketing/booking.aspx?cinemacode=31&txtSessionId=186092",
                "label": "19:45 (數位)LOVE LIVE! 蓮之空女學院學園偶像俱樂部BLOOM GARDEN PARTY (普遍級)"
              }
            ],
            "start_times": "12:00, 19:45"
          }
        },
        {
          "type": "Feature",
          "geometry": {
            "type": "Point",
            "coordinates": [
              120.64456938796,
              24.164671713563
            ]
          },
          "properties": {
            "location_id": 22,
            "chain_name": "威秀影城 / VIESHOW",
            "location_name": "台中大遠百威秀影城",
            "map_name": "威秀影城 / VIESHOW 台中大遠百威秀影城",
            "address": "台中市西屯區台灣大道三段251號13樓",
            "city": "臺中市",
            "location_url": "https://www.vscinemas.com.tw/vsTicketing/ticketing/booking.aspx?cinemacode=15&txtSessionId=551662",
            "official_url": "https://www.vscinemas.com.tw/",
            "crawl_url": "https://www.vscinemas.com.tw/ShowTimes/",
            "movie_title": "劇場版 Love Live! 蓮之空女學院學園偶像俱樂部 Bloom Garden Party",
            "show_date": "2026-10-01",
            "showtime_count": 1,
            "showtimes": [
              {
                "time": "11:25",
                "format": "(數位)LOVE LIVE! 蓮之空女學院學園偶像俱樂部BLOOM GARDEN PARTY (普遍級)",
                "language": null,
                "auditorium": null,
                "booking_url": "https://www.vscinemas.com.tw/vsTicketing/ticketing/booking.aspx?cinemacode=15&txtSessionId=551662",
                "label": "11:25 (數位)LOVE LIVE! 蓮之空女學院學園偶像俱樂部BLOOM GARDEN PARTY (普遍級)"
              }
            ],
            "start_times": "11:25"
          }
        },
        {
          "type": "Feature",
          "geometry": {
            "type": "Point",
            "coordinates": [
              121.5184321,
              25.0490792
            ]
          },
          "properties": {
            "location_id": 23,
            "chain_name": "威秀影城 / VIESHOW",
            "location_name": "台北京站威秀影城",
            "map_name": "威秀影城 / VIESHOW 台北京站威秀影城",
            "address": "台北市大同區市民大道一段209號5樓",
            "city": "臺北市",
            "location_url": "https://www.vscinemas.com.tw/vsTicketing/ticketing/booking.aspx?cinemacode=12&txtSessionId=898670",
            "official_url": "https://www.vscinemas.com.tw/",
            "crawl_url": "https://www.vscinemas.com.tw/ShowTimes/",
            "movie_title": "劇場版 Love Live! 蓮之空女學院學園偶像俱樂部 Bloom Garden Party",
            "show_date": "2026-10-01",
            "showtime_count": 1,
            "showtimes": [
              {
                "time": "09:05",
                "format": "(數位)LOVE LIVE! 蓮之空女學院學園偶像俱樂部BLOOM GARDEN PARTY (普遍級)",
                "language": null,
                "auditorium": null,
                "booking_url": "https://www.vscinemas.com.tw/vsTicketing/ticketing/booking.aspx?cinemacode=12&txtSessionId=898670",
                "label": "09:05 (數位)LOVE LIVE! 蓮之空女學院學園偶像俱樂部BLOOM GARDEN PARTY (普遍級)"
              }
            ],
            "start_times": "09:05"
          }
        },
        {
          "type": "Feature",
          "geometry": {
            "type": "Point",
            "coordinates": [
              121.567405360549,
              25.035641139855
            ]
          },
          "properties": {
            "location_id": 24,
            "chain_name": "威秀影城 / VIESHOW",
            "location_name": "台北信義威秀影城",
            "map_name": "威秀影城 / VIESHOW 台北信義威秀影城",
            "address": "台北市信義區松壽路20號2樓",
            "city": "臺北市",
            "location_url": "https://www.vscinemas.com.tw/vsTicketing/ticketing/booking.aspx?cinemacode=1&txtSessionId=1879737",
            "official_url": "https://www.vscinemas.com.tw/",
            "crawl_url": "https://www.vscinemas.com.tw/ShowTimes/",
            "movie_title": "劇場版 Love Live! 蓮之空女學院學園偶像俱樂部 Bloom Garden Party",
            "show_date": "2026-10-01",
            "showtime_count": 2,
            "showtimes": [
              {
                "time": "11:00",
                "format": "(數位)LOVE LIVE! 蓮之空女學院學園偶像俱樂部BLOOM GARDEN PARTY (普遍級)",
                "language": null,
                "auditorium": null,
                "booking_url": "https://www.vscinemas.com.tw/vsTicketing/ticketing/booking.aspx?cinemacode=1&txtSessionId=1879737",
                "label": "11:00 (數位)LOVE LIVE! 蓮之空女學院學園偶像俱樂部BLOOM GARDEN PARTY (普遍級)"
              },
              {
                "time": "18:20",
                "format": "(數位)LOVE LIVE! 蓮之空女學院學園偶像俱樂部BLOOM GARDEN PARTY (普遍級)",
                "language": null,
                "auditorium": null,
                "booking_url": "https://www.vscinemas.com.tw/vsTicketing/ticketing/booking.aspx?cinemacode=1&txtSessionId=1879735",
                "label": "18:20 (數位)LOVE LIVE! 蓮之空女學院學園偶像俱樂部BLOOM GARDEN PARTY (普遍級)"
              }
            ],
            "start_times": "11:00, 18:20"
          }
        },
        {
          "type": "Feature",
          "geometry": {
            "type": "Point",
            "coordinates": [
              121.617582534262,
              25.059344952488
            ]
          },
          "properties": {
            "location_id": 25,
            "chain_name": "威秀影城 / VIESHOW",
            "location_name": "台北南港 LaLaport威秀影城",
            "map_name": "威秀影城 / VIESHOW 台北南港 LaLaport威秀影城",
            "address": "台北市南港區經貿二路131號5樓",
            "city": "臺北市",
            "location_url": "https://www.vscinemas.com.tw/vsTicketing/ticketing/booking.aspx?cinemacode=35&txtSessionId=148514",
            "official_url": "https://www.vscinemas.com.tw/",
            "crawl_url": "https://www.vscinemas.com.tw/ShowTimes/",
            "movie_title": "劇場版 Love Live! 蓮之空女學院學園偶像俱樂部 Bloom Garden Party",
            "show_date": "2026-10-01",
            "showtime_count": 2,
            "showtimes": [
              {
                "time": "10:35",
                "format": "(數位)LOVE LIVE! 蓮之空女學院學園偶像俱樂部BLOOM GARDEN PARTY (普遍級)",
                "language": null,
                "auditorium": null,
                "booking_url": "https://www.vscinemas.com.tw/vsTicketing/ticketing/booking.aspx?cinemacode=35&txtSessionId=148514",
                "label": "10:35 (數位)LOVE LIVE! 蓮之空女學院學園偶像俱樂部BLOOM GARDEN PARTY (普遍級)"
              },
              {
                "time": "15:50",
                "format": "(數位)LOVE LIVE! 蓮之空女學院學園偶像俱樂部BLOOM GARDEN PARTY (普遍級)",
                "language": null,
                "auditorium": null,
                "booking_url": "https://www.vscinemas.com.tw/vsTicketing/ticketing/booking.aspx?cinemacode=35&txtSessionId=148571",
                "label": "15:50 (數位)LOVE LIVE! 蓮之空女學院學園偶像俱樂部BLOOM GARDEN PARTY (普遍級)"
              }
            ],
            "start_times": "10:35, 15:50"
          }
        },
        {
          "type": "Feature",
          "geometry": {
            "type": "Point",
            "coordinates": [
              120.233454974477,
              22.990581990681
            ]
          },
          "properties": {
            "location_id": 28,
            "chain_name": "威秀影城 / VIESHOW",
            "location_name": "台南南紡威秀影城",
            "map_name": "威秀影城 / VIESHOW 台南南紡威秀影城",
            "address": "台南市東區中華東路一段366號5樓",
            "city": "臺南市",
            "location_url": "https://www.vscinemas.com.tw/vsTicketing/ticketing/booking.aspx?cinemacode=17&txtSessionId=704595",
            "official_url": "https://www.vscinemas.com.tw/",
            "crawl_url": "https://www.vscinemas.com.tw/ShowTimes/",
            "movie_title": "劇場版 Love Live! 蓮之空女學院學園偶像俱樂部 Bloom Garden Party",
            "show_date": "2026-10-01",
            "showtime_count": 1,
            "showtimes": [
              {
                "time": "11:45",
                "format": "(數位)LOVE LIVE! 蓮之空女學院學園偶像俱樂部BLOOM GARDEN PARTY (普遍級)",
                "language": null,
                "auditorium": null,
                "booking_url": "https://www.vscinemas.com.tw/vsTicketing/ticketing/booking.aspx?cinemacode=17&txtSessionId=704595",
                "label": "11:45 (數位)LOVE LIVE! 蓮之空女學院學園偶像俱樂部BLOOM GARDEN PARTY (普遍級)"
              }
            ],
            "start_times": "11:45"
          }
        },
        {
          "type": "Feature",
          "geometry": {
            "type": "Point",
            "coordinates": [
              120.205827131963,
              22.995358795391
            ]
          },
          "properties": {
            "location_id": 30,
            "chain_name": "威秀影城 / VIESHOW",
            "location_name": "台南大遠百威秀影城",
            "map_name": "威秀影城 / VIESHOW 台南大遠百威秀影城",
            "address": "台南市中西區公園路60號5樓",
            "city": "臺南市",
            "location_url": "https://www.vscinemas.com.tw/vsTicketing/ticketing/booking.aspx?cinemacode=5&txtSessionId=910218",
            "official_url": "https://www.vscinemas.com.tw/",
            "crawl_url": "https://www.vscinemas.com.tw/ShowTimes/",
            "movie_title": "劇場版 Love Live! 蓮之空女學院學園偶像俱樂部 Bloom Garden Party",
            "show_date": "2026-10-01",
            "showtime_count": 1,
            "showtimes": [
              {
                "time": "17:00",
                "format": "(數位)LOVE LIVE! 蓮之空女學院學園偶像俱樂部BLOOM GARDEN PARTY (普遍級)",
                "language": null,
                "auditorium": null,
                "booking_url": "https://www.vscinemas.com.tw/vsTicketing/ticketing/booking.aspx?cinemacode=5&txtSessionId=910218",
                "label": "17:00 (數位)LOVE LIVE! 蓮之空女學院學園偶像俱樂部BLOOM GARDEN PARTY (普遍級)"
              }
            ],
            "start_times": "17:00"
          }
        },
        {
          "type": "Feature",
          "geometry": {
            "type": "Point",
            "coordinates": [
              121.5468264,
              24.9783596
            ]
          },
          "properties": {
            "location_id": 31,
            "chain_name": "威秀影城 / VIESHOW",
            "location_name": "新店裕隆城威秀影城",
            "map_name": "威秀影城 / VIESHOW 新店裕隆城威秀影城",
            "address": "新北市新店區中興路三段128號7樓",
            "city": "新北市",
            "location_url": "https://www.vscinemas.com.tw/vsTicketing/ticketing/booking.aspx?cinemacode=32&txtSessionId=165882",
            "official_url": "https://www.vscinemas.com.tw/",
            "crawl_url": "https://www.vscinemas.com.tw/ShowTimes/",
            "movie_title": "劇場版 Love Live! 蓮之空女學院學園偶像俱樂部 Bloom Garden Party",
            "show_date": "2026-10-01",
            "showtime_count": 1,
            "showtimes": [
              {
                "time": "10:35",
                "format": "(數位)LOVE LIVE! 蓮之空女學院學園偶像俱樂部BLOOM GARDEN PARTY (普遍級)",
                "language": null,
                "auditorium": null,
                "booking_url": "https://www.vscinemas.com.tw/vsTicketing/ticketing/booking.aspx?cinemacode=32&txtSessionId=165882",
                "label": "10:35 (數位)LOVE LIVE! 蓮之空女學院學園偶像俱樂部BLOOM GARDEN PARTY (普遍級)"
              }
            ],
            "start_times": "10:35"
          }
        },
        {
          "type": "Feature",
          "geometry": {
            "type": "Point",
            "coordinates": [
              120.965210879671,
              24.802185606585
            ]
          },
          "properties": {
            "location_id": 32,
            "chain_name": "威秀影城 / VIESHOW",
            "location_name": "新竹大遠百威秀影城",
            "map_name": "威秀影城 / VIESHOW 新竹大遠百威秀影城",
            "address": "新竹市東區西大路323號8樓",
            "city": "新竹市",
            "location_url": "https://www.vscinemas.com.tw/vsTicketing/ticketing/booking.aspx?cinemacode=2&txtSessionId=1169050",
            "official_url": "https://www.vscinemas.com.tw/",
            "crawl_url": "https://www.vscinemas.com.tw/ShowTimes/",
            "movie_title": "劇場版 Love Live! 蓮之空女學院學園偶像俱樂部 Bloom Garden Party",
            "show_date": "2026-10-01",
            "showtime_count": 1,
            "showtimes": [
              {
                "time": "15:00",
                "format": "(數位)LOVE LIVE! 蓮之空女學院學園偶像俱樂部BLOOM GARDEN PARTY (普遍級)",
                "language": null,
                "auditorium": null,
                "booking_url": "https://www.vscinemas.com.tw/vsTicketing/ticketing/booking.aspx?cinemacode=2&txtSessionId=1169050",
                "label": "15:00 (數位)LOVE LIVE! 蓮之空女學院學園偶像俱樂部BLOOM GARDEN PARTY (普遍級)"
              }
            ],
            "start_times": "15:00"
          }
        },
        {
          "type": "Feature",
          "geometry": {
            "type": "Point",
            "coordinates": [
              121.363547165582,
              25.071241094298
            ]
          },
          "properties": {
            "location_id": 36,
            "chain_name": "威秀影城 / VIESHOW",
            "location_name": "林口MITSUI OUTLET PARK威秀影城",
            "map_name": "威秀影城 / VIESHOW 林口MITSUI OUTLET PARK威秀影城",
            "address": "新北市林口區文化三路一段356號3樓",
            "city": "新北市",
            "location_url": "https://www.vscinemas.com.tw/vsTicketing/ticketing/booking.aspx?cinemacode=19&txtSessionId=487206",
            "official_url": "https://www.vscinemas.com.tw/",
            "crawl_url": "https://www.vscinemas.com.tw/ShowTimes/",
            "movie_title": "劇場版 Love Live! 蓮之空女學院學園偶像俱樂部 Bloom Garden Party",
            "show_date": "2026-10-01",
            "showtime_count": 1,
            "showtimes": [
              {
                "time": "11:40",
                "format": "(數位)LOVE LIVE! 蓮之空女學院學園偶像俱樂部BLOOM GARDEN PARTY (普遍級)",
                "language": null,
                "auditorium": null,
                "booking_url": "https://www.vscinemas.com.tw/vsTicketing/ticketing/booking.aspx?cinemacode=19&txtSessionId=487206",
                "label": "11:40 (數位)LOVE LIVE! 蓮之空女學院學園偶像俱樂部BLOOM GARDEN PARTY (普遍級)"
              }
            ],
            "start_times": "11:40"
          }
        },
        {
          "type": "Feature",
          "geometry": {
            "type": "Point",
            "coordinates": [
              121.312523000553,
              24.991112991698
            ]
          },
          "properties": {
            "location_id": 38,
            "chain_name": "威秀影城 / VIESHOW",
            "location_name": "桃園統領威秀影城",
            "map_name": "威秀影城 / VIESHOW 桃園統領威秀影城",
            "address": "桃園市桃園區中正路61號9樓",
            "city": "桃園市",
            "location_url": "https://www.vscinemas.com.tw/vsTicketing/ticketing/booking.aspx?cinemacode=20&txtSessionId=752817",
            "official_url": "https://www.vscinemas.com.tw/",
            "crawl_url": "https://www.vscinemas.com.tw/ShowTimes/",
            "movie_title": "劇場版 Love Live! 蓮之空女學院學園偶像俱樂部 Bloom Garden Party",
            "show_date": "2026-10-01",
            "showtime_count": 1,
            "showtimes": [
              {
                "time": "11:35",
                "format": "(數位)LOVE LIVE! 蓮之空女學院學園偶像俱樂部BLOOM GARDEN PARTY (普遍級)",
                "language": null,
                "auditorium": null,
                "booking_url": "https://www.vscinemas.com.tw/vsTicketing/ticketing/booking.aspx?cinemacode=20&txtSessionId=752817",
                "label": "11:35 (數位)LOVE LIVE! 蓮之空女學院學園偶像俱樂部BLOOM GARDEN PARTY (普遍級)"
              }
            ],
            "start_times": "11:35"
          }
        },
        {
          "type": "Feature",
          "geometry": {
            "type": "Point",
            "coordinates": [
              120.9044778187,
              24.689649677472
            ]
          },
          "properties": {
            "location_id": 40,
            "chain_name": "威秀影城 / VIESHOW",
            "location_name": "頭份尚順威秀影城",
            "map_name": "威秀影城 / VIESHOW 頭份尚順威秀影城",
            "address": "苗栗縣頭份市中央路105號7樓",
            "city": "苗栗縣",
            "location_url": "https://www.vscinemas.com.tw/vsTicketing/ticketing/booking.aspx?cinemacode=18&txtSessionId=385372",
            "official_url": "https://www.vscinemas.com.tw/",
            "crawl_url": "https://www.vscinemas.com.tw/ShowTimes/",
            "movie_title": "劇場版 Love Live! 蓮之空女學院學園偶像俱樂部 Bloom Garden Party",
            "show_date": "2026-10-01",
            "showtime_count": 1,
            "showtimes": [
              {
                "time": "12:30",
                "format": "(數位)LOVE LIVE! 蓮之空女學院學園偶像俱樂部BLOOM GARDEN PARTY (普遍級)",
                "language": null,
                "auditorium": null,
                "booking_url": "https://www.vscinemas.com.tw/vsTicketing/ticketing/booking.aspx?cinemacode=18&txtSessionId=385372",
                "label": "12:30 (數位)LOVE LIVE! 蓮之空女學院學園偶像俱樂部BLOOM GARDEN PARTY (普遍級)"
              }
            ],
            "start_times": "12:30"
          }
        },
        {
          "type": "Feature",
          "geometry": {
            "type": "Point",
            "coordinates": [
              120.303548975058,
              22.613424008067
            ]
          },
          "properties": {
            "location_id": 41,
            "chain_name": "威秀影城 / VIESHOW",
            "location_name": "高雄大遠百威秀影城",
            "map_name": "威秀影城 / VIESHOW 高雄大遠百威秀影城",
            "address": "高雄市苓雅區三多四路21號13樓",
            "city": "高雄市",
            "location_url": "https://www.vscinemas.com.tw/vsTicketing/ticketing/booking.aspx?cinemacode=6&txtSessionId=1854187",
            "official_url": "https://www.vscinemas.com.tw/",
            "crawl_url": "https://www.vscinemas.com.tw/ShowTimes/",
            "movie_title": "劇場版 Love Live! 蓮之空女學院學園偶像俱樂部 Bloom Garden Party",
            "show_date": "2026-10-01",
            "showtime_count": 1,
            "showtimes": [
              {
                "time": "11:50",
                "format": "(數位)LOVE LIVE! 蓮之空女學院學園偶像俱樂部BLOOM GARDEN PARTY (普遍級)",
                "language": null,
                "auditorium": null,
                "booking_url": "https://www.vscinemas.com.tw/vsTicketing/ticketing/booking.aspx?cinemacode=6&txtSessionId=1854187",
                "label": "11:50 (數位)LOVE LIVE! 蓮之空女學院學園偶像俱樂部BLOOM GARDEN PARTY (普遍級)"
              }
            ],
            "start_times": "11:50"
          }
        }
      ]
    },
    "劇場版 吉伊卡哇 人魚島的秘密": {
      "2026-09-30": [
        {
          "type": "Feature",
          "geometry": {
            "type": "Point",
            "coordinates": [
              120.638356972783,
              24.164220012801
            ]
          },
          "properties": {
            "location_id": 1,
            "chain_name": "MUVIE CINEMAS",
            "location_name": "MUVIE CINEMAS 台中TIGER CITY",
            "map_name": "MUVIE CINEMAS MUVIE CINEMAS 台中TIGER CITY",
            "address": "台中市西屯區河南路三段120-1號4樓",
            "city": "臺中市",
            "location_url": "https://www.vscinemas.com.tw/vsTicketing/ticketing/booking.aspx?cinemacode=3&txtSessionId=1022132",
            "official_url": "https://www.vscinemas.com.tw/",
            "crawl_url": "https://www.vscinemas.com.tw/ShowTimes/",
            "movie_title": "劇場版 吉伊卡哇 人魚島的秘密",
            "show_date": "2026-09-30",
            "showtime_count": 1,
            "showtimes": [
              {
                "time": "11:10",
                "format": "(數位 國)劇場版 吉伊卡哇 人魚島的秘密 (保護級)",
                "language": null,
                "auditorium": null,
                "booking_url": "https://www.vscinemas.com.tw/vsTicketing/ticketing/booking.aspx?cinemacode=3&txtSessionId=1022132",
                "label": "11:10 (數位 國)劇場版 吉伊卡哇 人魚島的秘密 (保護級)"
              }
            ],
            "start_times": "11:10"
          }
        },
        {
          "type": "Feature",
          "geometry": {
            "type": "Point",
            "coordinates": [
              121.567967870072,
              25.036731960735
            ]
          },
          "properties": {
            "location_id": 3,
            "chain_name": "MUVIE CINEMAS",
            "location_name": "MUVIE CINEMAS 台北松仁",
            "map_name": "MUVIE CINEMAS MUVIE CINEMAS 台北松仁",
            "address": "台北市信義區松仁路58號10樓",
            "city": "臺北市",
            "location_url": "https://www.vscinemas.com.tw/vsTicketing/ticketing/booking.aspx?cinemacode=21&txtSessionId=166222",
            "official_url": "https://www.vscinemas.com.tw/",
            "crawl_url": "https://www.vscinemas.com.tw/ShowTimes/",
            "movie_title": "劇場版 吉伊卡哇 人魚島的秘密",
            "show_date": "2026-09-30",
            "showtime_count": 1,
            "showtimes": [
              {
                "time": "13:05",
                "format": "(數位 日)劇場版 吉伊卡哇 人魚島的秘密 (保護級)",
                "language": null,
                "auditorium": null,
                "booking_url": "https://www.vscinemas.com.tw/vsTicketing/ticketing/booking.aspx?cinemacode=21&txtSessionId=166222",
                "label": "13:05 (數位 日)劇場版 吉伊卡哇 人魚島的秘密 (保護級)"
              }
            ],
            "start_times": "13:05"
          }
        },
        {
          "type": "Feature",
          "geometry": {
            "type": "Point",
            "coordinates": [
              120.706113763482,
              24.25198528648
            ]
          },
          "properties": {
            "location_id": 5,
            "chain_name": "in89 豪華影城",
            "location_name": "台中豐原 in89豪華影城",
            "map_name": "in89 豪華影城 台中豐原 in89豪華影城",
            "address": "台中市豐原區成功路500號5樓",
            "city": "臺中市",
            "location_url": "https://www.in89cinemax.com/film_list.aspx?TheaterId=15",
            "official_url": "https://www.in89cinemax.com/",
            "crawl_url": "https://fengyuan.in89.com.tw/api/api_movie.php?method=getStagesByDate",
            "movie_title": "劇場版 吉伊卡哇 人魚島的秘密",
            "show_date": "2026-09-30",
            "showtime_count": 1,
            "showtimes": [
              {
                "time": "12:00",
                "format": "10廳",
                "language": "日語",
                "auditorium": null,
                "booking_url": "https://www.in89cinemax.com/film_list.aspx?TheaterId=15",
                "label": "12:00 10廳"
              }
            ],
            "start_times": "12:00"
          }
        },
        {
          "type": "Feature",
          "geometry": {
            "type": "Point",
            "coordinates": [
              120.298119010543,
              22.621851005881
            ]
          },
          "properties": {
            "location_id": 9,
            "chain_name": "in89 豪華影城",
            "location_name": "高雄大立 in89豪華影城",
            "map_name": "in89 豪華影城 高雄大立 in89豪華影城",
            "address": "高雄市前金區五福三路57號9樓",
            "city": "高雄市",
            "location_url": "https://www.in89cinemax.com/film_list.aspx?TheaterId=16",
            "official_url": "https://www.in89cinemax.com/",
            "crawl_url": "https://talee.in89.com.tw/api/api_movie.php?method=getStagesByDate",
            "movie_title": "劇場版 吉伊卡哇 人魚島的秘密",
            "show_date": "2026-09-30",
            "showtime_count": 1,
            "showtimes": [
              {
                "time": "10:00",
                "format": "01廳(9F)",
                "language": "日語",
                "auditorium": null,
                "booking_url": "https://www.in89cinemax.com/film_list.aspx?TheaterId=16",
                "label": "10:00 01廳(9F)"
              }
            ],
            "start_times": "10:00"
          }
        },
        {
          "type": "Feature",
          "geometry": {
            "type": "Point",
            "coordinates": [
              120.4920364,
              22.6706255
            ]
          },
          "properties": {
            "location_id": 73,
            "chain_name": "中影屏東影城",
            "location_name": "中影屏東影城",
            "map_name": "中影屏東影城 中影屏東影城",
            "address": "屏東縣屏東市民生路248號",
            "city": "屏東縣",
            "location_url": "https://www.ezding.com.tw/cinemabooking?cinemaid=2c28121ae2c711e292f7000bdb90dba4",
            "official_url": "https://ptcinema.movie.com.tw/",
            "crawl_url": "https://ptcinema.movie.com.tw/lightbox/index?id=3239",
            "movie_title": "劇場版 吉伊卡哇 人魚島的秘密",
            "show_date": "2026-09-30",
            "showtime_count": 1,
            "showtimes": [
              {
                "time": "12:20",
                "format": "(日文版)劇場版 吉伊卡哇 人魚島的秘密",
                "language": "日語",
                "auditorium": null,
                "booking_url": "https://www.ezding.com.tw/cinemabooking?cinemaid=2c28121ae2c711e292f7000bdb90dba4",
                "label": "12:20 (日文版)劇場版 吉伊卡哇 人魚島的秘密"
              }
            ],
            "start_times": "12:20"
          }
        },
        {
          "type": "Feature",
          "geometry": {
            "type": "Point",
            "coordinates": [
              120.3037,
              22.60394
            ]
          },
          "properties": {
            "location_id": 90,
            "chain_name": "台鋁影城",
            "location_name": "MLD台鋁影城",
            "map_name": "台鋁影城 MLD台鋁影城",
            "address": "高雄市前鎮區忠勤路8號",
            "city": "高雄市",
            "location_url": "https://mldcinema.com.tw/OnlinePurchase.php?computerid=264848",
            "official_url": null,
            "crawl_url": "https://mldcinema.com.tw/TimeList.php",
            "movie_title": "劇場版 吉伊卡哇 人魚島的秘密",
            "show_date": "2026-09-30",
            "showtime_count": 1,
            "showtimes": [
              {
                "time": "13:20",
                "format": "(日)劇場版 吉伊卡哇 人魚島的秘密",
                "language": null,
                "auditorium": null,
                "booking_url": "https://mldcinema.com.tw/OnlinePurchase.php?computerid=264848",
                "label": "13:20 (日)劇場版 吉伊卡哇 人魚島的秘密"
              }
            ],
            "start_times": "13:20"
          }
        },
        {
          "type": "Feature",
          "geometry": {
            "type": "Point",
            "coordinates": [
              121.61127671349537,
              25.070089175979927
            ]
          },
          "properties": {
            "location_id": 76,
            "chain_name": "哈拉影城",
            "location_name": "哈拉影城",
            "map_name": "哈拉影城 哈拉影城",
            "address": "臺北市內湖區南湖里康寧路三段72號",
            "city": "臺北市",
            "location_url": "https://halarcity.com.tw/Browsing/Cinemas/Details/0000000001",
            "official_url": "https://www.halarcity.com/",
            "crawl_url": "https://halarcity.com.tw/Browsing/Cinemas/Details/0000000001",
            "movie_title": "劇場版 吉伊卡哇 人魚島的秘密",
            "show_date": "2026-09-30",
            "showtime_count": 1,
            "showtimes": [
              {
                "time": "13:50",
                "format": "(日)劇場版 吉伊卡哇 人魚島的秘密",
                "language": null,
                "auditorium": "跨腳廳",
                "booking_url": "https://halarcity.com.tw/Browsing/Cinemas/Details/0000000001",
                "label": "13:50 (日)劇場版 吉伊卡哇 人魚島的秘密 / 跨腳廳"
              }
            ],
            "start_times": "13:50"
          }
        },
        {
          "type": "Feature",
          "geometry": {
            "type": "Point",
            "coordinates": [
              121.604793,
              25.052363
            ]
          },
          "properties": {
            "location_id": 86,
            "chain_name": "喜樂時代影城",
            "location_name": "喜樂時代影城南港店",
            "map_name": "喜樂時代影城 喜樂時代影城南港店",
            "address": "台北市南港區忠孝東路七段299號",
            "city": "臺北市",
            "location_url": "https://www.centuryasia.com.tw/book.html?sid=Nangang&ver=0fKKApRlrx8=",
            "official_url": "https://www.centuryasia.com.tw/",
            "crawl_url": "https://www.centuryasia.com.tw/book.html?sid=Nangang&ver=0fKKApRlrx8=",
            "movie_title": "劇場版 吉伊卡哇 人魚島的秘密",
            "show_date": "2026-09-30",
            "showtime_count": 3,
            "showtimes": [
              {
                "time": "11:25",
                "format": "2D日語",
                "language": "日語",
                "auditorium": "17廳",
                "booking_url": "https://www.centuryasia.com.tw/book.html?sid=Nangang&ver=0fKKApRlrx8=",
                "label": "11:25 2D日語 / 17廳"
              },
              {
                "time": "15:45",
                "format": "2D國語",
                "language": "國語",
                "auditorium": "16廳",
                "booking_url": "https://www.centuryasia.com.tw/book.html?sid=Nangang&ver=0fKKApRlrx8=",
                "label": "15:45 2D國語 / 16廳"
              },
              {
                "time": "18:00",
                "format": "2D日語",
                "language": "日語",
                "auditorium": "25廳",
                "booking_url": "https://www.centuryasia.com.tw/book.html?sid=Nangang&ver=0fKKApRlrx8=",
                "label": "18:00 2D日語 / 25廳"
              }
            ],
            "start_times": "11:25, 15:45, 18:00"
          }
        },
        {
          "type": "Feature",
          "geometry": {
            "type": "Point",
            "coordinates": [
              121.507646,
              25.007836
            ]
          },
          "properties": {
            "location_id": 87,
            "chain_name": "喜樂時代影城",
            "location_name": "喜樂時代影城永和店",
            "map_name": "喜樂時代影城 喜樂時代影城永和店",
            "address": "新北市永和區中山路一段238號",
            "city": "新北市",
            "location_url": "https://beyond.centuryasia.com.tw/ticket_online.aspx?page=1",
            "official_url": "https://www.centuryasia.com.tw/",
            "crawl_url": "https://beyond.centuryasia.com.tw/ticket_online.aspx?page=1",
            "movie_title": "劇場版 吉伊卡哇 人魚島的秘密",
            "show_date": "2026-09-30",
            "showtime_count": 2,
            "showtimes": [
              {
                "time": "12:30",
                "format": "數位國語",
                "language": "國語",
                "auditorium": "9廳",
                "booking_url": "https://beyond.centuryasia.com.tw/ticket_online.aspx?page=1",
                "label": "12:30 數位國語 / 9廳"
              },
              {
                "time": "16:30",
                "format": "數位日語",
                "language": "日語",
                "auditorium": "9廳",
                "booking_url": "https://beyond.centuryasia.com.tw/ticket_online.aspx?page=1",
                "label": "16:30 數位日語 / 9廳"
              }
            ],
            "start_times": "12:30, 16:30"
          }
        },
        {
          "type": "Feature",
          "geometry": {
            "type": "Point",
            "coordinates": [
              121.475688899623,
              25.006077203437
            ]
          },
          "properties": {
            "location_id": 20,
            "chain_name": "威秀影城 / VIESHOW",
            "location_name": "中和環球威秀影城",
            "map_name": "威秀影城 / VIESHOW 中和環球威秀影城",
            "address": "新北市中和區中山路三段122號4樓",
            "city": "新北市",
            "location_url": "https://www.vscinemas.com.tw/vsTicketing/ticketing/booking.aspx?cinemacode=30&txtSessionId=211782",
            "official_url": "https://www.vscinemas.com.tw/",
            "crawl_url": "https://www.vscinemas.com.tw/ShowTimes/",
            "movie_title": "劇場版 吉伊卡哇 人魚島的秘密",
            "show_date": "2026-09-30",
            "showtime_count": 2,
            "showtimes": [
              {
                "time": "14:00",
                "format": "(數位 國)劇場版 吉伊卡哇 人魚島的秘密 (保護級)",
                "language": null,
                "auditorium": null,
                "booking_url": "https://www.vscinemas.com.tw/vsTicketing/ticketing/booking.aspx?cinemacode=30&txtSessionId=211782",
                "label": "14:00 (數位 國)劇場版 吉伊卡哇 人魚島的秘密 (保護級)"
              },
              {
                "time": "17:35",
                "format": "(數位 日)劇場版 吉伊卡哇 人魚島的秘密 (保護級)",
                "language": null,
                "auditorium": null,
                "booking_url": "https://www.vscinemas.com.tw/vsTicketing/ticketing/booking.aspx?cinemacode=30&txtSessionId=211784",
                "label": "17:35 (數位 日)劇場版 吉伊卡哇 人魚島的秘密 (保護級)"
              }
            ],
            "start_times": "14:00, 17:35"
          }
        },
        {
          "type": "Feature",
          "geometry": {
            "type": "Point",
            "coordinates": [
              120.687673995592,
              24.135473018575
            ]
          },
          "properties": {
            "location_id": 21,
            "chain_name": "威秀影城 / VIESHOW",
            "location_name": "台中iFG 遠雄廣場威秀影城",
            "map_name": "威秀影城 / VIESHOW 台中iFG 遠雄廣場威秀影城",
            "address": "台中市東區復興路四段186號4樓",
            "city": "臺中市",
            "location_url": "https://www.vscinemas.com.tw/vsTicketing/ticketing/booking.aspx?cinemacode=31&txtSessionId=185971",
            "official_url": "https://www.vscinemas.com.tw/",
            "crawl_url": "https://www.vscinemas.com.tw/ShowTimes/",
            "movie_title": "劇場版 吉伊卡哇 人魚島的秘密",
            "show_date": "2026-09-30",
            "showtime_count": 2,
            "showtimes": [
              {
                "time": "12:15",
                "format": "(數位 日)劇場版 吉伊卡哇 人魚島的秘密 (保護級)",
                "language": null,
                "auditorium": null,
                "booking_url": "https://www.vscinemas.com.tw/vsTicketing/ticketing/booking.aspx?cinemacode=31&txtSessionId=185971",
                "label": "12:15 (數位 日)劇場版 吉伊卡哇 人魚島的秘密 (保護級)"
              },
              {
                "time": "18:00",
                "format": "(數位 日)劇場版 吉伊卡哇 人魚島的秘密 (保護級)",
                "language": null,
                "auditorium": null,
                "booking_url": "https://www.vscinemas.com.tw/vsTicketing/ticketing/booking.aspx?cinemacode=31&txtSessionId=185974",
                "label": "18:00 (數位 日)劇場版 吉伊卡哇 人魚島的秘密 (保護級)"
              }
            ],
            "start_times": "12:15, 18:00"
          }
        },
        {
          "type": "Feature",
          "geometry": {
            "type": "Point",
            "coordinates": [
              121.5184321,
              25.0490792
            ]
          },
          "properties": {
            "location_id": 23,
            "chain_name": "威秀影城 / VIESHOW",
            "location_name": "台北京站威秀影城",
            "map_name": "威秀影城 / VIESHOW 台北京站威秀影城",
            "address": "台北市大同區市民大道一段209號5樓",
            "city": "臺北市",
            "location_url": "https://www.vscinemas.com.tw/vsTicketing/ticketing/booking.aspx?cinemacode=12&txtSessionId=898580",
            "official_url": "https://www.vscinemas.com.tw/",
            "crawl_url": "https://www.vscinemas.com.tw/ShowTimes/",
            "movie_title": "劇場版 吉伊卡哇 人魚島的秘密",
            "show_date": "2026-09-30",
            "showtime_count": 3,
            "showtimes": [
              {
                "time": "13:20",
                "format": "(數位 日)劇場版 吉伊卡哇 人魚島的秘密 (保護級)",
                "language": null,
                "auditorium": null,
                "booking_url": "https://www.vscinemas.com.tw/vsTicketing/ticketing/booking.aspx?cinemacode=12&txtSessionId=898580",
                "label": "13:20 (數位 日)劇場版 吉伊卡哇 人魚島的秘密 (保護級)"
              },
              {
                "time": "17:00",
                "format": "(數位 日)劇場版 吉伊卡哇 人魚島的秘密 (保護級)",
                "language": null,
                "auditorium": null,
                "booking_url": "https://www.vscinemas.com.tw/vsTicketing/ticketing/booking.aspx?cinemacode=12&txtSessionId=898204",
                "label": "17:00 (數位 日)劇場版 吉伊卡哇 人魚島的秘密 (保護級)"
              },
              {
                "time": "21:00",
                "format": "(數位 日)劇場版 吉伊卡哇 人魚島的秘密 (保護級)",
                "language": null,
                "auditorium": null,
                "booking_url": "https://www.vscinemas.com.tw/vsTicketing/ticketing/booking.aspx?cinemacode=12&txtSessionId=898550",
                "label": "21:00 (數位 日)劇場版 吉伊卡哇 人魚島的秘密 (保護級)"
              }
            ],
            "start_times": "13:20, 17:00, 21:00"
          }
        },
        {
          "type": "Feature",
          "geometry": {
            "type": "Point",
            "coordinates": [
              121.567405360549,
              25.035641139855
            ]
          },
          "properties": {
            "location_id": 24,
            "chain_name": "威秀影城 / VIESHOW",
            "location_name": "台北信義威秀影城",
            "map_name": "威秀影城 / VIESHOW 台北信義威秀影城",
            "address": "台北市信義區松壽路20號2樓",
            "city": "臺北市",
            "location_url": "https://www.vscinemas.com.tw/vsTicketing/ticketing/booking.aspx?cinemacode=1&txtSessionId=1879127",
            "official_url": "https://www.vscinemas.com.tw/",
            "crawl_url": "https://www.vscinemas.com.tw/ShowTimes/",
            "movie_title": "劇場版 吉伊卡哇 人魚島的秘密",
            "show_date": "2026-09-30",
            "showtime_count": 3,
            "showtimes": [
              {
                "time": "10:30",
                "format": "(4DX 日)劇場版 吉伊卡哇 人魚島的秘密 (保護級)",
                "language": null,
                "auditorium": null,
                "booking_url": "https://www.vscinemas.com.tw/vsTicketing/ticketing/booking.aspx?cinemacode=1&txtSessionId=1879127",
                "label": "10:30 (4DX 日)劇場版 吉伊卡哇 人魚島的秘密 (保護級)"
              },
              {
                "time": "13:25",
                "format": "(數位 日)劇場版 吉伊卡哇 人魚島的秘密 (保護級)",
                "language": null,
                "auditorium": null,
                "booking_url": "https://www.vscinemas.com.tw/vsTicketing/ticketing/booking.aspx?cinemacode=1&txtSessionId=1879574",
                "label": "13:25 (數位 日)劇場版 吉伊卡哇 人魚島的秘密 (保護級)"
              },
              {
                "time": "21:45",
                "format": "(數位 日)劇場版 吉伊卡哇 人魚島的秘密 (保護級)",
                "language": null,
                "auditorium": null,
                "booking_url": "https://www.vscinemas.com.tw/vsTicketing/ticketing/booking.aspx?cinemacode=1&txtSessionId=1879517",
                "label": "21:45 (數位 日)劇場版 吉伊卡哇 人魚島的秘密 (保護級)"
              }
            ],
            "start_times": "10:30, 13:25, 21:45"
          }
        },
        {
          "type": "Feature",
          "geometry": {
            "type": "Point",
            "coordinates": [
              121.617582534262,
              25.059344952488
            ]
          },
          "properties": {
            "location_id": 25,
            "chain_name": "威秀影城 / VIESHOW",
            "location_name": "台北南港 LaLaport威秀影城",
            "map_name": "威秀影城 / VIESHOW 台北南港 LaLaport威秀影城",
            "address": "台北市南港區經貿二路131號5樓",
            "city": "臺北市",
            "location_url": "https://www.vscinemas.com.tw/vsTicketing/ticketing/booking.aspx?cinemacode=35&txtSessionId=147105",
            "official_url": "https://www.vscinemas.com.tw/",
            "crawl_url": "https://www.vscinemas.com.tw/ShowTimes/",
            "movie_title": "劇場版 吉伊卡哇 人魚島的秘密",
            "show_date": "2026-09-30",
            "showtime_count": 3,
            "showtimes": [
              {
                "time": "11:10",
                "format": "(數位 國)劇場版 吉伊卡哇 人魚島的秘密 (保護級)",
                "language": null,
                "auditorium": null,
                "booking_url": "https://www.vscinemas.com.tw/vsTicketing/ticketing/booking.aspx?cinemacode=35&txtSessionId=147105",
                "label": "11:10 (數位 國)劇場版 吉伊卡哇 人魚島的秘密 (保護級)"
              },
              {
                "time": "15:20",
                "format": "(數位 日)劇場版 吉伊卡哇 人魚島的秘密 (保護級)",
                "language": null,
                "auditorium": null,
                "booking_url": "https://www.vscinemas.com.tw/vsTicketing/ticketing/booking.aspx?cinemacode=35&txtSessionId=147104",
                "label": "15:20 (數位 日)劇場版 吉伊卡哇 人魚島的秘密 (保護級)"
              },
              {
                "time": "19:30",
                "format": "(數位 日)劇場版 吉伊卡哇 人魚島的秘密 (保護級)",
                "language": null,
                "auditorium": null,
                "booking_url": "https://www.vscinemas.com.tw/vsTicketing/ticketing/booking.aspx?cinemacode=35&txtSessionId=147106",
                "label": "19:30 (數位 日)劇場版 吉伊卡哇 人魚島的秘密 (保護級)"
              }
            ],
            "start_times": "11:10, 15:20, 19:30"
          }
        },
        {
          "type": "Feature",
          "geometry": {
            "type": "Point",
            "coordinates": [
              121.507210471438,
              25.043930129634
            ]
          },
          "properties": {
            "location_id": 26,
            "chain_name": "威秀影城 / VIESHOW",
            "location_name": "台北西門威秀影城",
            "map_name": "威秀影城 / VIESHOW 台北西門威秀影城",
            "address": "台北市萬華區漢中街52號7樓",
            "city": "臺北市",
            "location_url": "https://www.vscinemas.com.tw/vsTicketing/ticketing/booking.aspx?cinemacode=34&txtSessionId=87903",
            "official_url": "https://www.vscinemas.com.tw/",
            "crawl_url": "https://www.vscinemas.com.tw/ShowTimes/",
            "movie_title": "劇場版 吉伊卡哇 人魚島的秘密",
            "show_date": "2026-09-30",
            "showtime_count": 1,
            "showtimes": [
              {
                "time": "16:30",
                "format": "(數位 日)劇場版 吉伊卡哇 人魚島的秘密 (保護級)",
                "language": null,
                "auditorium": null,
                "booking_url": "https://www.vscinemas.com.tw/vsTicketing/ticketing/booking.aspx?cinemacode=34&txtSessionId=87903",
                "label": "16:30 (數位 日)劇場版 吉伊卡哇 人魚島的秘密 (保護級)"
              }
            ],
            "start_times": "16:30"
          }
        },
        {
          "type": "Feature",
          "geometry": {
            "type": "Point",
            "coordinates": [
              120.210166862332,
              22.995629908049
            ]
          },
          "properties": {
            "location_id": 27,
            "chain_name": "威秀影城 / VIESHOW",
            "location_name": "台南FOCUS威秀影城",
            "map_name": "威秀影城 / VIESHOW 台南FOCUS威秀影城",
            "address": "台南市中西區中山路166號11樓",
            "city": "臺南市",
            "location_url": "https://www.vscinemas.com.tw/ShowTimes/",
            "official_url": "https://www.vscinemas.com.tw/",
            "crawl_url": "https://www.vscinemas.com.tw/ShowTimes/",
            "movie_title": "劇場版 吉伊卡哇 人魚島的秘密",
            "show_date": "2026-09-30",
            "showtime_count": 2,
            "showtimes": [
              {
                "time": "09:35",
                "format": "(數位 日)劇場版 吉伊卡哇 人魚島的秘密 (保護級)",
                "language": null,
                "auditorium": null,
                "booking_url": "https://www.vscinemas.com.tw/ShowTimes/",
                "label": "09:35 (數位 日)劇場版 吉伊卡哇 人魚島的秘密 (保護級)"
              },
              {
                "time": "14:00",
                "format": "(數位 日)劇場版 吉伊卡哇 人魚島的秘密 (保護級)",
                "language": null,
                "auditorium": null,
                "booking_url": "https://www.vscinemas.com.tw/vsTicketing/ticketing/booking.aspx?cinemacode=25&txtSessionId=307812",
                "label": "14:00 (數位 日)劇場版 吉伊卡哇 人魚島的秘密 (保護級)"
              }
            ],
            "start_times": "09:35, 14:00"
          }
        },
        {
          "type": "Feature",
          "geometry": {
            "type": "Point",
            "coordinates": [
              120.233454974477,
              22.990581990681
            ]
          },
          "properties": {
            "location_id": 28,
            "chain_name": "威秀影城 / VIESHOW",
            "location_name": "台南南紡威秀影城",
            "map_name": "威秀影城 / VIESHOW 台南南紡威秀影城",
            "address": "台南市東區中華東路一段366號5樓",
            "city": "臺南市",
            "location_url": "https://www.vscinemas.com.tw/vsTicketing/ticketing/booking.aspx?cinemacode=17&txtSessionId=704463",
            "official_url": "https://www.vscinemas.com.tw/",
            "crawl_url": "https://www.vscinemas.com.tw/ShowTimes/",
            "movie_title": "劇場版 吉伊卡哇 人魚島的秘密",
            "show_date": "2026-09-30",
            "showtime_count": 3,
            "showtimes": [
              {
                "time": "11:05",
                "format": "(數位 日)劇場版 吉伊卡哇 人魚島的秘密 (保護級)",
                "language": null,
                "auditorium": null,
                "booking_url": "https://www.vscinemas.com.tw/vsTicketing/ticketing/booking.aspx?cinemacode=17&txtSessionId=704463",
                "label": "11:05 (數位 日)劇場版 吉伊卡哇 人魚島的秘密 (保護級)"
              },
              {
                "time": "17:05",
                "format": "(數位 日)劇場版 吉伊卡哇 人魚島的秘密 (保護級)",
                "language": null,
                "auditorium": null,
                "booking_url": "https://www.vscinemas.com.tw/vsTicketing/ticketing/booking.aspx?cinemacode=17&txtSessionId=704332",
                "label": "17:05 (數位 日)劇場版 吉伊卡哇 人魚島的秘密 (保護級)"
              },
              {
                "time": "18:50",
                "format": "(數位 日)劇場版 吉伊卡哇 人魚島的秘密 (保護級)",
                "language": null,
                "auditorium": null,
                "booking_url": "https://www.vscinemas.com.tw/vsTicketing/ticketing/booking.aspx?cinemacode=17&txtSessionId=704494",
                "label": "18:50 (數位 日)劇場版 吉伊卡哇 人魚島的秘密 (保護級)"
              }
            ],
            "start_times": "11:05, 17:05, 18:50"
          }
        },
        {
          "type": "Feature",
          "geometry": {
            "type": "Point",
            "coordinates": [
              120.205827131963,
              22.995358795391
            ]
          },
          "properties": {
            "location_id": 30,
            "chain_name": "威秀影城 / VIESHOW",
            "location_name": "台南大遠百威秀影城",
            "map_name": "威秀影城 / VIESHOW 台南大遠百威秀影城",
            "address": "台南市中西區公園路60號5樓",
            "city": "臺南市",
            "location_url": "https://www.vscinemas.com.tw/vsTicketing/ticketing/booking.aspx?cinemacode=5&txtSessionId=910147",
            "official_url": "https://www.vscinemas.com.tw/",
            "crawl_url": "https://www.vscinemas.com.tw/ShowTimes/",
            "movie_title": "劇場版 吉伊卡哇 人魚島的秘密",
            "show_date": "2026-09-30",
            "showtime_count": 2,
            "showtimes": [
              {
                "time": "14:45",
                "format": "(數位 日)劇場版 吉伊卡哇 人魚島的秘密 (保護級)",
                "language": null,
                "auditorium": null,
                "booking_url": "https://www.vscinemas.com.tw/vsTicketing/ticketing/booking.aspx?cinemacode=5&txtSessionId=910147",
                "label": "14:45 (數位 日)劇場版 吉伊卡哇 人魚島的秘密 (保護級)"
              },
              {
                "time": "16:30",
                "format": "(4DX 日)劇場版 吉伊卡哇 人魚島的秘密 (保護級)",
                "language": null,
                "auditorium": null,
                "booking_url": "https://www.vscinemas.com.tw/vsTicketing/ticketing/booking.aspx?cinemacode=5&txtSessionId=909860",
                "label": "16:30 (4DX 日)劇場版 吉伊卡哇 人魚島的秘密 (保護級)"
              }
            ],
            "start_times": "14:45, 16:30"
          }
        },
        {
          "type": "Feature",
          "geometry": {
            "type": "Point",
            "coordinates": [
              121.5468264,
              24.9783596
            ]
          },
          "properties": {
            "location_id": 31,
            "chain_name": "威秀影城 / VIESHOW",
            "location_name": "新店裕隆城威秀影城",
            "map_name": "威秀影城 / VIESHOW 新店裕隆城威秀影城",
            "address": "新北市新店區中興路三段128號7樓",
            "city": "新北市",
            "location_url": "https://www.vscinemas.com.tw/vsTicketing/ticketing/booking.aspx?cinemacode=32&txtSessionId=165188",
            "official_url": "https://www.vscinemas.com.tw/",
            "crawl_url": "https://www.vscinemas.com.tw/ShowTimes/",
            "movie_title": "劇場版 吉伊卡哇 人魚島的秘密",
            "show_date": "2026-09-30",
            "showtime_count": 1,
            "showtimes": [
              {
                "time": "14:45",
                "format": "(數位 日)劇場版 吉伊卡哇 人魚島的秘密 (保護級)",
                "language": null,
                "auditorium": null,
                "booking_url": "https://www.vscinemas.com.tw/vsTicketing/ticketing/booking.aspx?cinemacode=32&txtSessionId=165188",
                "label": "14:45 (數位 日)劇場版 吉伊卡哇 人魚島的秘密 (保護級)"
              }
            ],
            "start_times": "14:45"
          }
        },
        {
          "type": "Feature",
          "geometry": {
            "type": "Point",
            "coordinates": [
              120.973836863867,
              24.810126998839
            ]
          },
          "properties": {
            "location_id": 34,
            "chain_name": "威秀影城 / VIESHOW",
            "location_name": "新竹巨城威秀影城",
            "map_name": "威秀影城 / VIESHOW 新竹巨城威秀影城",
            "address": "新竹市東區民權路176號4樓",
            "city": "新竹市",
            "location_url": "https://www.vscinemas.com.tw/vsTicketing/ticketing/booking.aspx?cinemacode=14&txtSessionId=668790",
            "official_url": "https://www.vscinemas.com.tw/",
            "crawl_url": "https://www.vscinemas.com.tw/ShowTimes/",
            "movie_title": "劇場版 吉伊卡哇 人魚島的秘密",
            "show_date": "2026-09-30",
            "showtime_count": 1,
            "showtimes": [
              {
                "time": "16:50",
                "format": "(數位 日)劇場版 吉伊卡哇 人魚島的秘密 (保護級)",
                "language": null,
                "auditorium": null,
                "booking_url": "https://www.vscinemas.com.tw/vsTicketing/ticketing/booking.aspx?cinemacode=14&txtSessionId=668790",
                "label": "16:50 (數位 日)劇場版 吉伊卡哇 人魚島的秘密 (保護級)"
              }
            ],
            "start_times": "16:50"
          }
        },
        {
          "type": "Feature",
          "geometry": {
            "type": "Point",
            "coordinates": [
              121.4671367,
              25.0140276
            ]
          },
          "properties": {
            "location_id": 35,
            "chain_name": "威秀影城 / VIESHOW",
            "location_name": "板橋大遠百威秀影城",
            "map_name": "威秀影城 / VIESHOW 板橋大遠百威秀影城",
            "address": "新北市板橋區新站路28號10樓",
            "city": "新北市",
            "location_url": "https://www.vscinemas.com.tw/vsTicketing/ticketing/booking.aspx?cinemacode=16&txtSessionId=761556",
            "official_url": "https://www.vscinemas.com.tw/",
            "crawl_url": "https://www.vscinemas.com.tw/ShowTimes/",
            "movie_title": "劇場版 吉伊卡哇 人魚島的秘密",
            "show_date": "2026-09-30",
            "showtime_count": 2,
            "showtimes": [
              {
                "time": "10:05",
                "format": "(數位 日)劇場版 吉伊卡哇 人魚島的秘密 (保護級)",
                "language": null,
                "auditorium": null,
                "booking_url": "https://www.vscinemas.com.tw/vsTicketing/ticketing/booking.aspx?cinemacode=16&txtSessionId=761556",
                "label": "10:05 (數位 日)劇場版 吉伊卡哇 人魚島的秘密 (保護級)"
              },
              {
                "time": "18:55",
                "format": "(數位 日)劇場版 吉伊卡哇 人魚島的秘密 (保護級)",
                "language": null,
                "auditorium": null,
                "booking_url": "https://www.vscinemas.com.tw/vsTicketing/ticketing/booking.aspx?cinemacode=16&txtSessionId=761531",
                "label": "18:55 (數位 日)劇場版 吉伊卡哇 人魚島的秘密 (保護級)"
              }
            ],
            "start_times": "10:05, 18:55"
          }
        },
        {
          "type": "Feature",
          "geometry": {
            "type": "Point",
            "coordinates": [
              121.363547165582,
              25.071241094298
            ]
          },
          "properties": {
            "location_id": 36,
            "chain_name": "威秀影城 / VIESHOW",
            "location_name": "林口MITSUI OUTLET PARK威秀影城",
            "map_name": "威秀影城 / VIESHOW 林口MITSUI OUTLET PARK威秀影城",
            "address": "新北市林口區文化三路一段356號3樓",
            "city": "新北市",
            "location_url": "https://www.vscinemas.com.tw/vsTicketing/ticketing/booking.aspx?cinemacode=19&txtSessionId=486953",
            "official_url": "https://www.vscinemas.com.tw/",
            "crawl_url": "https://www.vscinemas.com.tw/ShowTimes/",
            "movie_title": "劇場版 吉伊卡哇 人魚島的秘密",
            "show_date": "2026-09-30",
            "showtime_count": 1,
            "showtimes": [
              {
                "time": "11:00",
                "format": "(4DX 日)劇場版 吉伊卡哇 人魚島的秘密 (保護級)",
                "language": null,
                "auditorium": null,
                "booking_url": "https://www.vscinemas.com.tw/vsTicketing/ticketing/booking.aspx?cinemacode=19&txtSessionId=486953",
                "label": "11:00 (4DX 日)劇場版 吉伊卡哇 人魚島的秘密 (保護級)"
              }
            ],
            "start_times": "11:00"
          }
        },
        {
          "type": "Feature",
          "geometry": {
            "type": "Point",
            "coordinates": [
              121.300237045248,
              25.018843340565
            ]
          },
          "properties": {
            "location_id": 37,
            "chain_name": "威秀影城 / VIESHOW",
            "location_name": "桃園桃知道威秀影城",
            "map_name": "威秀影城 / VIESHOW 桃園桃知道威秀影城",
            "address": "桃園市桃園區南平路301號4樓",
            "city": "桃園市",
            "location_url": "https://www.vscinemas.com.tw/vsTicketing/ticketing/booking.aspx?cinemacode=33&txtSessionId=31982",
            "official_url": "https://www.vscinemas.com.tw/",
            "crawl_url": "https://www.vscinemas.com.tw/ShowTimes/",
            "movie_title": "劇場版 吉伊卡哇 人魚島的秘密",
            "show_date": "2026-09-30",
            "showtime_count": 1,
            "showtimes": [
              {
                "time": "13:00",
                "format": "(數位 日)劇場版 吉伊卡哇 人魚島的秘密 (保護級)",
                "language": null,
                "auditorium": null,
                "booking_url": "https://www.vscinemas.com.tw/vsTicketing/ticketing/booking.aspx?cinemacode=33&txtSessionId=31982",
                "label": "13:00 (數位 日)劇場版 吉伊卡哇 人魚島的秘密 (保護級)"
              }
            ],
            "start_times": "13:00"
          }
        },
        {
          "type": "Feature",
          "geometry": {
            "type": "Point",
            "coordinates": [
              121.312523000553,
              24.991112991698
            ]
          },
          "properties": {
            "location_id": 38,
            "chain_name": "威秀影城 / VIESHOW",
            "location_name": "桃園統領威秀影城",
            "map_name": "威秀影城 / VIESHOW 桃園統領威秀影城",
            "address": "桃園市桃園區中正路61號9樓",
            "city": "桃園市",
            "location_url": "https://www.vscinemas.com.tw/vsTicketing/ticketing/booking.aspx?cinemacode=20&txtSessionId=751952",
            "official_url": "https://www.vscinemas.com.tw/",
            "crawl_url": "https://www.vscinemas.com.tw/ShowTimes/",
            "movie_title": "劇場版 吉伊卡哇 人魚島的秘密",
            "show_date": "2026-09-30",
            "showtime_count": 3,
            "showtimes": [
              {
                "time": "11:40",
                "format": "(數位 國)劇場版 吉伊卡哇 人魚島的秘密 (保護級)",
                "language": null,
                "auditorium": null,
                "booking_url": "https://www.vscinemas.com.tw/vsTicketing/ticketing/booking.aspx?cinemacode=20&txtSessionId=751952",
                "label": "11:40 (數位 國)劇場版 吉伊卡哇 人魚島的秘密 (保護級)"
              },
              {
                "time": "13:40",
                "format": "(數位 日)劇場版 吉伊卡哇 人魚島的秘密 (保護級)",
                "language": null,
                "auditorium": null,
                "booking_url": "https://www.vscinemas.com.tw/vsTicketing/ticketing/booking.aspx?cinemacode=20&txtSessionId=751953",
                "label": "13:40 (數位 日)劇場版 吉伊卡哇 人魚島的秘密 (保護級)"
              },
              {
                "time": "18:05",
                "format": "(數位 日)劇場版 吉伊卡哇 人魚島的秘密 (保護級)",
                "language": null,
                "auditorium": null,
                "booking_url": "https://www.vscinemas.com.tw/vsTicketing/ticketing/booking.aspx?cinemacode=20&txtSessionId=751928",
                "label": "18:05 (數位 日)劇場版 吉伊卡哇 人魚島的秘密 (保護級)"
              }
            ],
            "start_times": "11:40, 13:40, 18:05"
          }
        },
        {
          "type": "Feature",
          "geometry": {
            "type": "Point",
            "coordinates": [
              121.594678077023,
              23.940428728193
            ]
          },
          "properties": {
            "location_id": 39,
            "chain_name": "威秀影城 / VIESHOW",
            "location_name": "花蓮新天堂樂園威秀影城",
            "map_name": "威秀影城 / VIESHOW 花蓮新天堂樂園威秀影城",
            "address": "花蓮縣吉安鄉南濱路一段503號3樓",
            "city": "花蓮縣",
            "location_url": "https://www.vscinemas.com.tw/vsTicketing/ticketing/booking.aspx?cinemacode=22&txtSessionId=214254",
            "official_url": "https://www.vscinemas.com.tw/",
            "crawl_url": "https://www.vscinemas.com.tw/ShowTimes/",
            "movie_title": "劇場版 吉伊卡哇 人魚島的秘密",
            "show_date": "2026-09-30",
            "showtime_count": 1,
            "showtimes": [
              {
                "time": "10:30",
                "format": "(A+ 日)劇場版 吉伊卡哇 人魚島的秘密 (保護級)",
                "language": null,
                "auditorium": null,
                "booking_url": "https://www.vscinemas.com.tw/vsTicketing/ticketing/booking.aspx?cinemacode=22&txtSessionId=214254",
                "label": "10:30 (A+ 日)劇場版 吉伊卡哇 人魚島的秘密 (保護級)"
              }
            ],
            "start_times": "10:30"
          }
        },
        {
          "type": "Feature",
          "geometry": {
            "type": "Point",
            "coordinates": [
              120.9044778187,
              24.689649677472
            ]
          },
          "properties": {
            "location_id": 40,
            "chain_name": "威秀影城 / VIESHOW",
            "location_name": "頭份尚順威秀影城",
            "map_name": "威秀影城 / VIESHOW 頭份尚順威秀影城",
            "address": "苗栗縣頭份市中央路105號7樓",
            "city": "苗栗縣",
            "location_url": "https://www.vscinemas.com.tw/vsTicketing/ticketing/booking.aspx?cinemacode=18&txtSessionId=385104",
            "official_url": "https://www.vscinemas.com.tw/",
            "crawl_url": "https://www.vscinemas.com.tw/ShowTimes/",
            "movie_title": "劇場版 吉伊卡哇 人魚島的秘密",
            "show_date": "2026-09-30",
            "showtime_count": 1,
            "showtimes": [
              {
                "time": "11:15",
                "format": "(數位 日)劇場版 吉伊卡哇 人魚島的秘密 (保護級)",
                "language": null,
                "auditorium": null,
                "booking_url": "https://www.vscinemas.com.tw/vsTicketing/ticketing/booking.aspx?cinemacode=18&txtSessionId=385104",
                "label": "11:15 (數位 日)劇場版 吉伊卡哇 人魚島的秘密 (保護級)"
              }
            ],
            "start_times": "11:15"
          }
        },
        {
          "type": "Feature",
          "geometry": {
            "type": "Point",
            "coordinates": [
              120.303548975058,
              22.613424008067
            ]
          },
          "properties": {
            "location_id": 41,
            "chain_name": "威秀影城 / VIESHOW",
            "location_name": "高雄大遠百威秀影城",
            "map_name": "威秀影城 / VIESHOW 高雄大遠百威秀影城",
            "address": "高雄市苓雅區三多四路21號13樓",
            "city": "高雄市",
            "location_url": "https://www.vscinemas.com.tw/vsTicketing/ticketing/booking.aspx?cinemacode=6&txtSessionId=1853532",
            "official_url": "https://www.vscinemas.com.tw/",
            "crawl_url": "https://www.vscinemas.com.tw/ShowTimes/",
            "movie_title": "劇場版 吉伊卡哇 人魚島的秘密",
            "show_date": "2026-09-30",
            "showtime_count": 4,
            "showtimes": [
              {
                "time": "12:30",
                "format": "(4DX 日)劇場版 吉伊卡哇 人魚島的秘密 (保護級)",
                "language": null,
                "auditorium": null,
                "booking_url": "https://www.vscinemas.com.tw/vsTicketing/ticketing/booking.aspx?cinemacode=6&txtSessionId=1853532",
                "label": "12:30 (4DX 日)劇場版 吉伊卡哇 人魚島的秘密 (保護級)"
              },
              {
                "time": "15:15",
                "format": "(數位 日)劇場版 吉伊卡哇 人魚島的秘密 (保護級)",
                "language": null,
                "auditorium": null,
                "booking_url": "https://www.vscinemas.com.tw/vsTicketing/ticketing/booking.aspx?cinemacode=6&txtSessionId=1853538",
                "label": "15:15 (數位 日)劇場版 吉伊卡哇 人魚島的秘密 (保護級)"
              },
              {
                "time": "18:00",
                "format": "(4DX 日)劇場版 吉伊卡哇 人魚島的秘密 (保護級)",
                "language": null,
                "auditorium": null,
                "booking_url": "https://www.vscinemas.com.tw/vsTicketing/ticketing/booking.aspx?cinemacode=6&txtSessionId=1852736",
                "label": "18:00 (4DX 日)劇場版 吉伊卡哇 人魚島的秘密 (保護級)"
              },
              {
                "time": "19:20",
                "format": "(數位 日)劇場版 吉伊卡哇 人魚島的秘密 (保護級)",
                "language": null,
                "auditorium": null,
                "booking_url": "https://www.vscinemas.com.tw/vsTicketing/ticketing/booking.aspx?cinemacode=6&txtSessionId=1853278",
                "label": "19:20 (數位 日)劇場版 吉伊卡哇 人魚島的秘密 (保護級)"
              }
            ],
            "start_times": "12:30, 15:15, 18:00, 19:20"
          }
        },
        {
          "type": "Feature",
          "geometry": {
            "type": "Point",
            "coordinates": [
              120.197693,
              22.986882
            ]
          },
          "properties": {
            "location_id": 46,
            "chain_name": "新光影城",
            "location_name": "新光影城台南西門",
            "map_name": "新光影城 新光影城台南西門",
            "address": "台南市中西區西門路一段658號9樓（新光三越台南新天地）",
            "city": "臺南市",
            "location_url": "https://www.skcinemas.com/films?c=1002",
            "official_url": "https://www.skcinemas.com/",
            "crawl_url": "https://www.atmovies.com.tw/showtime/t06607/a06/",
            "movie_title": "劇場版 吉伊卡哇 人魚島的秘密",
            "show_date": "2026-09-30",
            "showtime_count": 1,
            "showtimes": [
              {
                "time": "10:10",
                "format": "日文版",
                "language": "日語",
                "auditorium": null,
                "booking_url": "https://www.skcinemas.com/films?c=1002",
                "label": "10:10 日文版"
              }
            ],
            "start_times": "10:10"
          }
        },
        {
          "type": "Feature",
          "geometry": {
            "type": "Point",
            "coordinates": [
              121.213758,
              25.017327
            ]
          },
          "properties": {
            "location_id": 47,
            "chain_name": "新光影城",
            "location_name": "新光影城桃園青埔",
            "map_name": "新光影城 新光影城桃園青埔",
            "address": "桃園市中壢區春德路107號3-5樓（置地廣場·桃園）",
            "city": "桃園市",
            "location_url": "https://www.skcinemas.com/films?c=1004",
            "official_url": "https://www.skcinemas.com/",
            "crawl_url": "https://www.atmovies.com.tw/showtime/t03315/a03/",
            "movie_title": "劇場版 吉伊卡哇 人魚島的秘密",
            "show_date": "2026-09-30",
            "showtime_count": 1,
            "showtimes": [
              {
                "time": "10:50",
                "format": "日文版",
                "language": "日語",
                "auditorium": null,
                "booking_url": "https://www.skcinemas.com/films?c=1004",
                "label": "10:50 日文版"
              }
            ],
            "start_times": "10:50"
          }
        },
        {
          "type": "Feature",
          "geometry": {
            "type": "Point",
            "coordinates": [
              120.661777770455,
              24.1552672182
            ]
          },
          "properties": {
            "location_id": 50,
            "chain_name": "王牌映画影城",
            "location_name": "王牌映画影城－廣三SOGO店",
            "map_name": "王牌映画影城 王牌映画影城－廣三SOGO店",
            "address": "台中市西區臺灣大道二段459號18樓",
            "city": "臺中市",
            "location_url": "https://www.acecinema.com.tw/movie/now",
            "official_url": "https://www.acecinema.com.tw/",
            "crawl_url": "https://www.atmovies.com.tw/showtime/t04428/a04/",
            "movie_title": "劇場版 吉伊卡哇 人魚島的秘密",
            "show_date": "2026-09-30",
            "showtime_count": 1,
            "showtimes": [
              {
                "time": "18:25",
                "format": "日文版",
                "language": "日語",
                "auditorium": null,
                "booking_url": "https://www.acecinema.com.tw/movie/now",
                "label": "18:25 日文版"
              }
            ],
            "start_times": "18:25"
          }
        },
        {
          "type": "Feature",
          "geometry": {
            "type": "Point",
            "coordinates": [
              121.536644362629,
              25.010805770294
            ]
          },
          "properties": {
            "location_id": 51,
            "chain_name": "百老匯影城",
            "location_name": "公館百老匯影城",
            "map_name": "百老匯影城 公館百老匯影城",
            "address": "台北市文山區羅斯福路四段200號",
            "city": "臺北市",
            "location_url": "https://www.broadway-cineplex.com.tw/book.html?obj=Taipei&v25080101",
            "official_url": "https://www.broadway-cineplex.com.tw/",
            "crawl_url": "https://www.broadway-cineplex.com.tw/Movie/GetMovieList/Taipei",
            "movie_title": "劇場版 吉伊卡哇 人魚島的秘密",
            "show_date": "2026-09-30",
            "showtime_count": 1,
            "showtimes": [
              {
                "time": "12:45",
                "format": "數位/日語",
                "language": "日語",
                "auditorium": "1廳 3樓",
                "booking_url": "https://www.broadway-cineplex.com.tw/book.html?obj=Taipei&v25080101",
                "label": "12:45 數位/日語 / 1廳 3樓",
                "seat_preview_url": "https://www.broadway-cineplex.com.tw/quick-view.html?obj=Taipei,0000884,2026-09-30,12-45,0001"
              }
            ],
            "start_times": "12:45"
          }
        },
        {
          "type": "Feature",
          "geometry": {
            "type": "Point",
            "coordinates": [
              121.02123777733,
              24.809823168098
            ]
          },
          "properties": {
            "location_id": 52,
            "chain_name": "百老匯影城",
            "location_name": "竹北百老匯影城",
            "map_name": "百老匯影城 竹北百老匯影城",
            "address": "新竹縣竹北市自強南路36號3~5樓",
            "city": "新竹縣",
            "location_url": "https://www.broadway-cineplex.com.tw/book.html?obj=Zhubei&v25080101",
            "official_url": "https://www.broadway-cineplex.com.tw/",
            "crawl_url": "https://www.broadway-cineplex.com.tw/Movie/GetMovieList/Zhubei",
            "movie_title": "劇場版 吉伊卡哇 人魚島的秘密",
            "show_date": "2026-09-30",
            "showtime_count": 1,
            "showtimes": [
              {
                "time": "13:10",
                "format": "數位/日語",
                "language": "日語",
                "auditorium": "5廳",
                "booking_url": "https://www.broadway-cineplex.com.tw/book.html?obj=Zhubei&v25080101",
                "label": "13:10 數位/日語 / 5廳",
                "seat_preview_url": "https://www.broadway-cineplex.com.tw/quick-view.html?obj=Zhubei,0000884,2026-09-30,13-10,0005"
              }
            ],
            "start_times": "13:10"
          }
        },
        {
          "type": "Feature",
          "geometry": {
            "type": "Point",
            "coordinates": [
              121.55751470000001,
              25.083348479857356
            ]
          },
          "properties": {
            "location_id": 79,
            "chain_name": "美麗華影城",
            "location_name": "美麗華影城",
            "map_name": "美麗華影城 美麗華影城",
            "address": "臺北市中山區金泰里敬業三路22號6樓",
            "city": "臺北市",
            "location_url": "https://www.miramarcinemas.tw/Booking/TicketType?id=cddd413f-5ba3-4825-a6c3-2f6c53642407&session=437647",
            "official_url": "https://www.miramarcinemas.tw/",
            "crawl_url": "https://www.miramarcinemas.tw/timetable",
            "movie_title": "劇場版 吉伊卡哇 人魚島的秘密",
            "show_date": "2026-09-30",
            "showtime_count": 1,
            "showtimes": [
              {
                "time": "10:00",
                "format": "日文(JPN)",
                "language": "日語",
                "auditorium": null,
                "booking_url": "https://www.miramarcinemas.tw/Booking/TicketType?id=cddd413f-5ba3-4825-a6c3-2f6c53642407&session=437647",
                "label": "10:00 日文(JPN)"
              }
            ],
            "start_times": "10:00"
          }
        },
        {
          "type": "Feature",
          "geometry": {
            "type": "Point",
            "coordinates": [
              120.6921689,
              24.1603157
            ]
          },
          "properties": {
            "location_id": 70,
            "chain_name": "親親影城 / 親親戲院",
            "location_name": "親親影城",
            "map_name": "親親影城 / 親親戲院 親親影城",
            "address": "台中市北區北屯路14號",
            "city": "臺中市",
            "location_url": "https://www.ccmovie.com.tw/product.php?_path=product_showtimes",
            "official_url": "https://www.ccmovie.com.tw/",
            "crawl_url": "https://www.ccmovie.com.tw/product.php?_path=product_showtimes",
            "movie_title": "劇場版 吉伊卡哇 人魚島的秘密",
            "show_date": "2026-09-30",
            "showtime_count": 1,
            "showtimes": [
              {
                "time": "23:30",
                "format": "2D-日語",
                "language": "日語",
                "auditorium": null,
                "booking_url": "https://www.ccmovie.com.tw/product.php?_path=product_showtimes",
                "label": "23:30 2D-日語"
              }
            ],
            "start_times": "23:30"
          }
        },
        {
          "type": "Feature",
          "geometry": {
            "type": "Point",
            "coordinates": [
              120.3253452,
              22.6319673
            ]
          },
          "properties": {
            "location_id": 72,
            "chain_name": "高雄環球影城",
            "location_name": "高雄環球影城",
            "map_name": "高雄環球影城 高雄環球影城",
            "address": "高雄市苓雅區大順三路108號",
            "city": "高雄市",
            "location_url": "https://www.u-movie.com.tw/cinema/page.php?page_type=now&ver=tw&portal=cinema",
            "official_url": "https://www.u-movie.com.tw/",
            "crawl_url": "https://www.u-movie.com.tw/cinema/page.php?page_type=now&ver=tw&portal=cinema",
            "movie_title": "劇場版 吉伊卡哇 人魚島的秘密",
            "show_date": "2026-09-30",
            "showtime_count": 0,
            "showtimes": [],
            "start_times": "",
            "showtime_unavailable": true,
            "showtime_unavailable_reason": "官方時刻表暫時無法自動取得，請前往場次入口查看。"
          }
        },
        {
          "type": "Feature",
          "geometry": {
            "type": "Point",
            "coordinates": [
              120.25125,
              23.18362
            ]
          },
          "properties": {
            "location_id": 104,
            "chain_name": "麻豆戲院",
            "location_name": "麻豆戲院",
            "map_name": "麻豆戲院 麻豆戲院",
            "address": "台南市麻豆區興中路106號3樓",
            "city": "臺南市",
            "location_url": "https://www.facebook.com/profile.php?id=61564946135169",
            "official_url": "https://www.facebook.com/profile.php?id=61564946135169",
            "crawl_url": "https://www.instagram.com/madoucinema/p/Dd1CZf_GH3C/",
            "movie_title": "劇場版 吉伊卡哇 人魚島的秘密",
            "show_date": "2026-09-30",
            "showtime_count": 1,
            "showtimes": [
              {
                "time": "17:20",
                "format": "數位",
                "language": "中文版",
                "auditorium": null,
                "booking_url": "https://www.instagram.com/madoucinema/p/Dd1CZf_GH3C/",
                "label": "17:20 數位"
              }
            ],
            "start_times": "17:20",
            "supplemental_web_source": true
          }
        }
      ],
      "2026-10-01": [
        {
          "type": "Feature",
          "geometry": {
            "type": "Point",
            "coordinates": [
              120.638356972783,
              24.164220012801
            ]
          },
          "properties": {
            "location_id": 1,
            "chain_name": "MUVIE CINEMAS",
            "location_name": "MUVIE CINEMAS 台中TIGER CITY",
            "map_name": "MUVIE CINEMAS MUVIE CINEMAS 台中TIGER CITY",
            "address": "台中市西屯區河南路三段120-1號4樓",
            "city": "臺中市",
            "location_url": "https://www.vscinemas.com.tw/vsTicketing/ticketing/booking.aspx?cinemacode=3&txtSessionId=1022259",
            "official_url": "https://www.vscinemas.com.tw/",
            "crawl_url": "https://www.vscinemas.com.tw/ShowTimes/",
            "movie_title": "劇場版 吉伊卡哇 人魚島的秘密",
            "show_date": "2026-10-01",
            "showtime_count": 1,
            "showtimes": [
              {
                "time": "11:35",
                "format": "(數位 國)劇場版 吉伊卡哇 人魚島的秘密 (保護級)",
                "language": null,
                "auditorium": null,
                "booking_url": "https://www.vscinemas.com.tw/vsTicketing/ticketing/booking.aspx?cinemacode=3&txtSessionId=1022259",
                "label": "11:35 (數位 國)劇場版 吉伊卡哇 人魚島的秘密 (保護級)"
              }
            ],
            "start_times": "11:35"
          }
        },
        {
          "type": "Feature",
          "geometry": {
            "type": "Point",
            "coordinates": [
              121.567967870072,
              25.036731960735
            ]
          },
          "properties": {
            "location_id": 3,
            "chain_name": "MUVIE CINEMAS",
            "location_name": "MUVIE CINEMAS 台北松仁",
            "map_name": "MUVIE CINEMAS MUVIE CINEMAS 台北松仁",
            "address": "台北市信義區松仁路58號10樓",
            "city": "臺北市",
            "location_url": "https://www.vscinemas.com.tw/vsTicketing/ticketing/booking.aspx?cinemacode=21&txtSessionId=166615",
            "official_url": "https://www.vscinemas.com.tw/",
            "crawl_url": "https://www.vscinemas.com.tw/ShowTimes/",
            "movie_title": "劇場版 吉伊卡哇 人魚島的秘密",
            "show_date": "2026-10-01",
            "showtime_count": 1,
            "showtimes": [
              {
                "time": "17:50",
                "format": "(數位 日)劇場版 吉伊卡哇 人魚島的秘密 (保護級)",
                "language": null,
                "auditorium": null,
                "booking_url": "https://www.vscinemas.com.tw/vsTicketing/ticketing/booking.aspx?cinemacode=21&txtSessionId=166615",
                "label": "17:50 (數位 日)劇場版 吉伊卡哇 人魚島的秘密 (保護級)"
              }
            ],
            "start_times": "17:50"
          }
        },
        {
          "type": "Feature",
          "geometry": {
            "type": "Point",
            "coordinates": [
              120.298119010543,
              22.621851005881
            ]
          },
          "properties": {
            "location_id": 9,
            "chain_name": "in89 豪華影城",
            "location_name": "高雄大立 in89豪華影城",
            "map_name": "in89 豪華影城 高雄大立 in89豪華影城",
            "address": "高雄市前金區五福三路57號9樓",
            "city": "高雄市",
            "location_url": "https://www.in89cinemax.com/film_list.aspx?TheaterId=16",
            "official_url": "https://www.in89cinemax.com/",
            "crawl_url": "https://talee.in89.com.tw/api/api_movie.php?method=getStagesByDate",
            "movie_title": "劇場版 吉伊卡哇 人魚島的秘密",
            "show_date": "2026-10-01",
            "showtime_count": 1,
            "showtimes": [
              {
                "time": "09:55",
                "format": "01廳(9F)",
                "language": "日語",
                "auditorium": null,
                "booking_url": "https://www.in89cinemax.com/film_list.aspx?TheaterId=16",
                "label": "09:55 01廳(9F)"
              }
            ],
            "start_times": "09:55"
          }
        },
        {
          "type": "Feature",
          "geometry": {
            "type": "Point",
            "coordinates": [
              120.3037,
              22.60394
            ]
          },
          "properties": {
            "location_id": 90,
            "chain_name": "台鋁影城",
            "location_name": "MLD台鋁影城",
            "map_name": "台鋁影城 MLD台鋁影城",
            "address": "高雄市前鎮區忠勤路8號",
            "city": "高雄市",
            "location_url": "https://mldcinema.com.tw/OnlinePurchase.php?computerid=264897",
            "official_url": null,
            "crawl_url": "https://mldcinema.com.tw/TimeList.php",
            "movie_title": "劇場版 吉伊卡哇 人魚島的秘密",
            "show_date": "2026-10-01",
            "showtime_count": 1,
            "showtimes": [
              {
                "time": "13:20",
                "format": "(日)劇場版 吉伊卡哇 人魚島的秘密",
                "language": null,
                "auditorium": null,
                "booking_url": "https://mldcinema.com.tw/OnlinePurchase.php?computerid=264897",
                "label": "13:20 (日)劇場版 吉伊卡哇 人魚島的秘密"
              }
            ],
            "start_times": "13:20"
          }
        },
        {
          "type": "Feature",
          "geometry": {
            "type": "Point",
            "coordinates": [
              121.475688899623,
              25.006077203437
            ]
          },
          "properties": {
            "location_id": 20,
            "chain_name": "威秀影城 / VIESHOW",
            "location_name": "中和環球威秀影城",
            "map_name": "威秀影城 / VIESHOW 中和環球威秀影城",
            "address": "新北市中和區中山路三段122號4樓",
            "city": "新北市",
            "location_url": "https://www.vscinemas.com.tw/vsTicketing/ticketing/booking.aspx?cinemacode=30&txtSessionId=211830",
            "official_url": "https://www.vscinemas.com.tw/",
            "crawl_url": "https://www.vscinemas.com.tw/ShowTimes/",
            "movie_title": "劇場版 吉伊卡哇 人魚島的秘密",
            "show_date": "2026-10-01",
            "showtime_count": 2,
            "showtimes": [
              {
                "time": "15:45",
                "format": "(數位 國)劇場版 吉伊卡哇 人魚島的秘密 (保護級)",
                "language": null,
                "auditorium": null,
                "booking_url": "https://www.vscinemas.com.tw/vsTicketing/ticketing/booking.aspx?cinemacode=30&txtSessionId=211830",
                "label": "15:45 (數位 國)劇場版 吉伊卡哇 人魚島的秘密 (保護級)"
              },
              {
                "time": "17:45",
                "format": "(數位 日)劇場版 吉伊卡哇 人魚島的秘密 (保護級)",
                "language": null,
                "auditorium": null,
                "booking_url": "https://www.vscinemas.com.tw/vsTicketing/ticketing/booking.aspx?cinemacode=30&txtSessionId=211832",
                "label": "17:45 (數位 日)劇場版 吉伊卡哇 人魚島的秘密 (保護級)"
              }
            ],
            "start_times": "15:45, 17:45"
          }
        },
        {
          "type": "Feature",
          "geometry": {
            "type": "Point",
            "coordinates": [
              120.687673995592,
              24.135473018575
            ]
          },
          "properties": {
            "location_id": 21,
            "chain_name": "威秀影城 / VIESHOW",
            "location_name": "台中iFG 遠雄廣場威秀影城",
            "map_name": "威秀影城 / VIESHOW 台中iFG 遠雄廣場威秀影城",
            "address": "台中市東區復興路四段186號4樓",
            "city": "臺中市",
            "location_url": "https://www.vscinemas.com.tw/vsTicketing/ticketing/booking.aspx?cinemacode=31&txtSessionId=186129",
            "official_url": "https://www.vscinemas.com.tw/",
            "crawl_url": "https://www.vscinemas.com.tw/ShowTimes/",
            "movie_title": "劇場版 吉伊卡哇 人魚島的秘密",
            "show_date": "2026-10-01",
            "showtime_count": 2,
            "showtimes": [
              {
                "time": "12:15",
                "format": "(數位 日)劇場版 吉伊卡哇 人魚島的秘密 (保護級)",
                "language": null,
                "auditorium": null,
                "booking_url": "https://www.vscinemas.com.tw/vsTicketing/ticketing/booking.aspx?cinemacode=31&txtSessionId=186129",
                "label": "12:15 (數位 日)劇場版 吉伊卡哇 人魚島的秘密 (保護級)"
              },
              {
                "time": "18:00",
                "format": "(數位 日)劇場版 吉伊卡哇 人魚島的秘密 (保護級)",
                "language": null,
                "auditorium": null,
                "booking_url": "https://www.vscinemas.com.tw/vsTicketing/ticketing/booking.aspx?cinemacode=31&txtSessionId=186119",
                "label": "18:00 (數位 日)劇場版 吉伊卡哇 人魚島的秘密 (保護級)"
              }
            ],
            "start_times": "12:15, 18:00"
          }
        },
        {
          "type": "Feature",
          "geometry": {
            "type": "Point",
            "coordinates": [
              120.64456938796,
              24.164671713563
            ]
          },
          "properties": {
            "location_id": 22,
            "chain_name": "威秀影城 / VIESHOW",
            "location_name": "台中大遠百威秀影城",
            "map_name": "威秀影城 / VIESHOW 台中大遠百威秀影城",
            "address": "台中市西屯區台灣大道三段251號13樓",
            "city": "臺中市",
            "location_url": "https://www.vscinemas.com.tw/vsTicketing/ticketing/booking.aspx?cinemacode=15&txtSessionId=551667",
            "official_url": "https://www.vscinemas.com.tw/",
            "crawl_url": "https://www.vscinemas.com.tw/ShowTimes/",
            "movie_title": "劇場版 吉伊卡哇 人魚島的秘密",
            "show_date": "2026-10-01",
            "showtime_count": 1,
            "showtimes": [
              {
                "time": "10:30",
                "format": "(數位 日)劇場版 吉伊卡哇 人魚島的秘密 (保護級)",
                "language": null,
                "auditorium": null,
                "booking_url": "https://www.vscinemas.com.tw/vsTicketing/ticketing/booking.aspx?cinemacode=15&txtSessionId=551667",
                "label": "10:30 (數位 日)劇場版 吉伊卡哇 人魚島的秘密 (保護級)"
              }
            ],
            "start_times": "10:30"
          }
        },
        {
          "type": "Feature",
          "geometry": {
            "type": "Point",
            "coordinates": [
              121.5184321,
              25.0490792
            ]
          },
          "properties": {
            "location_id": 23,
            "chain_name": "威秀影城 / VIESHOW",
            "location_name": "台北京站威秀影城",
            "map_name": "威秀影城 / VIESHOW 台北京站威秀影城",
            "address": "台北市大同區市民大道一段209號5樓",
            "city": "臺北市",
            "location_url": "https://www.vscinemas.com.tw/vsTicketing/ticketing/booking.aspx?cinemacode=12&txtSessionId=898673",
            "official_url": "https://www.vscinemas.com.tw/",
            "crawl_url": "https://www.vscinemas.com.tw/ShowTimes/",
            "movie_title": "劇場版 吉伊卡哇 人魚島的秘密",
            "show_date": "2026-10-01",
            "showtime_count": 4,
            "showtimes": [
              {
                "time": "09:00",
                "format": "(數位 日)劇場版 吉伊卡哇 人魚島的秘密 (保護級)",
                "language": null,
                "auditorium": null,
                "booking_url": "https://www.vscinemas.com.tw/vsTicketing/ticketing/booking.aspx?cinemacode=12&txtSessionId=898673",
                "label": "09:00 (數位 日)劇場版 吉伊卡哇 人魚島的秘密 (保護級)"
              },
              {
                "time": "15:00",
                "format": "(數位 日)劇場版 吉伊卡哇 人魚島的秘密 (保護級)",
                "language": null,
                "auditorium": null,
                "booking_url": "https://www.vscinemas.com.tw/vsTicketing/ticketing/booking.aspx?cinemacode=12&txtSessionId=898657",
                "label": "15:00 (數位 日)劇場版 吉伊卡哇 人魚島的秘密 (保護級)"
              },
              {
                "time": "18:45",
                "format": "(數位 日)劇場版 吉伊卡哇 人魚島的秘密 (保護級)",
                "language": null,
                "auditorium": null,
                "booking_url": "https://www.vscinemas.com.tw/vsTicketing/ticketing/booking.aspx?cinemacode=12&txtSessionId=898674",
                "label": "18:45 (數位 日)劇場版 吉伊卡哇 人魚島的秘密 (保護級)"
              },
              {
                "time": "23:00",
                "format": "(數位 日)劇場版 吉伊卡哇 人魚島的秘密 (保護級)",
                "language": null,
                "auditorium": null,
                "booking_url": "https://www.vscinemas.com.tw/vsTicketing/ticketing/booking.aspx?cinemacode=12&txtSessionId=898666",
                "label": "23:00 (數位 日)劇場版 吉伊卡哇 人魚島的秘密 (保護級)"
              }
            ],
            "start_times": "09:00, 15:00, 18:45, 23:00"
          }
        },
        {
          "type": "Feature",
          "geometry": {
            "type": "Point",
            "coordinates": [
              121.567405360549,
              25.035641139855
            ]
          },
          "properties": {
            "location_id": 24,
            "chain_name": "威秀影城 / VIESHOW",
            "location_name": "台北信義威秀影城",
            "map_name": "威秀影城 / VIESHOW 台北信義威秀影城",
            "address": "台北市信義區松壽路20號2樓",
            "city": "臺北市",
            "location_url": "https://www.vscinemas.com.tw/vsTicketing/ticketing/booking.aspx?cinemacode=1&txtSessionId=1880360",
            "official_url": "https://www.vscinemas.com.tw/",
            "crawl_url": "https://www.vscinemas.com.tw/ShowTimes/",
            "movie_title": "劇場版 吉伊卡哇 人魚島的秘密",
            "show_date": "2026-10-01",
            "showtime_count": 5,
            "showtimes": [
              {
                "time": "11:05",
                "format": "(數位 日)劇場版 吉伊卡哇 人魚島的秘密 (保護級)",
                "language": null,
                "auditorium": null,
                "booking_url": "https://www.vscinemas.com.tw/vsTicketing/ticketing/booking.aspx?cinemacode=1&txtSessionId=1880360",
                "label": "11:05 (數位 日)劇場版 吉伊卡哇 人魚島的秘密 (保護級)"
              },
              {
                "time": "15:15",
                "format": "(數位 日)劇場版 吉伊卡哇 人魚島的秘密 (保護級)",
                "language": null,
                "auditorium": null,
                "booking_url": "https://www.vscinemas.com.tw/vsTicketing/ticketing/booking.aspx?cinemacode=1&txtSessionId=1880361",
                "label": "15:15 (數位 日)劇場版 吉伊卡哇 人魚島的秘密 (保護級)"
              },
              {
                "time": "17:15",
                "format": "(數位 日)劇場版 吉伊卡哇 人魚島的秘密 (保護級)",
                "language": null,
                "auditorium": null,
                "booking_url": "https://www.vscinemas.com.tw/vsTicketing/ticketing/booking.aspx?cinemacode=1&txtSessionId=1879726",
                "label": "17:15 (數位 日)劇場版 吉伊卡哇 人魚島的秘密 (保護級)"
              },
              {
                "time": "20:25",
                "format": "(4DX 日)劇場版 吉伊卡哇 人魚島的秘密 (保護級)",
                "language": null,
                "auditorium": null,
                "booking_url": "https://www.vscinemas.com.tw/vsTicketing/ticketing/booking.aspx?cinemacode=1&txtSessionId=1879648",
                "label": "20:25 (4DX 日)劇場版 吉伊卡哇 人魚島的秘密 (保護級)"
              },
              {
                "time": "21:45",
                "format": "(數位 日)劇場版 吉伊卡哇 人魚島的秘密 (保護級)",
                "language": null,
                "auditorium": null,
                "booking_url": "https://www.vscinemas.com.tw/vsTicketing/ticketing/booking.aspx?cinemacode=1&txtSessionId=1879746",
                "label": "21:45 (數位 日)劇場版 吉伊卡哇 人魚島的秘密 (保護級)"
              }
            ],
            "start_times": "11:05, 15:15, 17:15, 20:25, 21:45"
          }
        },
        {
          "type": "Feature",
          "geometry": {
            "type": "Point",
            "coordinates": [
              121.617582534262,
              25.059344952488
            ]
          },
          "properties": {
            "location_id": 25,
            "chain_name": "威秀影城 / VIESHOW",
            "location_name": "台北南港 LaLaport威秀影城",
            "map_name": "威秀影城 / VIESHOW 台北南港 LaLaport威秀影城",
            "address": "台北市南港區經貿二路131號5樓",
            "city": "臺北市",
            "location_url": "https://www.vscinemas.com.tw/vsTicketing/ticketing/booking.aspx?cinemacode=35&txtSessionId=148489",
            "official_url": "https://www.vscinemas.com.tw/",
            "crawl_url": "https://www.vscinemas.com.tw/ShowTimes/",
            "movie_title": "劇場版 吉伊卡哇 人魚島的秘密",
            "show_date": "2026-10-01",
            "showtime_count": 4,
            "showtimes": [
              {
                "time": "11:10",
                "format": "(數位 國)劇場版 吉伊卡哇 人魚島的秘密 (保護級)",
                "language": null,
                "auditorium": null,
                "booking_url": "https://www.vscinemas.com.tw/vsTicketing/ticketing/booking.aspx?cinemacode=35&txtSessionId=148489",
                "label": "11:10 (數位 國)劇場版 吉伊卡哇 人魚島的秘密 (保護級)"
              },
              {
                "time": "15:20",
                "format": "(數位 日)劇場版 吉伊卡哇 人魚島的秘密 (保護級)",
                "language": null,
                "auditorium": null,
                "booking_url": "https://www.vscinemas.com.tw/vsTicketing/ticketing/booking.aspx?cinemacode=35&txtSessionId=148491",
                "label": "15:20 (數位 日)劇場版 吉伊卡哇 人魚島的秘密 (保護級)"
              },
              {
                "time": "17:30",
                "format": "(數位 日)劇場版 吉伊卡哇 人魚島的秘密 (保護級)",
                "language": null,
                "auditorium": null,
                "booking_url": "https://www.vscinemas.com.tw/vsTicketing/ticketing/booking.aspx?cinemacode=35&txtSessionId=148604",
                "label": "17:30 (數位 日)劇場版 吉伊卡哇 人魚島的秘密 (保護級)"
              },
              {
                "time": "19:30",
                "format": "(數位 日)劇場版 吉伊卡哇 人魚島的秘密 (保護級)",
                "language": null,
                "auditorium": null,
                "booking_url": "https://www.vscinemas.com.tw/vsTicketing/ticketing/booking.aspx?cinemacode=35&txtSessionId=148493",
                "label": "19:30 (數位 日)劇場版 吉伊卡哇 人魚島的秘密 (保護級)"
              }
            ],
            "start_times": "11:10, 15:20, 17:30, 19:30"
          }
        },
        {
          "type": "Feature",
          "geometry": {
            "type": "Point",
            "coordinates": [
              121.507210471438,
              25.043930129634
            ]
          },
          "properties": {
            "location_id": 26,
            "chain_name": "威秀影城 / VIESHOW",
            "location_name": "台北西門威秀影城",
            "map_name": "威秀影城 / VIESHOW 台北西門威秀影城",
            "address": "台北市萬華區漢中街52號7樓",
            "city": "臺北市",
            "location_url": "https://www.vscinemas.com.tw/vsTicketing/ticketing/booking.aspx?cinemacode=34&txtSessionId=88142",
            "official_url": "https://www.vscinemas.com.tw/",
            "crawl_url": "https://www.vscinemas.com.tw/ShowTimes/",
            "movie_title": "劇場版 吉伊卡哇 人魚島的秘密",
            "show_date": "2026-10-01",
            "showtime_count": 2,
            "showtimes": [
              {
                "time": "12:10",
                "format": "(數位 日)劇場版 吉伊卡哇 人魚島的秘密 (保護級)",
                "language": null,
                "auditorium": null,
                "booking_url": "https://www.vscinemas.com.tw/vsTicketing/ticketing/booking.aspx?cinemacode=34&txtSessionId=88142",
                "label": "12:10 (數位 日)劇場版 吉伊卡哇 人魚島的秘密 (保護級)"
              },
              {
                "time": "16:50",
                "format": "(數位 日)劇場版 吉伊卡哇 人魚島的秘密 (保護級)",
                "language": null,
                "auditorium": null,
                "booking_url": "https://www.vscinemas.com.tw/vsTicketing/ticketing/booking.aspx?cinemacode=34&txtSessionId=88143",
                "label": "16:50 (數位 日)劇場版 吉伊卡哇 人魚島的秘密 (保護級)"
              }
            ],
            "start_times": "12:10, 16:50"
          }
        },
        {
          "type": "Feature",
          "geometry": {
            "type": "Point",
            "coordinates": [
              120.210166862332,
              22.995629908049
            ]
          },
          "properties": {
            "location_id": 27,
            "chain_name": "威秀影城 / VIESHOW",
            "location_name": "台南FOCUS威秀影城",
            "map_name": "威秀影城 / VIESHOW 台南FOCUS威秀影城",
            "address": "台南市中西區中山路166號11樓",
            "city": "臺南市",
            "location_url": "https://www.vscinemas.com.tw/vsTicketing/ticketing/booking.aspx?cinemacode=25&txtSessionId=307890",
            "official_url": "https://www.vscinemas.com.tw/",
            "crawl_url": "https://www.vscinemas.com.tw/ShowTimes/",
            "movie_title": "劇場版 吉伊卡哇 人魚島的秘密",
            "show_date": "2026-10-01",
            "showtime_count": 2,
            "showtimes": [
              {
                "time": "09:35",
                "format": "(數位 日)劇場版 吉伊卡哇 人魚島的秘密 (保護級)",
                "language": null,
                "auditorium": null,
                "booking_url": "https://www.vscinemas.com.tw/vsTicketing/ticketing/booking.aspx?cinemacode=25&txtSessionId=307890",
                "label": "09:35 (數位 日)劇場版 吉伊卡哇 人魚島的秘密 (保護級)"
              },
              {
                "time": "14:00",
                "format": "(數位 日)劇場版 吉伊卡哇 人魚島的秘密 (保護級)",
                "language": null,
                "auditorium": null,
                "booking_url": "https://www.vscinemas.com.tw/vsTicketing/ticketing/booking.aspx?cinemacode=25&txtSessionId=307892",
                "label": "14:00 (數位 日)劇場版 吉伊卡哇 人魚島的秘密 (保護級)"
              }
            ],
            "start_times": "09:35, 14:00"
          }
        },
        {
          "type": "Feature",
          "geometry": {
            "type": "Point",
            "coordinates": [
              120.233454974477,
              22.990581990681
            ]
          },
          "properties": {
            "location_id": 28,
            "chain_name": "威秀影城 / VIESHOW",
            "location_name": "台南南紡威秀影城",
            "map_name": "威秀影城 / VIESHOW 台南南紡威秀影城",
            "address": "台南市東區中華東路一段366號5樓",
            "city": "臺南市",
            "location_url": "https://www.vscinemas.com.tw/vsTicketing/ticketing/booking.aspx?cinemacode=17&txtSessionId=704581",
            "official_url": "https://www.vscinemas.com.tw/",
            "crawl_url": "https://www.vscinemas.com.tw/ShowTimes/",
            "movie_title": "劇場版 吉伊卡哇 人魚島的秘密",
            "show_date": "2026-10-01",
            "showtime_count": 3,
            "showtimes": [
              {
                "time": "11:05",
                "format": "(數位 日)劇場版 吉伊卡哇 人魚島的秘密 (保護級)",
                "language": null,
                "auditorium": null,
                "booking_url": "https://www.vscinemas.com.tw/vsTicketing/ticketing/booking.aspx?cinemacode=17&txtSessionId=704581",
                "label": "11:05 (數位 日)劇場版 吉伊卡哇 人魚島的秘密 (保護級)"
              },
              {
                "time": "17:05",
                "format": "(數位 日)劇場版 吉伊卡哇 人魚島的秘密 (保護級)",
                "language": null,
                "auditorium": null,
                "booking_url": "https://www.vscinemas.com.tw/vsTicketing/ticketing/booking.aspx?cinemacode=17&txtSessionId=704559",
                "label": "17:05 (數位 日)劇場版 吉伊卡哇 人魚島的秘密 (保護級)"
              },
              {
                "time": "20:15",
                "format": "(數位 日)劇場版 吉伊卡哇 人魚島的秘密 (保護級)",
                "language": null,
                "auditorium": null,
                "booking_url": "https://www.vscinemas.com.tw/vsTicketing/ticketing/booking.aspx?cinemacode=17&txtSessionId=704546",
                "label": "20:15 (數位 日)劇場版 吉伊卡哇 人魚島的秘密 (保護級)"
              }
            ],
            "start_times": "11:05, 17:05, 20:15"
          }
        },
        {
          "type": "Feature",
          "geometry": {
            "type": "Point",
            "coordinates": [
              120.205827131963,
              22.995358795391
            ]
          },
          "properties": {
            "location_id": 30,
            "chain_name": "威秀影城 / VIESHOW",
            "location_name": "台南大遠百威秀影城",
            "map_name": "威秀影城 / VIESHOW 台南大遠百威秀影城",
            "address": "台南市中西區公園路60號5樓",
            "city": "臺南市",
            "location_url": "https://www.vscinemas.com.tw/vsTicketing/ticketing/booking.aspx?cinemacode=5&txtSessionId=910210",
            "official_url": "https://www.vscinemas.com.tw/",
            "crawl_url": "https://www.vscinemas.com.tw/ShowTimes/",
            "movie_title": "劇場版 吉伊卡哇 人魚島的秘密",
            "show_date": "2026-10-01",
            "showtime_count": 2,
            "showtimes": [
              {
                "time": "14:55",
                "format": "(數位 日)劇場版 吉伊卡哇 人魚島的秘密 (保護級)",
                "language": null,
                "auditorium": null,
                "booking_url": "https://www.vscinemas.com.tw/vsTicketing/ticketing/booking.aspx?cinemacode=5&txtSessionId=910210",
                "label": "14:55 (數位 日)劇場版 吉伊卡哇 人魚島的秘密 (保護級)"
              },
              {
                "time": "18:10",
                "format": "(數位 日)劇場版 吉伊卡哇 人魚島的秘密 (保護級)",
                "language": null,
                "auditorium": null,
                "booking_url": "https://www.vscinemas.com.tw/vsTicketing/ticketing/booking.aspx?cinemacode=5&txtSessionId=910232",
                "label": "18:10 (數位 日)劇場版 吉伊卡哇 人魚島的秘密 (保護級)"
              }
            ],
            "start_times": "14:55, 18:10"
          }
        },
        {
          "type": "Feature",
          "geometry": {
            "type": "Point",
            "coordinates": [
              121.5468264,
              24.9783596
            ]
          },
          "properties": {
            "location_id": 31,
            "chain_name": "威秀影城 / VIESHOW",
            "location_name": "新店裕隆城威秀影城",
            "map_name": "威秀影城 / VIESHOW 新店裕隆城威秀影城",
            "address": "新北市新店區中興路三段128號7樓",
            "city": "新北市",
            "location_url": "https://www.vscinemas.com.tw/vsTicketing/ticketing/booking.aspx?cinemacode=32&txtSessionId=165941",
            "official_url": "https://www.vscinemas.com.tw/",
            "crawl_url": "https://www.vscinemas.com.tw/ShowTimes/",
            "movie_title": "劇場版 吉伊卡哇 人魚島的秘密",
            "show_date": "2026-10-01",
            "showtime_count": 2,
            "showtimes": [
              {
                "time": "10:20",
                "format": "(數位 日)劇場版 吉伊卡哇 人魚島的秘密 (保護級)",
                "language": null,
                "auditorium": null,
                "booking_url": "https://www.vscinemas.com.tw/vsTicketing/ticketing/booking.aspx?cinemacode=32&txtSessionId=165941",
                "label": "10:20 (數位 日)劇場版 吉伊卡哇 人魚島的秘密 (保護級)"
              },
              {
                "time": "14:35",
                "format": "(數位 日)劇場版 吉伊卡哇 人魚島的秘密 (保護級)",
                "language": null,
                "auditorium": null,
                "booking_url": "https://www.vscinemas.com.tw/vsTicketing/ticketing/booking.aspx?cinemacode=32&txtSessionId=165884",
                "label": "14:35 (數位 日)劇場版 吉伊卡哇 人魚島的秘密 (保護級)"
              }
            ],
            "start_times": "10:20, 14:35"
          }
        },
        {
          "type": "Feature",
          "geometry": {
            "type": "Point",
            "coordinates": [
              120.973836863867,
              24.810126998839
            ]
          },
          "properties": {
            "location_id": 34,
            "chain_name": "威秀影城 / VIESHOW",
            "location_name": "新竹巨城威秀影城",
            "map_name": "威秀影城 / VIESHOW 新竹巨城威秀影城",
            "address": "新竹市東區民權路176號4樓",
            "city": "新竹市",
            "location_url": "https://www.vscinemas.com.tw/vsTicketing/ticketing/booking.aspx?cinemacode=14&txtSessionId=669433",
            "official_url": "https://www.vscinemas.com.tw/",
            "crawl_url": "https://www.vscinemas.com.tw/ShowTimes/",
            "movie_title": "劇場版 吉伊卡哇 人魚島的秘密",
            "show_date": "2026-10-01",
            "showtime_count": 1,
            "showtimes": [
              {
                "time": "11:50",
                "format": "(數位 日)劇場版 吉伊卡哇 人魚島的秘密 (保護級)",
                "language": null,
                "auditorium": null,
                "booking_url": "https://www.vscinemas.com.tw/vsTicketing/ticketing/booking.aspx?cinemacode=14&txtSessionId=669433",
                "label": "11:50 (數位 日)劇場版 吉伊卡哇 人魚島的秘密 (保護級)"
              }
            ],
            "start_times": "11:50"
          }
        },
        {
          "type": "Feature",
          "geometry": {
            "type": "Point",
            "coordinates": [
              121.4671367,
              25.0140276
            ]
          },
          "properties": {
            "location_id": 35,
            "chain_name": "威秀影城 / VIESHOW",
            "location_name": "板橋大遠百威秀影城",
            "map_name": "威秀影城 / VIESHOW 板橋大遠百威秀影城",
            "address": "新北市板橋區新站路28號10樓",
            "city": "新北市",
            "location_url": "https://www.vscinemas.com.tw/vsTicketing/ticketing/booking.aspx?cinemacode=16&txtSessionId=762017",
            "official_url": "https://www.vscinemas.com.tw/",
            "crawl_url": "https://www.vscinemas.com.tw/ShowTimes/",
            "movie_title": "劇場版 吉伊卡哇 人魚島的秘密",
            "show_date": "2026-10-01",
            "showtime_count": 3,
            "showtimes": [
              {
                "time": "10:15",
                "format": "(數位 日)劇場版 吉伊卡哇 人魚島的秘密 (保護級)",
                "language": null,
                "auditorium": null,
                "booking_url": "https://www.vscinemas.com.tw/vsTicketing/ticketing/booking.aspx?cinemacode=16&txtSessionId=762017",
                "label": "10:15 (數位 日)劇場版 吉伊卡哇 人魚島的秘密 (保護級)"
              },
              {
                "time": "13:50",
                "format": "(數位 日)劇場版 吉伊卡哇 人魚島的秘密 (保護級)",
                "language": null,
                "auditorium": null,
                "booking_url": "https://www.vscinemas.com.tw/vsTicketing/ticketing/booking.aspx?cinemacode=16&txtSessionId=761982",
                "label": "13:50 (數位 日)劇場版 吉伊卡哇 人魚島的秘密 (保護級)"
              },
              {
                "time": "21:20",
                "format": "(數位 日)劇場版 吉伊卡哇 人魚島的秘密 (保護級)",
                "language": null,
                "auditorium": null,
                "booking_url": "https://www.vscinemas.com.tw/vsTicketing/ticketing/booking.aspx?cinemacode=16&txtSessionId=761986",
                "label": "21:20 (數位 日)劇場版 吉伊卡哇 人魚島的秘密 (保護級)"
              }
            ],
            "start_times": "10:15, 13:50, 21:20"
          }
        },
        {
          "type": "Feature",
          "geometry": {
            "type": "Point",
            "coordinates": [
              121.363547165582,
              25.071241094298
            ]
          },
          "properties": {
            "location_id": 36,
            "chain_name": "威秀影城 / VIESHOW",
            "location_name": "林口MITSUI OUTLET PARK威秀影城",
            "map_name": "威秀影城 / VIESHOW 林口MITSUI OUTLET PARK威秀影城",
            "address": "新北市林口區文化三路一段356號3樓",
            "city": "新北市",
            "location_url": "https://www.vscinemas.com.tw/vsTicketing/ticketing/booking.aspx?cinemacode=19&txtSessionId=487175",
            "official_url": "https://www.vscinemas.com.tw/",
            "crawl_url": "https://www.vscinemas.com.tw/ShowTimes/",
            "movie_title": "劇場版 吉伊卡哇 人魚島的秘密",
            "show_date": "2026-10-01",
            "showtime_count": 1,
            "showtimes": [
              {
                "time": "12:20",
                "format": "(4DX 日)劇場版 吉伊卡哇 人魚島的秘密 (保護級)",
                "language": null,
                "auditorium": null,
                "booking_url": "https://www.vscinemas.com.tw/vsTicketing/ticketing/booking.aspx?cinemacode=19&txtSessionId=487175",
                "label": "12:20 (4DX 日)劇場版 吉伊卡哇 人魚島的秘密 (保護級)"
              }
            ],
            "start_times": "12:20"
          }
        },
        {
          "type": "Feature",
          "geometry": {
            "type": "Point",
            "coordinates": [
              121.300237045248,
              25.018843340565
            ]
          },
          "properties": {
            "location_id": 37,
            "chain_name": "威秀影城 / VIESHOW",
            "location_name": "桃園桃知道威秀影城",
            "map_name": "威秀影城 / VIESHOW 桃園桃知道威秀影城",
            "address": "桃園市桃園區南平路301號4樓",
            "city": "桃園市",
            "location_url": "https://www.vscinemas.com.tw/vsTicketing/ticketing/booking.aspx?cinemacode=33&txtSessionId=32089",
            "official_url": "https://www.vscinemas.com.tw/",
            "crawl_url": "https://www.vscinemas.com.tw/ShowTimes/",
            "movie_title": "劇場版 吉伊卡哇 人魚島的秘密",
            "show_date": "2026-10-01",
            "showtime_count": 1,
            "showtimes": [
              {
                "time": "15:15",
                "format": "(數位 日)劇場版 吉伊卡哇 人魚島的秘密 (保護級)",
                "language": null,
                "auditorium": null,
                "booking_url": "https://www.vscinemas.com.tw/vsTicketing/ticketing/booking.aspx?cinemacode=33&txtSessionId=32089",
                "label": "15:15 (數位 日)劇場版 吉伊卡哇 人魚島的秘密 (保護級)"
              }
            ],
            "start_times": "15:15"
          }
        },
        {
          "type": "Feature",
          "geometry": {
            "type": "Point",
            "coordinates": [
              121.312523000553,
              24.991112991698
            ]
          },
          "properties": {
            "location_id": 38,
            "chain_name": "威秀影城 / VIESHOW",
            "location_name": "桃園統領威秀影城",
            "map_name": "威秀影城 / VIESHOW 桃園統領威秀影城",
            "address": "桃園市桃園區中正路61號9樓",
            "city": "桃園市",
            "location_url": "https://www.vscinemas.com.tw/vsTicketing/ticketing/booking.aspx?cinemacode=20&txtSessionId=752811",
            "official_url": "https://www.vscinemas.com.tw/",
            "crawl_url": "https://www.vscinemas.com.tw/ShowTimes/",
            "movie_title": "劇場版 吉伊卡哇 人魚島的秘密",
            "show_date": "2026-10-01",
            "showtime_count": 4,
            "showtimes": [
              {
                "time": "11:40",
                "format": "(數位 國)劇場版 吉伊卡哇 人魚島的秘密 (保護級)",
                "language": null,
                "auditorium": null,
                "booking_url": "https://www.vscinemas.com.tw/vsTicketing/ticketing/booking.aspx?cinemacode=20&txtSessionId=752811",
                "label": "11:40 (數位 國)劇場版 吉伊卡哇 人魚島的秘密 (保護級)"
              },
              {
                "time": "13:40",
                "format": "(數位 日)劇場版 吉伊卡哇 人魚島的秘密 (保護級)",
                "language": null,
                "auditorium": null,
                "booking_url": "https://www.vscinemas.com.tw/vsTicketing/ticketing/booking.aspx?cinemacode=20&txtSessionId=752812",
                "label": "13:40 (數位 日)劇場版 吉伊卡哇 人魚島的秘密 (保護級)"
              },
              {
                "time": "15:50",
                "format": "(數位 國)劇場版 吉伊卡哇 人魚島的秘密 (保護級)",
                "language": null,
                "auditorium": null,
                "booking_url": "https://www.vscinemas.com.tw/vsTicketing/ticketing/booking.aspx?cinemacode=20&txtSessionId=753653",
                "label": "15:50 (數位 國)劇場版 吉伊卡哇 人魚島的秘密 (保護級)"
              },
              {
                "time": "19:30",
                "format": "(數位 日)劇場版 吉伊卡哇 人魚島的秘密 (保護級)",
                "language": null,
                "auditorium": null,
                "booking_url": "https://www.vscinemas.com.tw/vsTicketing/ticketing/booking.aspx?cinemacode=20&txtSessionId=752986",
                "label": "19:30 (數位 日)劇場版 吉伊卡哇 人魚島的秘密 (保護級)"
              }
            ],
            "start_times": "11:40, 13:40, 15:50, 19:30"
          }
        },
        {
          "type": "Feature",
          "geometry": {
            "type": "Point",
            "coordinates": [
              121.594678077023,
              23.940428728193
            ]
          },
          "properties": {
            "location_id": 39,
            "chain_name": "威秀影城 / VIESHOW",
            "location_name": "花蓮新天堂樂園威秀影城",
            "map_name": "威秀影城 / VIESHOW 花蓮新天堂樂園威秀影城",
            "address": "花蓮縣吉安鄉南濱路一段503號3樓",
            "city": "花蓮縣",
            "location_url": "https://www.vscinemas.com.tw/vsTicketing/ticketing/booking.aspx?cinemacode=22&txtSessionId=214528",
            "official_url": "https://www.vscinemas.com.tw/",
            "crawl_url": "https://www.vscinemas.com.tw/ShowTimes/",
            "movie_title": "劇場版 吉伊卡哇 人魚島的秘密",
            "show_date": "2026-10-01",
            "showtime_count": 1,
            "showtimes": [
              {
                "time": "13:50",
                "format": "(A+ 日)劇場版 吉伊卡哇 人魚島的秘密 (保護級)",
                "language": null,
                "auditorium": null,
                "booking_url": "https://www.vscinemas.com.tw/vsTicketing/ticketing/booking.aspx?cinemacode=22&txtSessionId=214528",
                "label": "13:50 (A+ 日)劇場版 吉伊卡哇 人魚島的秘密 (保護級)"
              }
            ],
            "start_times": "13:50"
          }
        },
        {
          "type": "Feature",
          "geometry": {
            "type": "Point",
            "coordinates": [
              120.9044778187,
              24.689649677472
            ]
          },
          "properties": {
            "location_id": 40,
            "chain_name": "威秀影城 / VIESHOW",
            "location_name": "頭份尚順威秀影城",
            "map_name": "威秀影城 / VIESHOW 頭份尚順威秀影城",
            "address": "苗栗縣頭份市中央路105號7樓",
            "city": "苗栗縣",
            "location_url": "https://www.vscinemas.com.tw/vsTicketing/ticketing/booking.aspx?cinemacode=18&txtSessionId=385377",
            "official_url": "https://www.vscinemas.com.tw/",
            "crawl_url": "https://www.vscinemas.com.tw/ShowTimes/",
            "movie_title": "劇場版 吉伊卡哇 人魚島的秘密",
            "show_date": "2026-10-01",
            "showtime_count": 1,
            "showtimes": [
              {
                "time": "10:40",
                "format": "(數位 國)劇場版 吉伊卡哇 人魚島的秘密 (保護級)",
                "language": null,
                "auditorium": null,
                "booking_url": "https://www.vscinemas.com.tw/vsTicketing/ticketing/booking.aspx?cinemacode=18&txtSessionId=385377",
                "label": "10:40 (數位 國)劇場版 吉伊卡哇 人魚島的秘密 (保護級)"
              }
            ],
            "start_times": "10:40"
          }
        },
        {
          "type": "Feature",
          "geometry": {
            "type": "Point",
            "coordinates": [
              120.303548975058,
              22.613424008067
            ]
          },
          "properties": {
            "location_id": 41,
            "chain_name": "威秀影城 / VIESHOW",
            "location_name": "高雄大遠百威秀影城",
            "map_name": "威秀影城 / VIESHOW 高雄大遠百威秀影城",
            "address": "高雄市苓雅區三多四路21號13樓",
            "city": "高雄市",
            "location_url": "https://www.vscinemas.com.tw/vsTicketing/ticketing/booking.aspx?cinemacode=6&txtSessionId=1854194",
            "official_url": "https://www.vscinemas.com.tw/",
            "crawl_url": "https://www.vscinemas.com.tw/ShowTimes/",
            "movie_title": "劇場版 吉伊卡哇 人魚島的秘密",
            "show_date": "2026-10-01",
            "showtime_count": 3,
            "showtimes": [
              {
                "time": "14:45",
                "format": "(數位 日)劇場版 吉伊卡哇 人魚島的秘密 (保護級)",
                "language": null,
                "auditorium": null,
                "booking_url": "https://www.vscinemas.com.tw/vsTicketing/ticketing/booking.aspx?cinemacode=6&txtSessionId=1854194",
                "label": "14:45 (數位 日)劇場版 吉伊卡哇 人魚島的秘密 (保護級)"
              },
              {
                "time": "17:20",
                "format": "(4DX 日)劇場版 吉伊卡哇 人魚島的秘密 (保護級)",
                "language": null,
                "auditorium": null,
                "booking_url": "https://www.vscinemas.com.tw/vsTicketing/ticketing/booking.aspx?cinemacode=6&txtSessionId=1854236",
                "label": "17:20 (4DX 日)劇場版 吉伊卡哇 人魚島的秘密 (保護級)"
              },
              {
                "time": "19:00",
                "format": "(數位 日)劇場版 吉伊卡哇 人魚島的秘密 (保護級)",
                "language": null,
                "auditorium": null,
                "booking_url": "https://www.vscinemas.com.tw/vsTicketing/ticketing/booking.aspx?cinemacode=6&txtSessionId=1854199",
                "label": "19:00 (數位 日)劇場版 吉伊卡哇 人魚島的秘密 (保護級)"
              }
            ],
            "start_times": "14:45, 17:20, 19:00"
          }
        },
        {
          "type": "Feature",
          "geometry": {
            "type": "Point",
            "coordinates": [
              121.55751470000001,
              25.083348479857356
            ]
          },
          "properties": {
            "location_id": 79,
            "chain_name": "美麗華影城",
            "location_name": "美麗華影城",
            "map_name": "美麗華影城 美麗華影城",
            "address": "臺北市中山區金泰里敬業三路22號6樓",
            "city": "臺北市",
            "location_url": "https://www.miramarcinemas.tw/Booking/TicketType?id=cddd413f-5ba3-4825-a6c3-2f6c53642407&session=437692",
            "official_url": "https://www.miramarcinemas.tw/",
            "crawl_url": "https://www.miramarcinemas.tw/timetable",
            "movie_title": "劇場版 吉伊卡哇 人魚島的秘密",
            "show_date": "2026-10-01",
            "showtime_count": 1,
            "showtimes": [
              {
                "time": "17:20",
                "format": "日文(JPN)",
                "language": "日語",
                "auditorium": null,
                "booking_url": "https://www.miramarcinemas.tw/Booking/TicketType?id=cddd413f-5ba3-4825-a6c3-2f6c53642407&session=437692",
                "label": "17:20 日文(JPN)"
              }
            ],
            "start_times": "17:20"
          }
        },
        {
          "type": "Feature",
          "geometry": {
            "type": "Point",
            "coordinates": [
              120.6921689,
              24.1603157
            ]
          },
          "properties": {
            "location_id": 70,
            "chain_name": "親親影城 / 親親戲院",
            "location_name": "親親影城",
            "map_name": "親親影城 / 親親戲院 親親影城",
            "address": "台中市北區北屯路14號",
            "city": "臺中市",
            "location_url": "https://www.ccmovie.com.tw/product.php?_path=product_showtimes",
            "official_url": "https://www.ccmovie.com.tw/",
            "crawl_url": "https://www.ccmovie.com.tw/product.php?_path=product_showtimes",
            "movie_title": "劇場版 吉伊卡哇 人魚島的秘密",
            "show_date": "2026-10-01",
            "showtime_count": 1,
            "showtimes": [
              {
                "time": "23:00",
                "format": "2D-日語",
                "language": "日語",
                "auditorium": null,
                "booking_url": "https://www.ccmovie.com.tw/product.php?_path=product_showtimes",
                "label": "23:00 2D-日語"
              }
            ],
            "start_times": "23:00"
          }
        }
      ],
      "2026-10-02": [
        {
          "type": "Feature",
          "geometry": {
            "type": "Point",
            "coordinates": [
              120.298119010543,
              22.621851005881
            ]
          },
          "properties": {
            "location_id": 9,
            "chain_name": "in89 豪華影城",
            "location_name": "高雄大立 in89豪華影城",
            "map_name": "in89 豪華影城 高雄大立 in89豪華影城",
            "address": "高雄市前金區五福三路57號9樓",
            "city": "高雄市",
            "location_url": "https://www.in89cinemax.com/film_list.aspx?TheaterId=16",
            "official_url": "https://www.in89cinemax.com/",
            "crawl_url": "https://talee.in89.com.tw/api/api_movie.php?method=getStagesByDate",
            "movie_title": "劇場版 吉伊卡哇 人魚島的秘密",
            "show_date": "2026-10-02",
            "showtime_count": 1,
            "showtimes": [
              {
                "time": "09:55",
                "format": "01廳(9F)",
                "language": "日語",
                "auditorium": null,
                "booking_url": "https://www.in89cinemax.com/film_list.aspx?TheaterId=16",
                "label": "09:55 01廳(9F)"
              }
            ],
            "start_times": "09:55"
          }
        }
      ],
      "2026-10-03": [
        {
          "type": "Feature",
          "geometry": {
            "type": "Point",
            "coordinates": [
              120.638356972783,
              24.164220012801
            ]
          },
          "properties": {
            "location_id": 1,
            "chain_name": "MUVIE CINEMAS",
            "location_name": "MUVIE CINEMAS 台中TIGER CITY",
            "map_name": "MUVIE CINEMAS MUVIE CINEMAS 台中TIGER CITY",
            "address": "台中市西屯區河南路三段120-1號4樓",
            "city": "臺中市",
            "location_url": "https://www.vscinemas.com.tw/vsTicketing/ticketing/booking.aspx?cinemacode=3&txtSessionId=1022728",
            "official_url": "https://www.vscinemas.com.tw/",
            "crawl_url": "https://www.vscinemas.com.tw/ShowTimes/",
            "movie_title": "劇場版 吉伊卡哇 人魚島的秘密",
            "show_date": "2026-10-03",
            "showtime_count": 1,
            "showtimes": [
              {
                "time": "13:00",
                "format": "(見面場 日)劇場版 吉伊卡哇 人魚島的秘密 (保護級)",
                "language": null,
                "auditorium": null,
                "booking_url": "https://www.vscinemas.com.tw/vsTicketing/ticketing/booking.aspx?cinemacode=3&txtSessionId=1022728",
                "label": "13:00 (見面場 日)劇場版 吉伊卡哇 人魚島的秘密 (保護級)"
              }
            ],
            "start_times": "13:00"
          }
        },
        {
          "type": "Feature",
          "geometry": {
            "type": "Point",
            "coordinates": [
              120.298119010543,
              22.621851005881
            ]
          },
          "properties": {
            "location_id": 9,
            "chain_name": "in89 豪華影城",
            "location_name": "高雄大立 in89豪華影城",
            "map_name": "in89 豪華影城 高雄大立 in89豪華影城",
            "address": "高雄市前金區五福三路57號9樓",
            "city": "高雄市",
            "location_url": "https://www.in89cinemax.com/film_list.aspx?TheaterId=16",
            "official_url": "https://www.in89cinemax.com/",
            "crawl_url": "https://talee.in89.com.tw/api/api_movie.php?method=getStagesByDate",
            "movie_title": "劇場版 吉伊卡哇 人魚島的秘密",
            "show_date": "2026-10-03",
            "showtime_count": 1,
            "showtimes": [
              {
                "time": "09:50",
                "format": "07廳C+(9F)",
                "language": "日語",
                "auditorium": null,
                "booking_url": "https://www.in89cinemax.com/film_list.aspx?TheaterId=16",
                "label": "09:50 07廳C+(9F)"
              }
            ],
            "start_times": "09:50"
          }
        },
        {
          "type": "Feature",
          "geometry": {
            "type": "Point",
            "coordinates": [
              120.303548975058,
              22.613424008067
            ]
          },
          "properties": {
            "location_id": 41,
            "chain_name": "威秀影城 / VIESHOW",
            "location_name": "高雄大遠百威秀影城",
            "map_name": "威秀影城 / VIESHOW 高雄大遠百威秀影城",
            "address": "高雄市苓雅區三多四路21號13樓",
            "city": "高雄市",
            "location_url": "https://www.vscinemas.com.tw/vsTicketing/ticketing/booking.aspx?cinemacode=6&txtSessionId=1853636",
            "official_url": "https://www.vscinemas.com.tw/",
            "crawl_url": "https://www.vscinemas.com.tw/ShowTimes/",
            "movie_title": "劇場版 吉伊卡哇 人魚島的秘密",
            "show_date": "2026-10-03",
            "showtime_count": 1,
            "showtimes": [
              {
                "time": "18:00",
                "format": "(見面場 日)劇場版 吉伊卡哇 人魚島的秘密 (保護級)",
                "language": null,
                "auditorium": null,
                "booking_url": "https://www.vscinemas.com.tw/vsTicketing/ticketing/booking.aspx?cinemacode=6&txtSessionId=1853636",
                "label": "18:00 (見面場 日)劇場版 吉伊卡哇 人魚島的秘密 (保護級)"
              }
            ],
            "start_times": "18:00"
          }
        }
      ],
      "2026-10-04": [
        {
          "type": "Feature",
          "geometry": {
            "type": "Point",
            "coordinates": [
              120.298119010543,
              22.621851005881
            ]
          },
          "properties": {
            "location_id": 9,
            "chain_name": "in89 豪華影城",
            "location_name": "高雄大立 in89豪華影城",
            "map_name": "in89 豪華影城 高雄大立 in89豪華影城",
            "address": "高雄市前金區五福三路57號9樓",
            "city": "高雄市",
            "location_url": "https://www.in89cinemax.com/film_list.aspx?TheaterId=16",
            "official_url": "https://www.in89cinemax.com/",
            "crawl_url": "https://talee.in89.com.tw/api/api_movie.php?method=getStagesByDate",
            "movie_title": "劇場版 吉伊卡哇 人魚島的秘密",
            "show_date": "2026-10-04",
            "showtime_count": 1,
            "showtimes": [
              {
                "time": "09:55",
                "format": "01廳(9F)",
                "language": "日語",
                "auditorium": null,
                "booking_url": "https://www.in89cinemax.com/film_list.aspx?TheaterId=16",
                "label": "09:55 01廳(9F)"
              }
            ],
            "start_times": "09:55"
          }
        }
      ]
    },
    "劇場版 鋼之鍊金術師 香巴拉的征服者": {
      "2026-09-30": [
        {
          "type": "Feature",
          "geometry": {
            "type": "Point",
            "coordinates": [
              120.638356972783,
              24.164220012801
            ]
          },
          "properties": {
            "location_id": 1,
            "chain_name": "MUVIE CINEMAS",
            "location_name": "MUVIE CINEMAS 台中TIGER CITY",
            "map_name": "MUVIE CINEMAS MUVIE CINEMAS 台中TIGER CITY",
            "address": "台中市西屯區河南路三段120-1號4樓",
            "city": "臺中市",
            "location_url": "https://www.vscinemas.com.tw/vsTicketing/ticketing/booking.aspx?cinemacode=3&txtSessionId=1022001",
            "official_url": "https://www.vscinemas.com.tw/",
            "crawl_url": "https://www.vscinemas.com.tw/ShowTimes/",
            "movie_title": "劇場版 鋼之鍊金術師 香巴拉的征服者",
            "show_date": "2026-09-30",
            "showtime_count": 1,
            "showtimes": [
              {
                "time": "13:20",
                "format": "(數位)劇場版 鋼之鍊金術師 香巴拉的征服者 (普遍級)",
                "language": null,
                "auditorium": null,
                "booking_url": "https://www.vscinemas.com.tw/vsTicketing/ticketing/booking.aspx?cinemacode=3&txtSessionId=1022001",
                "label": "13:20 (數位)劇場版 鋼之鍊金術師 香巴拉的征服者 (普遍級)"
              }
            ],
            "start_times": "13:20"
          }
        },
        {
          "type": "Feature",
          "geometry": {
            "type": "Point",
            "coordinates": [
              120.706113763482,
              24.25198528648
            ]
          },
          "properties": {
            "location_id": 5,
            "chain_name": "in89 豪華影城",
            "location_name": "台中豐原 in89豪華影城",
            "map_name": "in89 豪華影城 台中豐原 in89豪華影城",
            "address": "台中市豐原區成功路500號5樓",
            "city": "臺中市",
            "location_url": "https://www.in89cinemax.com/film_list.aspx?TheaterId=15",
            "official_url": "https://www.in89cinemax.com/",
            "crawl_url": "https://fengyuan.in89.com.tw/api/api_movie.php?method=getStagesByDate",
            "movie_title": "劇場版 鋼之鍊金術師 香巴拉的征服者",
            "show_date": "2026-09-30",
            "showtime_count": 4,
            "showtimes": [
              {
                "time": "10:30",
                "format": "06廳",
                "language": "日語",
                "auditorium": null,
                "booking_url": "https://www.in89cinemax.com/film_list.aspx?TheaterId=15",
                "label": "10:30 06廳"
              },
              {
                "time": "14:40",
                "format": "06廳",
                "language": "日語",
                "auditorium": null,
                "booking_url": "https://www.in89cinemax.com/film_list.aspx?TheaterId=15",
                "label": "14:40 06廳"
              },
              {
                "time": "18:50",
                "format": "06廳",
                "language": "日語",
                "auditorium": null,
                "booking_url": "https://www.in89cinemax.com/film_list.aspx?TheaterId=15",
                "label": "18:50 06廳"
              },
              {
                "time": "20:50",
                "format": "06廳",
                "language": "日語",
                "auditorium": null,
                "booking_url": "https://www.in89cinemax.com/film_list.aspx?TheaterId=15",
                "label": "20:50 06廳"
              }
            ],
            "start_times": "10:30, 14:40, 18:50, 20:50"
          }
        },
        {
          "type": "Feature",
          "geometry": {
            "type": "Point",
            "coordinates": [
              120.452734194907,
              23.476437792869
            ]
          },
          "properties": {
            "location_id": 6,
            "chain_name": "in89 豪華影城",
            "location_name": "嘉義影食匯 in89豪華影城",
            "map_name": "in89 豪華影城 嘉義影食匯 in89豪華影城",
            "address": "嘉義市東區民族路328號",
            "city": "嘉義市",
            "location_url": "https://www.in89cinemax.com/film_list.aspx?TheaterId=17",
            "official_url": "https://www.in89cinemax.com/",
            "crawl_url": "https://chiayi.in89.com.tw/api/api_movie.php?method=getStagesByDate",
            "movie_title": "劇場版 鋼之鍊金術師 香巴拉的征服者",
            "show_date": "2026-09-30",
            "showtime_count": 1,
            "showtimes": [
              {
                "time": "18:40",
                "format": "01廳(8樓)",
                "language": "日語",
                "auditorium": null,
                "booking_url": "https://www.in89cinemax.com/film_list.aspx?TheaterId=17",
                "label": "18:40 01廳(8樓)"
              }
            ],
            "start_times": "18:40"
          }
        },
        {
          "type": "Feature",
          "geometry": {
            "type": "Point",
            "coordinates": [
              121.313019879774,
              24.991207497656
            ]
          },
          "properties": {
            "location_id": 7,
            "chain_name": "in89 豪華影城",
            "location_name": "桃園站前 in89豪華影城",
            "map_name": "in89 豪華影城 桃園站前 in89豪華影城",
            "address": "桃園市桃園區中正路56號",
            "city": "桃園市",
            "location_url": "https://www.in89cinemax.com/film_list.aspx?TheaterId=1",
            "official_url": "https://www.in89cinemax.com/",
            "crawl_url": "https://taoyuan.in89.com.tw/api/api_movie.php?method=getStagesByDate",
            "movie_title": "劇場版 鋼之鍊金術師 香巴拉的征服者",
            "show_date": "2026-09-30",
            "showtime_count": 2,
            "showtimes": [
              {
                "time": "13:00",
                "format": "5廳(5F)",
                "language": "日語",
                "auditorium": null,
                "booking_url": "https://www.in89cinemax.com/film_list.aspx?TheaterId=1",
                "label": "13:00 5廳(5F)"
              },
              {
                "time": "17:20",
                "format": "5廳(5F)",
                "language": "日語",
                "auditorium": null,
                "booking_url": "https://www.in89cinemax.com/film_list.aspx?TheaterId=1",
                "label": "17:20 5廳(5F)"
              }
            ],
            "start_times": "13:00, 17:20"
          }
        },
        {
          "type": "Feature",
          "geometry": {
            "type": "Point",
            "coordinates": [
              120.298119010543,
              22.621851005881
            ]
          },
          "properties": {
            "location_id": 9,
            "chain_name": "in89 豪華影城",
            "location_name": "高雄大立 in89豪華影城",
            "map_name": "in89 豪華影城 高雄大立 in89豪華影城",
            "address": "高雄市前金區五福三路57號9樓",
            "city": "高雄市",
            "location_url": "https://www.in89cinemax.com/film_list.aspx?TheaterId=16",
            "official_url": "https://www.in89cinemax.com/",
            "crawl_url": "https://talee.in89.com.tw/api/api_movie.php?method=getStagesByDate",
            "movie_title": "劇場版 鋼之鍊金術師 香巴拉的征服者",
            "show_date": "2026-09-30",
            "showtime_count": 2,
            "showtimes": [
              {
                "time": "15:40",
                "format": "01廳(9F)",
                "language": "日語",
                "auditorium": null,
                "booking_url": "https://www.in89cinemax.com/film_list.aspx?TheaterId=16",
                "label": "15:40 01廳(9F)"
              },
              {
                "time": "19:30",
                "format": "01廳(9F)",
                "language": "日語",
                "auditorium": null,
                "booking_url": "https://www.in89cinemax.com/film_list.aspx?TheaterId=16",
                "label": "19:30 01廳(9F)"
              }
            ],
            "start_times": "15:40, 19:30"
          }
        },
        {
          "type": "Feature",
          "geometry": {
            "type": "Point",
            "coordinates": [
              121.604793,
              25.052363
            ]
          },
          "properties": {
            "location_id": 86,
            "chain_name": "喜樂時代影城",
            "location_name": "喜樂時代影城南港店",
            "map_name": "喜樂時代影城 喜樂時代影城南港店",
            "address": "台北市南港區忠孝東路七段299號",
            "city": "臺北市",
            "location_url": "https://www.centuryasia.com.tw/book.html?sid=Nangang&ver=0fKKApRlrx8=",
            "official_url": "https://www.centuryasia.com.tw/",
            "crawl_url": "https://www.centuryasia.com.tw/book.html?sid=Nangang&ver=0fKKApRlrx8=",
            "movie_title": "劇場版 鋼之鍊金術師 香巴拉的征服者",
            "show_date": "2026-09-30",
            "showtime_count": 4,
            "showtimes": [
              {
                "time": "11:00",
                "format": "2D日語",
                "language": "日語",
                "auditorium": "12廳",
                "booking_url": "https://www.centuryasia.com.tw/book.html?sid=Nangang&ver=0fKKApRlrx8=",
                "label": "11:00 2D日語 / 12廳"
              },
              {
                "time": "14:10",
                "format": "2D日語",
                "language": "日語",
                "auditorium": "15廳",
                "booking_url": "https://www.centuryasia.com.tw/book.html?sid=Nangang&ver=0fKKApRlrx8=",
                "label": "14:10 2D日語 / 15廳"
              },
              {
                "time": "19:10",
                "format": "2D日語",
                "language": "日語",
                "auditorium": "18廳",
                "booking_url": "https://www.centuryasia.com.tw/book.html?sid=Nangang&ver=0fKKApRlrx8=",
                "label": "19:10 2D日語 / 18廳"
              },
              {
                "time": "21:15",
                "format": "2D日語",
                "language": "日語",
                "auditorium": "18廳",
                "booking_url": "https://www.centuryasia.com.tw/book.html?sid=Nangang&ver=0fKKApRlrx8=",
                "label": "21:15 2D日語 / 18廳"
              }
            ],
            "start_times": "11:00, 14:10, 19:10, 21:15"
          }
        },
        {
          "type": "Feature",
          "geometry": {
            "type": "Point",
            "coordinates": [
              121.458702134648,
              25.06381770366
            ]
          },
          "properties": {
            "location_id": 15,
            "chain_name": "國賓影城",
            "location_name": "新莊晶冠國賓影城",
            "map_name": "國賓影城 新莊晶冠國賓影城",
            "address": "新北市新莊區五工路66號3、4樓",
            "city": "新北市",
            "location_url": "https://www.ambassador.com.tw/home/Showtime?ID=3301d822-b385-4aa8-a9eb-aa59d58e95c9&DT=2026/09/30",
            "official_url": "https://www.ambassador.com.tw/",
            "crawl_url": "https://www.ambassador.com.tw/home/Showtime?ID=3301d822-b385-4aa8-a9eb-aa59d58e95c9&DT=2026/09/30",
            "movie_title": "劇場版 鋼之鍊金術師 香巴拉的征服者",
            "show_date": "2026-09-30",
            "showtime_count": 2,
            "showtimes": [
              {
                "time": "13:30",
                "format": "數位‧日文版",
                "language": "日語",
                "auditorium": "2廳 58席",
                "booking_url": "https://www.ambassador.com.tw/home/Showtime?ID=3301d822-b385-4aa8-a9eb-aa59d58e95c9&DT=2026/09/30",
                "label": "13:30 數位‧日文版 / 2廳 58席"
              },
              {
                "time": "17:35",
                "format": "數位‧日文版",
                "language": "日語",
                "auditorium": "2廳 58席",
                "booking_url": "https://www.ambassador.com.tw/home/Showtime?ID=3301d822-b385-4aa8-a9eb-aa59d58e95c9&DT=2026/09/30",
                "label": "17:35 數位‧日文版 / 2廳 58席"
              }
            ],
            "start_times": "13:30, 17:35"
          }
        },
        {
          "type": "Feature",
          "geometry": {
            "type": "Point",
            "coordinates": [
              121.475688899623,
              25.006077203437
            ]
          },
          "properties": {
            "location_id": 20,
            "chain_name": "威秀影城 / VIESHOW",
            "location_name": "中和環球威秀影城",
            "map_name": "威秀影城 / VIESHOW 中和環球威秀影城",
            "address": "新北市中和區中山路三段122號4樓",
            "city": "新北市",
            "location_url": "https://www.vscinemas.com.tw/vsTicketing/ticketing/booking.aspx?cinemacode=30&txtSessionId=211746",
            "official_url": "https://www.vscinemas.com.tw/",
            "crawl_url": "https://www.vscinemas.com.tw/ShowTimes/",
            "movie_title": "劇場版 鋼之鍊金術師 香巴拉的征服者",
            "show_date": "2026-09-30",
            "showtime_count": 2,
            "showtimes": [
              {
                "time": "11:35",
                "format": "(數位)劇場版 鋼之鍊金術師 香巴拉的征服者 (普遍級)",
                "language": null,
                "auditorium": null,
                "booking_url": "https://www.vscinemas.com.tw/vsTicketing/ticketing/booking.aspx?cinemacode=30&txtSessionId=211746",
                "label": "11:35 (數位)劇場版 鋼之鍊金術師 香巴拉的征服者 (普遍級)"
              },
              {
                "time": "18:05",
                "format": "(數位)劇場版 鋼之鍊金術師 香巴拉的征服者 (普遍級)",
                "language": null,
                "auditorium": null,
                "booking_url": "https://www.vscinemas.com.tw/vsTicketing/ticketing/booking.aspx?cinemacode=30&txtSessionId=211749",
                "label": "18:05 (數位)劇場版 鋼之鍊金術師 香巴拉的征服者 (普遍級)"
              }
            ],
            "start_times": "11:35, 18:05"
          }
        },
        {
          "type": "Feature",
          "geometry": {
            "type": "Point",
            "coordinates": [
              120.687673995592,
              24.135473018575
            ]
          },
          "properties": {
            "location_id": 21,
            "chain_name": "威秀影城 / VIESHOW",
            "location_name": "台中iFG 遠雄廣場威秀影城",
            "map_name": "威秀影城 / VIESHOW 台中iFG 遠雄廣場威秀影城",
            "address": "台中市東區復興路四段186號4樓",
            "city": "臺中市",
            "location_url": "https://www.vscinemas.com.tw/vsTicketing/ticketing/booking.aspx?cinemacode=31&txtSessionId=185964",
            "official_url": "https://www.vscinemas.com.tw/",
            "crawl_url": "https://www.vscinemas.com.tw/ShowTimes/",
            "movie_title": "劇場版 鋼之鍊金術師 香巴拉的征服者",
            "show_date": "2026-09-30",
            "showtime_count": 2,
            "showtimes": [
              {
                "time": "12:05",
                "format": "(數位)劇場版 鋼之鍊金術師 香巴拉的征服者 (普遍級)",
                "language": null,
                "auditorium": null,
                "booking_url": "https://www.vscinemas.com.tw/vsTicketing/ticketing/booking.aspx?cinemacode=31&txtSessionId=185964",
                "label": "12:05 (數位)劇場版 鋼之鍊金術師 香巴拉的征服者 (普遍級)"
              },
              {
                "time": "18:10",
                "format": "(數位)劇場版 鋼之鍊金術師 香巴拉的征服者 (普遍級)",
                "language": null,
                "auditorium": null,
                "booking_url": "https://www.vscinemas.com.tw/vsTicketing/ticketing/booking.aspx?cinemacode=31&txtSessionId=185960",
                "label": "18:10 (數位)劇場版 鋼之鍊金術師 香巴拉的征服者 (普遍級)"
              }
            ],
            "start_times": "12:05, 18:10"
          }
        },
        {
          "type": "Feature",
          "geometry": {
            "type": "Point",
            "coordinates": [
              121.5184321,
              25.0490792
            ]
          },
          "properties": {
            "location_id": 23,
            "chain_name": "威秀影城 / VIESHOW",
            "location_name": "台北京站威秀影城",
            "map_name": "威秀影城 / VIESHOW 台北京站威秀影城",
            "address": "台北市大同區市民大道一段209號5樓",
            "city": "臺北市",
            "location_url": "https://www.vscinemas.com.tw/ShowTimes/",
            "official_url": "https://www.vscinemas.com.tw/",
            "crawl_url": "https://www.vscinemas.com.tw/ShowTimes/",
            "movie_title": "劇場版 鋼之鍊金術師 香巴拉的征服者",
            "show_date": "2026-09-30",
            "showtime_count": 3,
            "showtimes": [
              {
                "time": "09:25",
                "format": "(數位)劇場版 鋼之鍊金術師 香巴拉的征服者 (普遍級)",
                "language": null,
                "auditorium": null,
                "booking_url": "https://www.vscinemas.com.tw/ShowTimes/",
                "label": "09:25 (數位)劇場版 鋼之鍊金術師 香巴拉的征服者 (普遍級)"
              },
              {
                "time": "14:05",
                "format": "(數位)劇場版 鋼之鍊金術師 香巴拉的征服者 (普遍級)",
                "language": null,
                "auditorium": null,
                "booking_url": "https://www.vscinemas.com.tw/vsTicketing/ticketing/booking.aspx?cinemacode=12&txtSessionId=898566",
                "label": "14:05 (數位)劇場版 鋼之鍊金術師 香巴拉的征服者 (普遍級)"
              },
              {
                "time": "20:40",
                "format": "(數位)劇場版 鋼之鍊金術師 香巴拉的征服者 (普遍級)",
                "language": null,
                "auditorium": null,
                "booking_url": "https://www.vscinemas.com.tw/vsTicketing/ticketing/booking.aspx?cinemacode=12&txtSessionId=898583",
                "label": "20:40 (數位)劇場版 鋼之鍊金術師 香巴拉的征服者 (普遍級)"
              }
            ],
            "start_times": "09:25, 14:05, 20:40"
          }
        },
        {
          "type": "Feature",
          "geometry": {
            "type": "Point",
            "coordinates": [
              121.567405360549,
              25.035641139855
            ]
          },
          "properties": {
            "location_id": 24,
            "chain_name": "威秀影城 / VIESHOW",
            "location_name": "台北信義威秀影城",
            "map_name": "威秀影城 / VIESHOW 台北信義威秀影城",
            "address": "台北市信義區松壽路20號2樓",
            "city": "臺北市",
            "location_url": "https://www.vscinemas.com.tw/vsTicketing/ticketing/booking.aspx?cinemacode=1&txtSessionId=1879572",
            "official_url": "https://www.vscinemas.com.tw/",
            "crawl_url": "https://www.vscinemas.com.tw/ShowTimes/",
            "movie_title": "劇場版 鋼之鍊金術師 香巴拉的征服者",
            "show_date": "2026-09-30",
            "showtime_count": 2,
            "showtimes": [
              {
                "time": "13:55",
                "format": "(數位)劇場版 鋼之鍊金術師 香巴拉的征服者 (普遍級)",
                "language": null,
                "auditorium": null,
                "booking_url": "https://www.vscinemas.com.tw/vsTicketing/ticketing/booking.aspx?cinemacode=1&txtSessionId=1879572",
                "label": "13:55 (數位)劇場版 鋼之鍊金術師 香巴拉的征服者 (普遍級)"
              },
              {
                "time": "19:40",
                "format": "(數位)劇場版 鋼之鍊金術師 香巴拉的征服者 (普遍級)",
                "language": null,
                "auditorium": null,
                "booking_url": "https://www.vscinemas.com.tw/vsTicketing/ticketing/booking.aspx?cinemacode=1&txtSessionId=1879516",
                "label": "19:40 (數位)劇場版 鋼之鍊金術師 香巴拉的征服者 (普遍級)"
              }
            ],
            "start_times": "13:55, 19:40"
          }
        },
        {
          "type": "Feature",
          "geometry": {
            "type": "Point",
            "coordinates": [
              121.617582534262,
              25.059344952488
            ]
          },
          "properties": {
            "location_id": 25,
            "chain_name": "威秀影城 / VIESHOW",
            "location_name": "台北南港 LaLaport威秀影城",
            "map_name": "威秀影城 / VIESHOW 台北南港 LaLaport威秀影城",
            "address": "台北市南港區經貿二路131號5樓",
            "city": "臺北市",
            "location_url": "https://www.vscinemas.com.tw/vsTicketing/ticketing/booking.aspx?cinemacode=35&txtSessionId=147103",
            "official_url": "https://www.vscinemas.com.tw/",
            "crawl_url": "https://www.vscinemas.com.tw/ShowTimes/",
            "movie_title": "劇場版 鋼之鍊金術師 香巴拉的征服者",
            "show_date": "2026-09-30",
            "showtime_count": 2,
            "showtimes": [
              {
                "time": "13:10",
                "format": "(數位)劇場版 鋼之鍊金術師 香巴拉的征服者 (普遍級)",
                "language": null,
                "auditorium": null,
                "booking_url": "https://www.vscinemas.com.tw/vsTicketing/ticketing/booking.aspx?cinemacode=35&txtSessionId=147103",
                "label": "13:10 (數位)劇場版 鋼之鍊金術師 香巴拉的征服者 (普遍級)"
              },
              {
                "time": "18:35",
                "format": "(數位)劇場版 鋼之鍊金術師 香巴拉的征服者 (普遍級)",
                "language": null,
                "auditorium": null,
                "booking_url": "https://www.vscinemas.com.tw/vsTicketing/ticketing/booking.aspx?cinemacode=35&txtSessionId=147136",
                "label": "18:35 (數位)劇場版 鋼之鍊金術師 香巴拉的征服者 (普遍級)"
              }
            ],
            "start_times": "13:10, 18:35"
          }
        },
        {
          "type": "Feature",
          "geometry": {
            "type": "Point",
            "coordinates": [
              120.210166862332,
              22.995629908049
            ]
          },
          "properties": {
            "location_id": 27,
            "chain_name": "威秀影城 / VIESHOW",
            "location_name": "台南FOCUS威秀影城",
            "map_name": "威秀影城 / VIESHOW 台南FOCUS威秀影城",
            "address": "台南市中西區中山路166號11樓",
            "city": "臺南市",
            "location_url": "https://www.vscinemas.com.tw/vsTicketing/ticketing/booking.aspx?cinemacode=25&txtSessionId=307830",
            "official_url": "https://www.vscinemas.com.tw/",
            "crawl_url": "https://www.vscinemas.com.tw/ShowTimes/",
            "movie_title": "劇場版 鋼之鍊金術師 香巴拉的征服者",
            "show_date": "2026-09-30",
            "showtime_count": 2,
            "showtimes": [
              {
                "time": "12:25",
                "format": "(數位)劇場版 鋼之鍊金術師 香巴拉的征服者 (普遍級)",
                "language": null,
                "auditorium": null,
                "booking_url": "https://www.vscinemas.com.tw/vsTicketing/ticketing/booking.aspx?cinemacode=25&txtSessionId=307830",
                "label": "12:25 (數位)劇場版 鋼之鍊金術師 香巴拉的征服者 (普遍級)"
              },
              {
                "time": "19:10",
                "format": "(數位)劇場版 鋼之鍊金術師 香巴拉的征服者 (普遍級)",
                "language": null,
                "auditorium": null,
                "booking_url": "https://www.vscinemas.com.tw/vsTicketing/ticketing/booking.aspx?cinemacode=25&txtSessionId=307833",
                "label": "19:10 (數位)劇場版 鋼之鍊金術師 香巴拉的征服者 (普遍級)"
              }
            ],
            "start_times": "12:25, 19:10"
          }
        },
        {
          "type": "Feature",
          "geometry": {
            "type": "Point",
            "coordinates": [
              120.233454974477,
              22.990581990681
            ]
          },
          "properties": {
            "location_id": 28,
            "chain_name": "威秀影城 / VIESHOW",
            "location_name": "台南南紡威秀影城",
            "map_name": "威秀影城 / VIESHOW 台南南紡威秀影城",
            "address": "台南市東區中華東路一段366號5樓",
            "city": "臺南市",
            "location_url": "https://www.vscinemas.com.tw/vsTicketing/ticketing/booking.aspx?cinemacode=17&txtSessionId=704330",
            "official_url": "https://www.vscinemas.com.tw/",
            "crawl_url": "https://www.vscinemas.com.tw/ShowTimes/",
            "movie_title": "劇場版 鋼之鍊金術師 香巴拉的征服者",
            "show_date": "2026-09-30",
            "showtime_count": 2,
            "showtimes": [
              {
                "time": "13:00",
                "format": "(數位)劇場版 鋼之鍊金術師 香巴拉的征服者 (普遍級)",
                "language": null,
                "auditorium": null,
                "booking_url": "https://www.vscinemas.com.tw/vsTicketing/ticketing/booking.aspx?cinemacode=17&txtSessionId=704330",
                "label": "13:00 (數位)劇場版 鋼之鍊金術師 香巴拉的征服者 (普遍級)"
              },
              {
                "time": "21:05",
                "format": "(數位)劇場版 鋼之鍊金術師 香巴拉的征服者 (普遍級)",
                "language": null,
                "auditorium": null,
                "booking_url": "https://www.vscinemas.com.tw/vsTicketing/ticketing/booking.aspx?cinemacode=17&txtSessionId=704334",
                "label": "21:05 (數位)劇場版 鋼之鍊金術師 香巴拉的征服者 (普遍級)"
              }
            ],
            "start_times": "13:00, 21:05"
          }
        },
        {
          "type": "Feature",
          "geometry": {
            "type": "Point",
            "coordinates": [
              121.5468264,
              24.9783596
            ]
          },
          "properties": {
            "location_id": 31,
            "chain_name": "威秀影城 / VIESHOW",
            "location_name": "新店裕隆城威秀影城",
            "map_name": "威秀影城 / VIESHOW 新店裕隆城威秀影城",
            "address": "新北市新店區中興路三段128號7樓",
            "city": "新北市",
            "location_url": "https://www.vscinemas.com.tw/vsTicketing/ticketing/booking.aspx?cinemacode=32&txtSessionId=165228",
            "official_url": "https://www.vscinemas.com.tw/",
            "crawl_url": "https://www.vscinemas.com.tw/ShowTimes/",
            "movie_title": "劇場版 鋼之鍊金術師 香巴拉的征服者",
            "show_date": "2026-09-30",
            "showtime_count": 2,
            "showtimes": [
              {
                "time": "15:30",
                "format": "(數位)劇場版 鋼之鍊金術師 香巴拉的征服者 (普遍級)",
                "language": null,
                "auditorium": null,
                "booking_url": "https://www.vscinemas.com.tw/vsTicketing/ticketing/booking.aspx?cinemacode=32&txtSessionId=165228",
                "label": "15:30 (數位)劇場版 鋼之鍊金術師 香巴拉的征服者 (普遍級)"
              },
              {
                "time": "21:10",
                "format": "(數位)劇場版 鋼之鍊金術師 香巴拉的征服者 (普遍級)",
                "language": null,
                "auditorium": null,
                "booking_url": "https://www.vscinemas.com.tw/vsTicketing/ticketing/booking.aspx?cinemacode=32&txtSessionId=165230",
                "label": "21:10 (數位)劇場版 鋼之鍊金術師 香巴拉的征服者 (普遍級)"
              }
            ],
            "start_times": "15:30, 21:10"
          }
        },
        {
          "type": "Feature",
          "geometry": {
            "type": "Point",
            "coordinates": [
              120.965210879671,
              24.802185606585
            ]
          },
          "properties": {
            "location_id": 32,
            "chain_name": "威秀影城 / VIESHOW",
            "location_name": "新竹大遠百威秀影城",
            "map_name": "威秀影城 / VIESHOW 新竹大遠百威秀影城",
            "address": "新竹市東區西大路323號8樓",
            "city": "新竹市",
            "location_url": "https://www.vscinemas.com.tw/vsTicketing/ticketing/booking.aspx?cinemacode=2&txtSessionId=1168838",
            "official_url": "https://www.vscinemas.com.tw/",
            "crawl_url": "https://www.vscinemas.com.tw/ShowTimes/",
            "movie_title": "劇場版 鋼之鍊金術師 香巴拉的征服者",
            "show_date": "2026-09-30",
            "showtime_count": 2,
            "showtimes": [
              {
                "time": "13:30",
                "format": "(數位)劇場版 鋼之鍊金術師 香巴拉的征服者 (普遍級)",
                "language": null,
                "auditorium": null,
                "booking_url": "https://www.vscinemas.com.tw/vsTicketing/ticketing/booking.aspx?cinemacode=2&txtSessionId=1168838",
                "label": "13:30 (數位)劇場版 鋼之鍊金術師 香巴拉的征服者 (普遍級)"
              },
              {
                "time": "21:25",
                "format": "(數位)劇場版 鋼之鍊金術師 香巴拉的征服者 (普遍級)",
                "language": null,
                "auditorium": null,
                "booking_url": "https://www.vscinemas.com.tw/vsTicketing/ticketing/booking.aspx?cinemacode=2&txtSessionId=1168836",
                "label": "21:25 (數位)劇場版 鋼之鍊金術師 香巴拉的征服者 (普遍級)"
              }
            ],
            "start_times": "13:30, 21:25"
          }
        },
        {
          "type": "Feature",
          "geometry": {
            "type": "Point",
            "coordinates": [
              121.363547165582,
              25.071241094298
            ]
          },
          "properties": {
            "location_id": 36,
            "chain_name": "威秀影城 / VIESHOW",
            "location_name": "林口MITSUI OUTLET PARK威秀影城",
            "map_name": "威秀影城 / VIESHOW 林口MITSUI OUTLET PARK威秀影城",
            "address": "新北市林口區文化三路一段356號3樓",
            "city": "新北市",
            "location_url": "https://www.vscinemas.com.tw/vsTicketing/ticketing/booking.aspx?cinemacode=19&txtSessionId=486962",
            "official_url": "https://www.vscinemas.com.tw/",
            "crawl_url": "https://www.vscinemas.com.tw/ShowTimes/",
            "movie_title": "劇場版 鋼之鍊金術師 香巴拉的征服者",
            "show_date": "2026-09-30",
            "showtime_count": 2,
            "showtimes": [
              {
                "time": "13:15",
                "format": "(數位)劇場版 鋼之鍊金術師 香巴拉的征服者 (普遍級)",
                "language": null,
                "auditorium": null,
                "booking_url": "https://www.vscinemas.com.tw/vsTicketing/ticketing/booking.aspx?cinemacode=19&txtSessionId=486962",
                "label": "13:15 (數位)劇場版 鋼之鍊金術師 香巴拉的征服者 (普遍級)"
              },
              {
                "time": "20:50",
                "format": "(數位)劇場版 鋼之鍊金術師 香巴拉的征服者 (普遍級)",
                "language": null,
                "auditorium": null,
                "booking_url": "https://www.vscinemas.com.tw/vsTicketing/ticketing/booking.aspx?cinemacode=19&txtSessionId=486965",
                "label": "20:50 (數位)劇場版 鋼之鍊金術師 香巴拉的征服者 (普遍級)"
              }
            ],
            "start_times": "13:15, 20:50"
          }
        },
        {
          "type": "Feature",
          "geometry": {
            "type": "Point",
            "coordinates": [
              121.312523000553,
              24.991112991698
            ]
          },
          "properties": {
            "location_id": 38,
            "chain_name": "威秀影城 / VIESHOW",
            "location_name": "桃園統領威秀影城",
            "map_name": "威秀影城 / VIESHOW 桃園統領威秀影城",
            "address": "桃園市桃園區中正路61號9樓",
            "city": "桃園市",
            "location_url": "https://www.vscinemas.com.tw/vsTicketing/ticketing/booking.aspx?cinemacode=20&txtSessionId=751913",
            "official_url": "https://www.vscinemas.com.tw/",
            "crawl_url": "https://www.vscinemas.com.tw/ShowTimes/",
            "movie_title": "劇場版 鋼之鍊金術師 香巴拉的征服者",
            "show_date": "2026-09-30",
            "showtime_count": 3,
            "showtimes": [
              {
                "time": "12:05",
                "format": "(數位)劇場版 鋼之鍊金術師 香巴拉的征服者 (普遍級)",
                "language": null,
                "auditorium": null,
                "booking_url": "https://www.vscinemas.com.tw/vsTicketing/ticketing/booking.aspx?cinemacode=20&txtSessionId=751913",
                "label": "12:05 (數位)劇場版 鋼之鍊金術師 香巴拉的征服者 (普遍級)"
              },
              {
                "time": "16:20",
                "format": "(數位)劇場版 鋼之鍊金術師 香巴拉的征服者 (普遍級)",
                "language": null,
                "auditorium": null,
                "booking_url": "https://www.vscinemas.com.tw/vsTicketing/ticketing/booking.aspx?cinemacode=20&txtSessionId=751915",
                "label": "16:20 (數位)劇場版 鋼之鍊金術師 香巴拉的征服者 (普遍級)"
              },
              {
                "time": "19:15",
                "format": "(數位)劇場版 鋼之鍊金術師 香巴拉的征服者 (普遍級)",
                "language": null,
                "auditorium": null,
                "booking_url": "https://www.vscinemas.com.tw/vsTicketing/ticketing/booking.aspx?cinemacode=20&txtSessionId=751911",
                "label": "19:15 (數位)劇場版 鋼之鍊金術師 香巴拉的征服者 (普遍級)"
              }
            ],
            "start_times": "12:05, 16:20, 19:15"
          }
        },
        {
          "type": "Feature",
          "geometry": {
            "type": "Point",
            "coordinates": [
              120.303548975058,
              22.613424008067
            ]
          },
          "properties": {
            "location_id": 41,
            "chain_name": "威秀影城 / VIESHOW",
            "location_name": "高雄大遠百威秀影城",
            "map_name": "威秀影城 / VIESHOW 高雄大遠百威秀影城",
            "address": "高雄市苓雅區三多四路21號13樓",
            "city": "高雄市",
            "location_url": "https://www.vscinemas.com.tw/vsTicketing/ticketing/booking.aspx?cinemacode=6&txtSessionId=1853268",
            "official_url": "https://www.vscinemas.com.tw/",
            "crawl_url": "https://www.vscinemas.com.tw/ShowTimes/",
            "movie_title": "劇場版 鋼之鍊金術師 香巴拉的征服者",
            "show_date": "2026-09-30",
            "showtime_count": 2,
            "showtimes": [
              {
                "time": "12:15",
                "format": "(數位)劇場版 鋼之鍊金術師 香巴拉的征服者 (普遍級)",
                "language": null,
                "auditorium": null,
                "booking_url": "https://www.vscinemas.com.tw/vsTicketing/ticketing/booking.aspx?cinemacode=6&txtSessionId=1853268",
                "label": "12:15 (數位)劇場版 鋼之鍊金術師 香巴拉的征服者 (普遍級)"
              },
              {
                "time": "19:15",
                "format": "(數位)劇場版 鋼之鍊金術師 香巴拉的征服者 (普遍級)",
                "language": null,
                "auditorium": null,
                "booking_url": "https://www.vscinemas.com.tw/vsTicketing/ticketing/booking.aspx?cinemacode=6&txtSessionId=1853258",
                "label": "19:15 (數位)劇場版 鋼之鍊金術師 香巴拉的征服者 (普遍級)"
              }
            ],
            "start_times": "12:15, 19:15"
          }
        },
        {
          "type": "Feature",
          "geometry": {
            "type": "Point",
            "coordinates": [
              121.751391823288,
              24.754464707689
            ]
          },
          "properties": {
            "location_id": 48,
            "chain_name": "新月豪華影城",
            "location_name": "宜蘭新月豪華影城",
            "map_name": "新月豪華影城 宜蘭新月豪華影城",
            "address": "宜蘭縣宜蘭市民權路二段38巷2號",
            "city": "宜蘭縣",
            "location_url": "https://www.lunacinemax.com.tw/time_schedule.aspx",
            "official_url": "https://www.lunacinemax.com.tw/",
            "crawl_url": "https://www.lunacinemax.com.tw/time_schedule.aspx",
            "movie_title": "劇場版 鋼之鍊金術師 香巴拉的征服者",
            "show_date": "2026-09-30",
            "showtime_count": 2,
            "showtimes": [
              {
                "time": "12:25",
                "format": "劇場版 鋼之鍊金術師 香巴拉的征服者",
                "language": null,
                "auditorium": "8廳",
                "booking_url": "https://www.lunacinemax.com.tw/time_schedule.aspx",
                "label": "12:25 劇場版 鋼之鍊金術師 香巴拉的征服者 / 8廳"
              },
              {
                "time": "16:55",
                "format": "劇場版 鋼之鍊金術師 香巴拉的征服者",
                "language": null,
                "auditorium": "8廳",
                "booking_url": "https://www.lunacinemax.com.tw/time_schedule.aspx",
                "label": "16:55 劇場版 鋼之鍊金術師 香巴拉的征服者 / 8廳"
              }
            ],
            "start_times": "12:25, 16:55"
          }
        },
        {
          "type": "Feature",
          "geometry": {
            "type": "Point",
            "coordinates": [
              121.536644362629,
              25.010805770294
            ]
          },
          "properties": {
            "location_id": 51,
            "chain_name": "百老匯影城",
            "location_name": "公館百老匯影城",
            "map_name": "百老匯影城 公館百老匯影城",
            "address": "台北市文山區羅斯福路四段200號",
            "city": "臺北市",
            "location_url": "https://www.broadway-cineplex.com.tw/book.html?obj=Taipei&v25080101",
            "official_url": "https://www.broadway-cineplex.com.tw/",
            "crawl_url": "https://www.broadway-cineplex.com.tw/Movie/GetMovieList/Taipei",
            "movie_title": "劇場版 鋼之鍊金術師 香巴拉的征服者",
            "show_date": "2026-09-30",
            "showtime_count": 2,
            "showtimes": [
              {
                "time": "16:00",
                "format": "數位/日語",
                "language": "日語",
                "auditorium": "7廳 4樓",
                "booking_url": "https://www.broadway-cineplex.com.tw/book.html?obj=Taipei&v25080101",
                "label": "16:00 數位/日語 / 7廳 4樓",
                "seat_preview_url": "https://www.broadway-cineplex.com.tw/quick-view.html?obj=Taipei,0000952,2026-09-30,16-00,0007"
              },
              {
                "time": "18:00",
                "format": "數位/日語",
                "language": "日語",
                "auditorium": "7廳 4樓",
                "booking_url": "https://www.broadway-cineplex.com.tw/book.html?obj=Taipei&v25080101",
                "label": "18:00 數位/日語 / 7廳 4樓",
                "seat_preview_url": "https://www.broadway-cineplex.com.tw/quick-view.html?obj=Taipei,0000952,2026-09-30,18-00,0007"
              }
            ],
            "start_times": "16:00, 18:00"
          }
        },
        {
          "type": "Feature",
          "geometry": {
            "type": "Point",
            "coordinates": [
              121.02123777733,
              24.809823168098
            ]
          },
          "properties": {
            "location_id": 52,
            "chain_name": "百老匯影城",
            "location_name": "竹北百老匯影城",
            "map_name": "百老匯影城 竹北百老匯影城",
            "address": "新竹縣竹北市自強南路36號3~5樓",
            "city": "新竹縣",
            "location_url": "https://www.broadway-cineplex.com.tw/book.html?obj=Zhubei&v25080101",
            "official_url": "https://www.broadway-cineplex.com.tw/",
            "crawl_url": "https://www.broadway-cineplex.com.tw/Movie/GetMovieList/Zhubei",
            "movie_title": "劇場版 鋼之鍊金術師 香巴拉的征服者",
            "show_date": "2026-09-30",
            "showtime_count": 3,
            "showtimes": [
              {
                "time": "12:45",
                "format": "數位/日語",
                "language": "日語",
                "auditorium": "9廳",
                "booking_url": "https://www.broadway-cineplex.com.tw/book.html?obj=Zhubei&v25080101",
                "label": "12:45 數位/日語 / 9廳",
                "seat_preview_url": "https://www.broadway-cineplex.com.tw/quick-view.html?obj=Zhubei,0000952,2026-09-30,12-45,0009"
              },
              {
                "time": "14:50",
                "format": "數位/日語",
                "language": "日語",
                "auditorium": "9廳",
                "booking_url": "https://www.broadway-cineplex.com.tw/book.html?obj=Zhubei&v25080101",
                "label": "14:50 數位/日語 / 9廳",
                "seat_preview_url": "https://www.broadway-cineplex.com.tw/quick-view.html?obj=Zhubei,0000952,2026-09-30,14-50,0009"
              },
              {
                "time": "19:10",
                "format": "數位/日語",
                "language": "日語",
                "auditorium": "9廳",
                "booking_url": "https://www.broadway-cineplex.com.tw/book.html?obj=Zhubei&v25080101",
                "label": "19:10 數位/日語 / 9廳",
                "seat_preview_url": "https://www.broadway-cineplex.com.tw/quick-view.html?obj=Zhubei,0000952,2026-09-30,19-10,0009"
              }
            ],
            "start_times": "12:45, 14:50, 19:10"
          }
        },
        {
          "type": "Feature",
          "geometry": {
            "type": "Point",
            "coordinates": [
              121.55751470000001,
              25.083348479857356
            ]
          },
          "properties": {
            "location_id": 79,
            "chain_name": "美麗華影城",
            "location_name": "美麗華影城",
            "map_name": "美麗華影城 美麗華影城",
            "address": "臺北市中山區金泰里敬業三路22號6樓",
            "city": "臺北市",
            "location_url": "https://www.miramarcinemas.tw/Booking/TicketType?id=dbd9dc32-daa7-469b-9e12-2ff792422927&session=437632",
            "official_url": "https://www.miramarcinemas.tw/",
            "crawl_url": "https://www.miramarcinemas.tw/timetable",
            "movie_title": "劇場版 鋼之鍊金術師 香巴拉的征服者",
            "show_date": "2026-09-30",
            "showtime_count": 2,
            "showtimes": [
              {
                "time": "11:00",
                "format": "日文(JPN)",
                "language": "日語",
                "auditorium": null,
                "booking_url": "https://www.miramarcinemas.tw/Booking/TicketType?id=dbd9dc32-daa7-469b-9e12-2ff792422927&session=437632",
                "label": "11:00 日文(JPN)"
              },
              {
                "time": "17:30",
                "format": "日文(JPN)",
                "language": "日語",
                "auditorium": null,
                "booking_url": "https://www.miramarcinemas.tw/Booking/TicketType?id=dbd9dc32-daa7-469b-9e12-2ff792422927&session=437633",
                "label": "17:30 日文(JPN)"
              }
            ],
            "start_times": "11:00, 17:30"
          }
        },
        {
          "type": "Feature",
          "geometry": {
            "type": "Point",
            "coordinates": [
              120.3253452,
              22.6319673
            ]
          },
          "properties": {
            "location_id": 72,
            "chain_name": "高雄環球影城",
            "location_name": "高雄環球影城",
            "map_name": "高雄環球影城 高雄環球影城",
            "address": "高雄市苓雅區大順三路108號",
            "city": "高雄市",
            "location_url": "https://www.u-movie.com.tw/cinema/page.php?page_type=now&ver=tw&portal=cinema",
            "official_url": "https://www.u-movie.com.tw/",
            "crawl_url": "https://www.u-movie.com.tw/cinema/page.php?page_type=now&ver=tw&portal=cinema",
            "movie_title": "劇場版 鋼之鍊金術師 香巴拉的征服者",
            "show_date": "2026-09-30",
            "showtime_count": 0,
            "showtimes": [],
            "start_times": "",
            "showtime_unavailable": true,
            "showtime_unavailable_reason": "官方時刻表暫時無法自動取得，請前往場次入口查看。"
          }
        }
      ],
      "2026-10-01": [
        {
          "type": "Feature",
          "geometry": {
            "type": "Point",
            "coordinates": [
              120.638356972783,
              24.164220012801
            ]
          },
          "properties": {
            "location_id": 1,
            "chain_name": "MUVIE CINEMAS",
            "location_name": "MUVIE CINEMAS 台中TIGER CITY",
            "map_name": "MUVIE CINEMAS MUVIE CINEMAS 台中TIGER CITY",
            "address": "台中市西屯區河南路三段120-1號4樓",
            "city": "臺中市",
            "location_url": "https://www.vscinemas.com.tw/vsTicketing/ticketing/booking.aspx?cinemacode=3&txtSessionId=1022273",
            "official_url": "https://www.vscinemas.com.tw/",
            "crawl_url": "https://www.vscinemas.com.tw/ShowTimes/",
            "movie_title": "劇場版 鋼之鍊金術師 香巴拉的征服者",
            "show_date": "2026-10-01",
            "showtime_count": 1,
            "showtimes": [
              {
                "time": "13:20",
                "format": "(數位)劇場版 鋼之鍊金術師 香巴拉的征服者 (普遍級)",
                "language": null,
                "auditorium": null,
                "booking_url": "https://www.vscinemas.com.tw/vsTicketing/ticketing/booking.aspx?cinemacode=3&txtSessionId=1022273",
                "label": "13:20 (數位)劇場版 鋼之鍊金術師 香巴拉的征服者 (普遍級)"
              }
            ],
            "start_times": "13:20"
          }
        },
        {
          "type": "Feature",
          "geometry": {
            "type": "Point",
            "coordinates": [
              120.452734194907,
              23.476437792869
            ]
          },
          "properties": {
            "location_id": 6,
            "chain_name": "in89 豪華影城",
            "location_name": "嘉義影食匯 in89豪華影城",
            "map_name": "in89 豪華影城 嘉義影食匯 in89豪華影城",
            "address": "嘉義市東區民族路328號",
            "city": "嘉義市",
            "location_url": "https://www.in89cinemax.com/film_list.aspx?TheaterId=17",
            "official_url": "https://www.in89cinemax.com/",
            "crawl_url": "https://chiayi.in89.com.tw/api/api_movie.php?method=getStagesByDate",
            "movie_title": "劇場版 鋼之鍊金術師 香巴拉的征服者",
            "show_date": "2026-10-01",
            "showtime_count": 1,
            "showtimes": [
              {
                "time": "16:00",
                "format": "BOOM廳(8樓)",
                "language": "日語",
                "auditorium": null,
                "booking_url": "https://www.in89cinemax.com/film_list.aspx?TheaterId=17",
                "label": "16:00 BOOM廳(8樓)"
              }
            ],
            "start_times": "16:00"
          }
        },
        {
          "type": "Feature",
          "geometry": {
            "type": "Point",
            "coordinates": [
              121.313019879774,
              24.991207497656
            ]
          },
          "properties": {
            "location_id": 7,
            "chain_name": "in89 豪華影城",
            "location_name": "桃園站前 in89豪華影城",
            "map_name": "in89 豪華影城 桃園站前 in89豪華影城",
            "address": "桃園市桃園區中正路56號",
            "city": "桃園市",
            "location_url": "https://www.in89cinemax.com/film_list.aspx?TheaterId=1",
            "official_url": "https://www.in89cinemax.com/",
            "crawl_url": "https://taoyuan.in89.com.tw/api/api_movie.php?method=getStagesByDate",
            "movie_title": "劇場版 鋼之鍊金術師 香巴拉的征服者",
            "show_date": "2026-10-01",
            "showtime_count": 2,
            "showtimes": [
              {
                "time": "12:40",
                "format": "5廳(5F)",
                "language": "日語",
                "auditorium": null,
                "booking_url": "https://www.in89cinemax.com/film_list.aspx?TheaterId=1",
                "label": "12:40 5廳(5F)"
              },
              {
                "time": "17:20",
                "format": "6廳(5F)",
                "language": "日語",
                "auditorium": null,
                "booking_url": "https://www.in89cinemax.com/film_list.aspx?TheaterId=1",
                "label": "17:20 6廳(5F)"
              }
            ],
            "start_times": "12:40, 17:20"
          }
        },
        {
          "type": "Feature",
          "geometry": {
            "type": "Point",
            "coordinates": [
              120.298119010543,
              22.621851005881
            ]
          },
          "properties": {
            "location_id": 9,
            "chain_name": "in89 豪華影城",
            "location_name": "高雄大立 in89豪華影城",
            "map_name": "in89 豪華影城 高雄大立 in89豪華影城",
            "address": "高雄市前金區五福三路57號9樓",
            "city": "高雄市",
            "location_url": "https://www.in89cinemax.com/film_list.aspx?TheaterId=16",
            "official_url": "https://www.in89cinemax.com/",
            "crawl_url": "https://talee.in89.com.tw/api/api_movie.php?method=getStagesByDate",
            "movie_title": "劇場版 鋼之鍊金術師 香巴拉的征服者",
            "show_date": "2026-10-01",
            "showtime_count": 2,
            "showtimes": [
              {
                "time": "12:00",
                "format": "02廳(9F)",
                "language": "日語",
                "auditorium": null,
                "booking_url": "https://www.in89cinemax.com/film_list.aspx?TheaterId=16",
                "label": "12:00 02廳(9F)"
              },
              {
                "time": "18:00",
                "format": "02廳(9F)",
                "language": "日語",
                "auditorium": null,
                "booking_url": "https://www.in89cinemax.com/film_list.aspx?TheaterId=16",
                "label": "18:00 02廳(9F)"
              }
            ],
            "start_times": "12:00, 18:00"
          }
        },
        {
          "type": "Feature",
          "geometry": {
            "type": "Point",
            "coordinates": [
              121.458702134648,
              25.06381770366
            ]
          },
          "properties": {
            "location_id": 15,
            "chain_name": "國賓影城",
            "location_name": "新莊晶冠國賓影城",
            "map_name": "國賓影城 新莊晶冠國賓影城",
            "address": "新北市新莊區五工路66號3、4樓",
            "city": "新北市",
            "location_url": "https://www.ambassador.com.tw/home/Showtime?ID=3301d822-b385-4aa8-a9eb-aa59d58e95c9&DT=2026/10/01",
            "official_url": "https://www.ambassador.com.tw/",
            "crawl_url": "https://www.ambassador.com.tw/home/Showtime?ID=3301d822-b385-4aa8-a9eb-aa59d58e95c9&DT=2026/10/01",
            "movie_title": "劇場版 鋼之鍊金術師 香巴拉的征服者",
            "show_date": "2026-10-01",
            "showtime_count": 2,
            "showtimes": [
              {
                "time": "13:30",
                "format": "數位‧日文版",
                "language": "日語",
                "auditorium": "2廳 58席",
                "booking_url": "https://www.ambassador.com.tw/home/Showtime?ID=3301d822-b385-4aa8-a9eb-aa59d58e95c9&DT=2026/10/01",
                "label": "13:30 數位‧日文版 / 2廳 58席"
              },
              {
                "time": "17:35",
                "format": "數位‧日文版",
                "language": "日語",
                "auditorium": "2廳 58席",
                "booking_url": "https://www.ambassador.com.tw/home/Showtime?ID=3301d822-b385-4aa8-a9eb-aa59d58e95c9&DT=2026/10/01",
                "label": "17:35 數位‧日文版 / 2廳 58席"
              }
            ],
            "start_times": "13:30, 17:35"
          }
        },
        {
          "type": "Feature",
          "geometry": {
            "type": "Point",
            "coordinates": [
              121.475688899623,
              25.006077203437
            ]
          },
          "properties": {
            "location_id": 20,
            "chain_name": "威秀影城 / VIESHOW",
            "location_name": "中和環球威秀影城",
            "map_name": "威秀影城 / VIESHOW 中和環球威秀影城",
            "address": "新北市中和區中山路三段122號4樓",
            "city": "新北市",
            "location_url": "https://www.vscinemas.com.tw/vsTicketing/ticketing/booking.aspx?cinemacode=30&txtSessionId=211803",
            "official_url": "https://www.vscinemas.com.tw/",
            "crawl_url": "https://www.vscinemas.com.tw/ShowTimes/",
            "movie_title": "劇場版 鋼之鍊金術師 香巴拉的征服者",
            "show_date": "2026-10-01",
            "showtime_count": 2,
            "showtimes": [
              {
                "time": "11:35",
                "format": "(數位)劇場版 鋼之鍊金術師 香巴拉的征服者 (普遍級)",
                "language": null,
                "auditorium": null,
                "booking_url": "https://www.vscinemas.com.tw/vsTicketing/ticketing/booking.aspx?cinemacode=30&txtSessionId=211803",
                "label": "11:35 (數位)劇場版 鋼之鍊金術師 香巴拉的征服者 (普遍級)"
              },
              {
                "time": "18:05",
                "format": "(數位)劇場版 鋼之鍊金術師 香巴拉的征服者 (普遍級)",
                "language": null,
                "auditorium": null,
                "booking_url": "https://www.vscinemas.com.tw/vsTicketing/ticketing/booking.aspx?cinemacode=30&txtSessionId=211806",
                "label": "18:05 (數位)劇場版 鋼之鍊金術師 香巴拉的征服者 (普遍級)"
              }
            ],
            "start_times": "11:35, 18:05"
          }
        },
        {
          "type": "Feature",
          "geometry": {
            "type": "Point",
            "coordinates": [
              120.687673995592,
              24.135473018575
            ]
          },
          "properties": {
            "location_id": 21,
            "chain_name": "威秀影城 / VIESHOW",
            "location_name": "台中iFG 遠雄廣場威秀影城",
            "map_name": "威秀影城 / VIESHOW 台中iFG 遠雄廣場威秀影城",
            "address": "台中市東區復興路四段186號4樓",
            "city": "臺中市",
            "location_url": "https://www.vscinemas.com.tw/vsTicketing/ticketing/booking.aspx?cinemacode=31&txtSessionId=186110",
            "official_url": "https://www.vscinemas.com.tw/",
            "crawl_url": "https://www.vscinemas.com.tw/ShowTimes/",
            "movie_title": "劇場版 鋼之鍊金術師 香巴拉的征服者",
            "show_date": "2026-10-01",
            "showtime_count": 2,
            "showtimes": [
              {
                "time": "12:05",
                "format": "(數位)劇場版 鋼之鍊金術師 香巴拉的征服者 (普遍級)",
                "language": null,
                "auditorium": null,
                "booking_url": "https://www.vscinemas.com.tw/vsTicketing/ticketing/booking.aspx?cinemacode=31&txtSessionId=186110",
                "label": "12:05 (數位)劇場版 鋼之鍊金術師 香巴拉的征服者 (普遍級)"
              },
              {
                "time": "17:25",
                "format": "(數位)劇場版 鋼之鍊金術師 香巴拉的征服者 (普遍級)",
                "language": null,
                "auditorium": null,
                "booking_url": "https://www.vscinemas.com.tw/vsTicketing/ticketing/booking.aspx?cinemacode=31&txtSessionId=186126",
                "label": "17:25 (數位)劇場版 鋼之鍊金術師 香巴拉的征服者 (普遍級)"
              }
            ],
            "start_times": "12:05, 17:25"
          }
        },
        {
          "type": "Feature",
          "geometry": {
            "type": "Point",
            "coordinates": [
              121.5184321,
              25.0490792
            ]
          },
          "properties": {
            "location_id": 23,
            "chain_name": "威秀影城 / VIESHOW",
            "location_name": "台北京站威秀影城",
            "map_name": "威秀影城 / VIESHOW 台北京站威秀影城",
            "address": "台北市大同區市民大道一段209號5樓",
            "city": "臺北市",
            "location_url": "https://www.vscinemas.com.tw/vsTicketing/ticketing/booking.aspx?cinemacode=12&txtSessionId=898645",
            "official_url": "https://www.vscinemas.com.tw/",
            "crawl_url": "https://www.vscinemas.com.tw/ShowTimes/",
            "movie_title": "劇場版 鋼之鍊金術師 香巴拉的征服者",
            "show_date": "2026-10-01",
            "showtime_count": 2,
            "showtimes": [
              {
                "time": "11:35",
                "format": "(數位)劇場版 鋼之鍊金術師 香巴拉的征服者 (普遍級)",
                "language": null,
                "auditorium": null,
                "booking_url": "https://www.vscinemas.com.tw/vsTicketing/ticketing/booking.aspx?cinemacode=12&txtSessionId=898645",
                "label": "11:35 (數位)劇場版 鋼之鍊金術師 香巴拉的征服者 (普遍級)"
              },
              {
                "time": "17:00",
                "format": "(數位)劇場版 鋼之鍊金術師 香巴拉的征服者 (普遍級)",
                "language": null,
                "auditorium": null,
                "booking_url": "https://www.vscinemas.com.tw/vsTicketing/ticketing/booking.aspx?cinemacode=12&txtSessionId=898649",
                "label": "17:00 (數位)劇場版 鋼之鍊金術師 香巴拉的征服者 (普遍級)"
              }
            ],
            "start_times": "11:35, 17:00"
          }
        },
        {
          "type": "Feature",
          "geometry": {
            "type": "Point",
            "coordinates": [
              121.567405360549,
              25.035641139855
            ]
          },
          "properties": {
            "location_id": 24,
            "chain_name": "威秀影城 / VIESHOW",
            "location_name": "台北信義威秀影城",
            "map_name": "威秀影城 / VIESHOW 台北信義威秀影城",
            "address": "台北市信義區松壽路20號2樓",
            "city": "臺北市",
            "location_url": "https://www.vscinemas.com.tw/vsTicketing/ticketing/booking.aspx?cinemacode=1&txtSessionId=1879688",
            "official_url": "https://www.vscinemas.com.tw/",
            "crawl_url": "https://www.vscinemas.com.tw/ShowTimes/",
            "movie_title": "劇場版 鋼之鍊金術師 香巴拉的征服者",
            "show_date": "2026-10-01",
            "showtime_count": 2,
            "showtimes": [
              {
                "time": "13:05",
                "format": "(數位)劇場版 鋼之鍊金術師 香巴拉的征服者 (普遍級)",
                "language": null,
                "auditorium": null,
                "booking_url": "https://www.vscinemas.com.tw/vsTicketing/ticketing/booking.aspx?cinemacode=1&txtSessionId=1879688",
                "label": "13:05 (數位)劇場版 鋼之鍊金術師 香巴拉的征服者 (普遍級)"
              },
              {
                "time": "19:40",
                "format": "(數位)劇場版 鋼之鍊金術師 香巴拉的征服者 (普遍級)",
                "language": null,
                "auditorium": null,
                "booking_url": "https://www.vscinemas.com.tw/vsTicketing/ticketing/booking.aspx?cinemacode=1&txtSessionId=1879691",
                "label": "19:40 (數位)劇場版 鋼之鍊金術師 香巴拉的征服者 (普遍級)"
              }
            ],
            "start_times": "13:05, 19:40"
          }
        },
        {
          "type": "Feature",
          "geometry": {
            "type": "Point",
            "coordinates": [
              121.617582534262,
              25.059344952488
            ]
          },
          "properties": {
            "location_id": 25,
            "chain_name": "威秀影城 / VIESHOW",
            "location_name": "台北南港 LaLaport威秀影城",
            "map_name": "威秀影城 / VIESHOW 台北南港 LaLaport威秀影城",
            "address": "台北市南港區經貿二路131號5樓",
            "city": "臺北市",
            "location_url": "https://www.vscinemas.com.tw/vsTicketing/ticketing/booking.aspx?cinemacode=35&txtSessionId=148490",
            "official_url": "https://www.vscinemas.com.tw/",
            "crawl_url": "https://www.vscinemas.com.tw/ShowTimes/",
            "movie_title": "劇場版 鋼之鍊金術師 香巴拉的征服者",
            "show_date": "2026-10-01",
            "showtime_count": 2,
            "showtimes": [
              {
                "time": "13:10",
                "format": "(數位)劇場版 鋼之鍊金術師 香巴拉的征服者 (普遍級)",
                "language": null,
                "auditorium": null,
                "booking_url": "https://www.vscinemas.com.tw/vsTicketing/ticketing/booking.aspx?cinemacode=35&txtSessionId=148490",
                "label": "13:10 (數位)劇場版 鋼之鍊金術師 香巴拉的征服者 (普遍級)"
              },
              {
                "time": "18:35",
                "format": "(數位)劇場版 鋼之鍊金術師 香巴拉的征服者 (普遍級)",
                "language": null,
                "auditorium": null,
                "booking_url": "https://www.vscinemas.com.tw/vsTicketing/ticketing/booking.aspx?cinemacode=35&txtSessionId=148523",
                "label": "18:35 (數位)劇場版 鋼之鍊金術師 香巴拉的征服者 (普遍級)"
              }
            ],
            "start_times": "13:10, 18:35"
          }
        },
        {
          "type": "Feature",
          "geometry": {
            "type": "Point",
            "coordinates": [
              120.210166862332,
              22.995629908049
            ]
          },
          "properties": {
            "location_id": 27,
            "chain_name": "威秀影城 / VIESHOW",
            "location_name": "台南FOCUS威秀影城",
            "map_name": "威秀影城 / VIESHOW 台南FOCUS威秀影城",
            "address": "台南市中西區中山路166號11樓",
            "city": "臺南市",
            "location_url": "https://www.vscinemas.com.tw/vsTicketing/ticketing/booking.aspx?cinemacode=25&txtSessionId=307908",
            "official_url": "https://www.vscinemas.com.tw/",
            "crawl_url": "https://www.vscinemas.com.tw/ShowTimes/",
            "movie_title": "劇場版 鋼之鍊金術師 香巴拉的征服者",
            "show_date": "2026-10-01",
            "showtime_count": 2,
            "showtimes": [
              {
                "time": "12:25",
                "format": "(數位)劇場版 鋼之鍊金術師 香巴拉的征服者 (普遍級)",
                "language": null,
                "auditorium": null,
                "booking_url": "https://www.vscinemas.com.tw/vsTicketing/ticketing/booking.aspx?cinemacode=25&txtSessionId=307908",
                "label": "12:25 (數位)劇場版 鋼之鍊金術師 香巴拉的征服者 (普遍級)"
              },
              {
                "time": "19:10",
                "format": "(數位)劇場版 鋼之鍊金術師 香巴拉的征服者 (普遍級)",
                "language": null,
                "auditorium": null,
                "booking_url": "https://www.vscinemas.com.tw/vsTicketing/ticketing/booking.aspx?cinemacode=25&txtSessionId=307911",
                "label": "19:10 (數位)劇場版 鋼之鍊金術師 香巴拉的征服者 (普遍級)"
              }
            ],
            "start_times": "12:25, 19:10"
          }
        },
        {
          "type": "Feature",
          "geometry": {
            "type": "Point",
            "coordinates": [
              120.233454974477,
              22.990581990681
            ]
          },
          "properties": {
            "location_id": 28,
            "chain_name": "威秀影城 / VIESHOW",
            "location_name": "台南南紡威秀影城",
            "map_name": "威秀影城 / VIESHOW 台南南紡威秀影城",
            "address": "台南市東區中華東路一段366號5樓",
            "city": "臺南市",
            "location_url": "https://www.vscinemas.com.tw/vsTicketing/ticketing/booking.aspx?cinemacode=17&txtSessionId=704557",
            "official_url": "https://www.vscinemas.com.tw/",
            "crawl_url": "https://www.vscinemas.com.tw/ShowTimes/",
            "movie_title": "劇場版 鋼之鍊金術師 香巴拉的征服者",
            "show_date": "2026-10-01",
            "showtime_count": 2,
            "showtimes": [
              {
                "time": "13:00",
                "format": "(數位)劇場版 鋼之鍊金術師 香巴拉的征服者 (普遍級)",
                "language": null,
                "auditorium": null,
                "booking_url": "https://www.vscinemas.com.tw/vsTicketing/ticketing/booking.aspx?cinemacode=17&txtSessionId=704557",
                "label": "13:00 (數位)劇場版 鋼之鍊金術師 香巴拉的征服者 (普遍級)"
              },
              {
                "time": "21:05",
                "format": "(數位)劇場版 鋼之鍊金術師 香巴拉的征服者 (普遍級)",
                "language": null,
                "auditorium": null,
                "booking_url": "https://www.vscinemas.com.tw/vsTicketing/ticketing/booking.aspx?cinemacode=17&txtSessionId=704561",
                "label": "21:05 (數位)劇場版 鋼之鍊金術師 香巴拉的征服者 (普遍級)"
              }
            ],
            "start_times": "13:00, 21:05"
          }
        },
        {
          "type": "Feature",
          "geometry": {
            "type": "Point",
            "coordinates": [
              121.5468264,
              24.9783596
            ]
          },
          "properties": {
            "location_id": 31,
            "chain_name": "威秀影城 / VIESHOW",
            "location_name": "新店裕隆城威秀影城",
            "map_name": "威秀影城 / VIESHOW 新店裕隆城威秀影城",
            "address": "新北市新店區中興路三段128號7樓",
            "city": "新北市",
            "location_url": "https://www.vscinemas.com.tw/vsTicketing/ticketing/booking.aspx?cinemacode=32&txtSessionId=165852",
            "official_url": "https://www.vscinemas.com.tw/",
            "crawl_url": "https://www.vscinemas.com.tw/ShowTimes/",
            "movie_title": "劇場版 鋼之鍊金術師 香巴拉的征服者",
            "show_date": "2026-10-01",
            "showtime_count": 2,
            "showtimes": [
              {
                "time": "15:35",
                "format": "(數位)劇場版 鋼之鍊金術師 香巴拉的征服者 (普遍級)",
                "language": null,
                "auditorium": null,
                "booking_url": "https://www.vscinemas.com.tw/vsTicketing/ticketing/booking.aspx?cinemacode=32&txtSessionId=165852",
                "label": "15:35 (數位)劇場版 鋼之鍊金術師 香巴拉的征服者 (普遍級)"
              },
              {
                "time": "21:10",
                "format": "(數位)劇場版 鋼之鍊金術師 香巴拉的征服者 (普遍級)",
                "language": null,
                "auditorium": null,
                "booking_url": "https://www.vscinemas.com.tw/vsTicketing/ticketing/booking.aspx?cinemacode=32&txtSessionId=165849",
                "label": "21:10 (數位)劇場版 鋼之鍊金術師 香巴拉的征服者 (普遍級)"
              }
            ],
            "start_times": "15:35, 21:10"
          }
        },
        {
          "type": "Feature",
          "geometry": {
            "type": "Point",
            "coordinates": [
              120.965210879671,
              24.802185606585
            ]
          },
          "properties": {
            "location_id": 32,
            "chain_name": "威秀影城 / VIESHOW",
            "location_name": "新竹大遠百威秀影城",
            "map_name": "威秀影城 / VIESHOW 新竹大遠百威秀影城",
            "address": "新竹市東區西大路323號8樓",
            "city": "新竹市",
            "location_url": "https://www.vscinemas.com.tw/vsTicketing/ticketing/booking.aspx?cinemacode=2&txtSessionId=1169062",
            "official_url": "https://www.vscinemas.com.tw/",
            "crawl_url": "https://www.vscinemas.com.tw/ShowTimes/",
            "movie_title": "劇場版 鋼之鍊金術師 香巴拉的征服者",
            "show_date": "2026-10-01",
            "showtime_count": 2,
            "showtimes": [
              {
                "time": "11:10",
                "format": "(數位)劇場版 鋼之鍊金術師 香巴拉的征服者 (普遍級)",
                "language": null,
                "auditorium": null,
                "booking_url": "https://www.vscinemas.com.tw/vsTicketing/ticketing/booking.aspx?cinemacode=2&txtSessionId=1169062",
                "label": "11:10 (數位)劇場版 鋼之鍊金術師 香巴拉的征服者 (普遍級)"
              },
              {
                "time": "21:30",
                "format": "(數位)劇場版 鋼之鍊金術師 香巴拉的征服者 (普遍級)",
                "language": null,
                "auditorium": null,
                "booking_url": "https://www.vscinemas.com.tw/vsTicketing/ticketing/booking.aspx?cinemacode=2&txtSessionId=1169049",
                "label": "21:30 (數位)劇場版 鋼之鍊金術師 香巴拉的征服者 (普遍級)"
              }
            ],
            "start_times": "11:10, 21:30"
          }
        },
        {
          "type": "Feature",
          "geometry": {
            "type": "Point",
            "coordinates": [
              121.363547165582,
              25.071241094298
            ]
          },
          "properties": {
            "location_id": 36,
            "chain_name": "威秀影城 / VIESHOW",
            "location_name": "林口MITSUI OUTLET PARK威秀影城",
            "map_name": "威秀影城 / VIESHOW 林口MITSUI OUTLET PARK威秀影城",
            "address": "新北市林口區文化三路一段356號3樓",
            "city": "新北市",
            "location_url": "https://www.vscinemas.com.tw/vsTicketing/ticketing/booking.aspx?cinemacode=19&txtSessionId=487213",
            "official_url": "https://www.vscinemas.com.tw/",
            "crawl_url": "https://www.vscinemas.com.tw/ShowTimes/",
            "movie_title": "劇場版 鋼之鍊金術師 香巴拉的征服者",
            "show_date": "2026-10-01",
            "showtime_count": 1,
            "showtimes": [
              {
                "time": "18:15",
                "format": "(數位)劇場版 鋼之鍊金術師 香巴拉的征服者 (普遍級)",
                "language": null,
                "auditorium": null,
                "booking_url": "https://www.vscinemas.com.tw/vsTicketing/ticketing/booking.aspx?cinemacode=19&txtSessionId=487213",
                "label": "18:15 (數位)劇場版 鋼之鍊金術師 香巴拉的征服者 (普遍級)"
              }
            ],
            "start_times": "18:15"
          }
        },
        {
          "type": "Feature",
          "geometry": {
            "type": "Point",
            "coordinates": [
              121.312523000553,
              24.991112991698
            ]
          },
          "properties": {
            "location_id": 38,
            "chain_name": "威秀影城 / VIESHOW",
            "location_name": "桃園統領威秀影城",
            "map_name": "威秀影城 / VIESHOW 桃園統領威秀影城",
            "address": "桃園市桃園區中正路61號9樓",
            "city": "桃園市",
            "location_url": "https://www.vscinemas.com.tw/vsTicketing/ticketing/booking.aspx?cinemacode=20&txtSessionId=752808",
            "official_url": "https://www.vscinemas.com.tw/",
            "crawl_url": "https://www.vscinemas.com.tw/ShowTimes/",
            "movie_title": "劇場版 鋼之鍊金術師 香巴拉的征服者",
            "show_date": "2026-10-01",
            "showtime_count": 1,
            "showtimes": [
              {
                "time": "11:55",
                "format": "(數位)劇場版 鋼之鍊金術師 香巴拉的征服者 (普遍級)",
                "language": null,
                "auditorium": null,
                "booking_url": "https://www.vscinemas.com.tw/vsTicketing/ticketing/booking.aspx?cinemacode=20&txtSessionId=752808",
                "label": "11:55 (數位)劇場版 鋼之鍊金術師 香巴拉的征服者 (普遍級)"
              }
            ],
            "start_times": "11:55"
          }
        },
        {
          "type": "Feature",
          "geometry": {
            "type": "Point",
            "coordinates": [
              120.303548975058,
              22.613424008067
            ]
          },
          "properties": {
            "location_id": 41,
            "chain_name": "威秀影城 / VIESHOW",
            "location_name": "高雄大遠百威秀影城",
            "map_name": "威秀影城 / VIESHOW 高雄大遠百威秀影城",
            "address": "高雄市苓雅區三多四路21號13樓",
            "city": "高雄市",
            "location_url": "https://www.vscinemas.com.tw/vsTicketing/ticketing/booking.aspx?cinemacode=6&txtSessionId=1854250",
            "official_url": "https://www.vscinemas.com.tw/",
            "crawl_url": "https://www.vscinemas.com.tw/ShowTimes/",
            "movie_title": "劇場版 鋼之鍊金術師 香巴拉的征服者",
            "show_date": "2026-10-01",
            "showtime_count": 2,
            "showtimes": [
              {
                "time": "13:00",
                "format": "(數位)劇場版 鋼之鍊金術師 香巴拉的征服者 (普遍級)",
                "language": null,
                "auditorium": null,
                "booking_url": "https://www.vscinemas.com.tw/vsTicketing/ticketing/booking.aspx?cinemacode=6&txtSessionId=1854250",
                "label": "13:00 (數位)劇場版 鋼之鍊金術師 香巴拉的征服者 (普遍級)"
              },
              {
                "time": "19:15",
                "format": "(數位)劇場版 鋼之鍊金術師 香巴拉的征服者 (普遍級)",
                "language": null,
                "auditorium": null,
                "booking_url": "https://www.vscinemas.com.tw/vsTicketing/ticketing/booking.aspx?cinemacode=6&txtSessionId=1854203",
                "label": "19:15 (數位)劇場版 鋼之鍊金術師 香巴拉的征服者 (普遍級)"
              }
            ],
            "start_times": "13:00, 19:15"
          }
        },
        {
          "type": "Feature",
          "geometry": {
            "type": "Point",
            "coordinates": [
              121.751391823288,
              24.754464707689
            ]
          },
          "properties": {
            "location_id": 48,
            "chain_name": "新月豪華影城",
            "location_name": "宜蘭新月豪華影城",
            "map_name": "新月豪華影城 宜蘭新月豪華影城",
            "address": "宜蘭縣宜蘭市民權路二段38巷2號",
            "city": "宜蘭縣",
            "location_url": "https://www.lunacinemax.com.tw/time_schedule.aspx",
            "official_url": "https://www.lunacinemax.com.tw/",
            "crawl_url": "https://www.lunacinemax.com.tw/time_schedule.aspx",
            "movie_title": "劇場版 鋼之鍊金術師 香巴拉的征服者",
            "show_date": "2026-10-01",
            "showtime_count": 2,
            "showtimes": [
              {
                "time": "13:50",
                "format": "劇場版 鋼之鍊金術師 香巴拉的征服者",
                "language": null,
                "auditorium": "6廳",
                "booking_url": "https://www.lunacinemax.com.tw/time_schedule.aspx",
                "label": "13:50 劇場版 鋼之鍊金術師 香巴拉的征服者 / 6廳"
              },
              {
                "time": "23:30",
                "format": "劇場版 鋼之鍊金術師 香巴拉的征服者",
                "language": null,
                "auditorium": "6廳",
                "booking_url": "https://www.lunacinemax.com.tw/time_schedule.aspx",
                "label": "23:30 劇場版 鋼之鍊金術師 香巴拉的征服者 / 6廳"
              }
            ],
            "start_times": "13:50, 23:30"
          }
        },
        {
          "type": "Feature",
          "geometry": {
            "type": "Point",
            "coordinates": [
              121.55751470000001,
              25.083348479857356
            ]
          },
          "properties": {
            "location_id": 79,
            "chain_name": "美麗華影城",
            "location_name": "美麗華影城",
            "map_name": "美麗華影城 美麗華影城",
            "address": "臺北市中山區金泰里敬業三路22號6樓",
            "city": "臺北市",
            "location_url": "https://www.miramarcinemas.tw/Booking/TicketType?id=dbd9dc32-daa7-469b-9e12-2ff792422927&session=437663",
            "official_url": "https://www.miramarcinemas.tw/",
            "crawl_url": "https://www.miramarcinemas.tw/timetable",
            "movie_title": "劇場版 鋼之鍊金術師 香巴拉的征服者",
            "show_date": "2026-10-01",
            "showtime_count": 2,
            "showtimes": [
              {
                "time": "10:30",
                "format": "日文(JPN)",
                "language": "日語",
                "auditorium": null,
                "booking_url": "https://www.miramarcinemas.tw/Booking/TicketType?id=dbd9dc32-daa7-469b-9e12-2ff792422927&session=437663",
                "label": "10:30 日文(JPN)"
              },
              {
                "time": "18:00",
                "format": "日文(JPN)",
                "language": "日語",
                "auditorium": null,
                "booking_url": "https://www.miramarcinemas.tw/Booking/TicketType?id=dbd9dc32-daa7-469b-9e12-2ff792422927&session=437664",
                "label": "18:00 日文(JPN)"
              }
            ],
            "start_times": "10:30, 18:00"
          }
        }
      ],
      "2026-10-02": [
        {
          "type": "Feature",
          "geometry": {
            "type": "Point",
            "coordinates": [
              120.452734194907,
              23.476437792869
            ]
          },
          "properties": {
            "location_id": 6,
            "chain_name": "in89 豪華影城",
            "location_name": "嘉義影食匯 in89豪華影城",
            "map_name": "in89 豪華影城 嘉義影食匯 in89豪華影城",
            "address": "嘉義市東區民族路328號",
            "city": "嘉義市",
            "location_url": "https://www.in89cinemax.com/film_list.aspx?TheaterId=17",
            "official_url": "https://www.in89cinemax.com/",
            "crawl_url": "https://chiayi.in89.com.tw/api/api_movie.php?method=getStagesByDate",
            "movie_title": "劇場版 鋼之鍊金術師 香巴拉的征服者",
            "show_date": "2026-10-02",
            "showtime_count": 1,
            "showtimes": [
              {
                "time": "09:50",
                "format": "BOOM廳(8樓)",
                "language": "日語",
                "auditorium": null,
                "booking_url": "https://www.in89cinemax.com/film_list.aspx?TheaterId=17",
                "label": "09:50 BOOM廳(8樓)"
              }
            ],
            "start_times": "09:50"
          }
        },
        {
          "type": "Feature",
          "geometry": {
            "type": "Point",
            "coordinates": [
              120.298119010543,
              22.621851005881
            ]
          },
          "properties": {
            "location_id": 9,
            "chain_name": "in89 豪華影城",
            "location_name": "高雄大立 in89豪華影城",
            "map_name": "in89 豪華影城 高雄大立 in89豪華影城",
            "address": "高雄市前金區五福三路57號9樓",
            "city": "高雄市",
            "location_url": "https://www.in89cinemax.com/film_list.aspx?TheaterId=16",
            "official_url": "https://www.in89cinemax.com/",
            "crawl_url": "https://talee.in89.com.tw/api/api_movie.php?method=getStagesByDate",
            "movie_title": "劇場版 鋼之鍊金術師 香巴拉的征服者",
            "show_date": "2026-10-02",
            "showtime_count": 1,
            "showtimes": [
              {
                "time": "18:50",
                "format": "02廳(9F)",
                "language": "日語",
                "auditorium": null,
                "booking_url": "https://www.in89cinemax.com/film_list.aspx?TheaterId=16",
                "label": "18:50 02廳(9F)"
              }
            ],
            "start_times": "18:50"
          }
        }
      ],
      "2026-10-03": [
        {
          "type": "Feature",
          "geometry": {
            "type": "Point",
            "coordinates": [
              120.452734194907,
              23.476437792869
            ]
          },
          "properties": {
            "location_id": 6,
            "chain_name": "in89 豪華影城",
            "location_name": "嘉義影食匯 in89豪華影城",
            "map_name": "in89 豪華影城 嘉義影食匯 in89豪華影城",
            "address": "嘉義市東區民族路328號",
            "city": "嘉義市",
            "location_url": "https://www.in89cinemax.com/film_list.aspx?TheaterId=17",
            "official_url": "https://www.in89cinemax.com/",
            "crawl_url": "https://chiayi.in89.com.tw/api/api_movie.php?method=getStagesByDate",
            "movie_title": "劇場版 鋼之鍊金術師 香巴拉的征服者",
            "show_date": "2026-10-03",
            "showtime_count": 1,
            "showtimes": [
              {
                "time": "09:50",
                "format": "BOOM廳(8樓)",
                "language": "日語",
                "auditorium": null,
                "booking_url": "https://www.in89cinemax.com/film_list.aspx?TheaterId=17",
                "label": "09:50 BOOM廳(8樓)"
              }
            ],
            "start_times": "09:50"
          }
        },
        {
          "type": "Feature",
          "geometry": {
            "type": "Point",
            "coordinates": [
              120.298119010543,
              22.621851005881
            ]
          },
          "properties": {
            "location_id": 9,
            "chain_name": "in89 豪華影城",
            "location_name": "高雄大立 in89豪華影城",
            "map_name": "in89 豪華影城 高雄大立 in89豪華影城",
            "address": "高雄市前金區五福三路57號9樓",
            "city": "高雄市",
            "location_url": "https://www.in89cinemax.com/film_list.aspx?TheaterId=16",
            "official_url": "https://www.in89cinemax.com/",
            "crawl_url": "https://talee.in89.com.tw/api/api_movie.php?method=getStagesByDate",
            "movie_title": "劇場版 鋼之鍊金術師 香巴拉的征服者",
            "show_date": "2026-10-03",
            "showtime_count": 1,
            "showtimes": [
              {
                "time": "19:00",
                "format": "02廳(9F)",
                "language": "日語",
                "auditorium": null,
                "booking_url": "https://www.in89cinemax.com/film_list.aspx?TheaterId=16",
                "label": "19:00 02廳(9F)"
              }
            ],
            "start_times": "19:00"
          }
        }
      ],
      "2026-10-04": [
        {
          "type": "Feature",
          "geometry": {
            "type": "Point",
            "coordinates": [
              120.452734194907,
              23.476437792869
            ]
          },
          "properties": {
            "location_id": 6,
            "chain_name": "in89 豪華影城",
            "location_name": "嘉義影食匯 in89豪華影城",
            "map_name": "in89 豪華影城 嘉義影食匯 in89豪華影城",
            "address": "嘉義市東區民族路328號",
            "city": "嘉義市",
            "location_url": "https://www.in89cinemax.com/film_list.aspx?TheaterId=17",
            "official_url": "https://www.in89cinemax.com/",
            "crawl_url": "https://chiayi.in89.com.tw/api/api_movie.php?method=getStagesByDate",
            "movie_title": "劇場版 鋼之鍊金術師 香巴拉的征服者",
            "show_date": "2026-10-04",
            "showtime_count": 1,
            "showtimes": [
              {
                "time": "09:50",
                "format": "BOOM廳(8樓)",
                "language": "日語",
                "auditorium": null,
                "booking_url": "https://www.in89cinemax.com/film_list.aspx?TheaterId=17",
                "label": "09:50 BOOM廳(8樓)"
              }
            ],
            "start_times": "09:50"
          }
        },
        {
          "type": "Feature",
          "geometry": {
            "type": "Point",
            "coordinates": [
              120.298119010543,
              22.621851005881
            ]
          },
          "properties": {
            "location_id": 9,
            "chain_name": "in89 豪華影城",
            "location_name": "高雄大立 in89豪華影城",
            "map_name": "in89 豪華影城 高雄大立 in89豪華影城",
            "address": "高雄市前金區五福三路57號9樓",
            "city": "高雄市",
            "location_url": "https://www.in89cinemax.com/film_list.aspx?TheaterId=16",
            "official_url": "https://www.in89cinemax.com/",
            "crawl_url": "https://talee.in89.com.tw/api/api_movie.php?method=getStagesByDate",
            "movie_title": "劇場版 鋼之鍊金術師 香巴拉的征服者",
            "show_date": "2026-10-04",
            "showtime_count": 1,
            "showtimes": [
              {
                "time": "18:50",
                "format": "02廳(9F)",
                "language": "日語",
                "auditorium": null,
                "booking_url": "https://www.in89cinemax.com/film_list.aspx?TheaterId=16",
                "label": "18:50 02廳(9F)"
              }
            ],
            "start_times": "18:50"
          }
        }
      ]
    },
    "劇場版 魔法少女小圓〈瓦爾普吉斯的迴天〉": {
      "2026-09-30": [
        {
          "type": "Feature",
          "geometry": {
            "type": "Point",
            "coordinates": [
              120.638356972783,
              24.164220012801
            ]
          },
          "properties": {
            "location_id": 1,
            "chain_name": "MUVIE CINEMAS",
            "location_name": "MUVIE CINEMAS 台中TIGER CITY",
            "map_name": "MUVIE CINEMAS MUVIE CINEMAS 台中TIGER CITY",
            "address": "台中市西屯區河南路三段120-1號4樓",
            "city": "臺中市",
            "location_url": "https://www.vscinemas.com.tw/vsTicketing/ticketing/booking.aspx?cinemacode=3&txtSessionId=1022003",
            "official_url": "https://www.vscinemas.com.tw/",
            "crawl_url": "https://www.vscinemas.com.tw/ShowTimes/",
            "movie_title": "劇場版 魔法少女小圓〈瓦爾普吉斯的迴天〉",
            "show_date": "2026-09-30",
            "showtime_count": 2,
            "showtimes": [
              {
                "time": "11:00",
                "format": "(數位)劇場版 魔法少女小圓 〈瓦爾普吉斯的迴天〉 (普遍級)",
                "language": null,
                "auditorium": null,
                "booking_url": "https://www.vscinemas.com.tw/vsTicketing/ticketing/booking.aspx?cinemacode=3&txtSessionId=1022003",
                "label": "11:00 (數位)劇場版 魔法少女小圓 〈瓦爾普吉斯的迴天〉 (普遍級)"
              },
              {
                "time": "17:35",
                "format": "(數位)劇場版 魔法少女小圓 〈瓦爾普吉斯的迴天〉 (普遍級)",
                "language": null,
                "auditorium": null,
                "booking_url": "https://www.vscinemas.com.tw/vsTicketing/ticketing/booking.aspx?cinemacode=3&txtSessionId=1022005",
                "label": "17:35 (數位)劇場版 魔法少女小圓 〈瓦爾普吉斯的迴天〉 (普遍級)"
              }
            ],
            "start_times": "11:00, 17:35"
          }
        },
        {
          "type": "Feature",
          "geometry": {
            "type": "Point",
            "coordinates": [
              120.706113763482,
              24.25198528648
            ]
          },
          "properties": {
            "location_id": 5,
            "chain_name": "in89 豪華影城",
            "location_name": "台中豐原 in89豪華影城",
            "map_name": "in89 豪華影城 台中豐原 in89豪華影城",
            "address": "台中市豐原區成功路500號5樓",
            "city": "臺中市",
            "location_url": "https://www.in89cinemax.com/film_list.aspx?TheaterId=15",
            "official_url": "https://www.in89cinemax.com/",
            "crawl_url": "https://fengyuan.in89.com.tw/api/api_movie.php?method=getStagesByDate",
            "movie_title": "劇場版 魔法少女小圓〈瓦爾普吉斯的迴天〉",
            "show_date": "2026-09-30",
            "showtime_count": 1,
            "showtimes": [
              {
                "time": "16:50",
                "format": "07廳",
                "language": "日語",
                "auditorium": null,
                "booking_url": "https://www.in89cinemax.com/film_list.aspx?TheaterId=15",
                "label": "16:50 07廳"
              }
            ],
            "start_times": "16:50"
          }
        },
        {
          "type": "Feature",
          "geometry": {
            "type": "Point",
            "coordinates": [
              120.452734194907,
              23.476437792869
            ]
          },
          "properties": {
            "location_id": 6,
            "chain_name": "in89 豪華影城",
            "location_name": "嘉義影食匯 in89豪華影城",
            "map_name": "in89 豪華影城 嘉義影食匯 in89豪華影城",
            "address": "嘉義市東區民族路328號",
            "city": "嘉義市",
            "location_url": "https://www.in89cinemax.com/film_list.aspx?TheaterId=17",
            "official_url": "https://www.in89cinemax.com/",
            "crawl_url": "https://chiayi.in89.com.tw/api/api_movie.php?method=getStagesByDate",
            "movie_title": "劇場版 魔法少女小圓〈瓦爾普吉斯的迴天〉",
            "show_date": "2026-09-30",
            "showtime_count": 2,
            "showtimes": [
              {
                "time": "10:10",
                "format": "IMAX廳(5樓)",
                "language": "日語",
                "auditorium": null,
                "booking_url": "https://www.in89cinemax.com/film_list.aspx?TheaterId=17",
                "label": "10:10 IMAX廳(5樓)"
              },
              {
                "time": "18:40",
                "format": "BOOM廳(8樓)",
                "language": "日語",
                "auditorium": null,
                "booking_url": "https://www.in89cinemax.com/film_list.aspx?TheaterId=17",
                "label": "18:40 BOOM廳(8樓)"
              }
            ],
            "start_times": "10:10, 18:40"
          }
        },
        {
          "type": "Feature",
          "geometry": {
            "type": "Point",
            "coordinates": [
              121.299023610213,
              24.965043219256
            ]
          },
          "properties": {
            "location_id": 11,
            "chain_name": "國賓影城",
            "location_name": "八德置地國賓影城",
            "map_name": "國賓影城 八德置地國賓影城",
            "address": "桃園市八德區介壽路一段728號3樓",
            "city": "桃園市",
            "location_url": "https://www.ambassador.com.tw/home/Showtime?ID=8fda9934-73d4-4c14-b1c4-386c2b81045c&DT=2026/09/30",
            "official_url": "https://www.ambassador.com.tw/",
            "crawl_url": "https://www.ambassador.com.tw/home/Showtime?ID=8fda9934-73d4-4c14-b1c4-386c2b81045c&DT=2026/09/30",
            "movie_title": "劇場版 魔法少女小圓〈瓦爾普吉斯的迴天〉",
            "show_date": "2026-09-30",
            "showtime_count": 1,
            "showtimes": [
              {
                "time": "10:20",
                "format": "數位‧日文版",
                "language": "日語",
                "auditorium": "6廳 185席",
                "booking_url": "https://www.ambassador.com.tw/home/Showtime?ID=8fda9934-73d4-4c14-b1c4-386c2b81045c&DT=2026/09/30",
                "label": "10:20 數位‧日文版 / 6廳 185席"
              }
            ],
            "start_times": "10:20"
          }
        },
        {
          "type": "Feature",
          "geometry": {
            "type": "Point",
            "coordinates": [
              120.493406038961,
              22.673270000458
            ]
          },
          "properties": {
            "location_id": 14,
            "chain_name": "國賓影城",
            "location_name": "屏東環球國賓影城",
            "map_name": "國賓影城 屏東環球國賓影城",
            "address": "屏東縣屏東市仁愛路90號6樓",
            "city": "屏東縣",
            "location_url": "https://www.ambassador.com.tw/home/Showtime?ID=41aae717-4464-49f4-ac26-fec2d16acbd6&DT=2026/09/30",
            "official_url": "https://www.ambassador.com.tw/",
            "crawl_url": "https://www.ambassador.com.tw/home/Showtime?ID=41aae717-4464-49f4-ac26-fec2d16acbd6&DT=2026/09/30",
            "movie_title": "劇場版 魔法少女小圓〈瓦爾普吉斯的迴天〉",
            "show_date": "2026-09-30",
            "showtime_count": 1,
            "showtimes": [
              {
                "time": "18:30",
                "format": "數位‧日文版",
                "language": "日語",
                "auditorium": "4廳 163席",
                "booking_url": "https://www.ambassador.com.tw/home/Showtime?ID=41aae717-4464-49f4-ac26-fec2d16acbd6&DT=2026/09/30",
                "label": "18:30 數位‧日文版 / 4廳 163席"
              }
            ],
            "start_times": "18:30"
          }
        },
        {
          "type": "Feature",
          "geometry": {
            "type": "Point",
            "coordinates": [
              121.458702134648,
              25.06381770366
            ]
          },
          "properties": {
            "location_id": 15,
            "chain_name": "國賓影城",
            "location_name": "新莊晶冠國賓影城",
            "map_name": "國賓影城 新莊晶冠國賓影城",
            "address": "新北市新莊區五工路66號3、4樓",
            "city": "新北市",
            "location_url": "https://www.ambassador.com.tw/home/Showtime?ID=3301d822-b385-4aa8-a9eb-aa59d58e95c9&DT=2026/09/30",
            "official_url": "https://www.ambassador.com.tw/",
            "crawl_url": "https://www.ambassador.com.tw/home/Showtime?ID=3301d822-b385-4aa8-a9eb-aa59d58e95c9&DT=2026/09/30",
            "movie_title": "劇場版 魔法少女小圓〈瓦爾普吉斯的迴天〉",
            "show_date": "2026-09-30",
            "showtime_count": 1,
            "showtimes": [
              {
                "time": "14:40",
                "format": "數位‧日文版",
                "language": "日語",
                "auditorium": "1廳 58席",
                "booking_url": "https://www.ambassador.com.tw/home/Showtime?ID=3301d822-b385-4aa8-a9eb-aa59d58e95c9&DT=2026/09/30",
                "label": "14:40 數位‧日文版 / 1廳 58席"
              }
            ],
            "start_times": "14:40"
          }
        },
        {
          "type": "Feature",
          "geometry": {
            "type": "Point",
            "coordinates": [
              121.475688899623,
              25.006077203437
            ]
          },
          "properties": {
            "location_id": 20,
            "chain_name": "威秀影城 / VIESHOW",
            "location_name": "中和環球威秀影城",
            "map_name": "威秀影城 / VIESHOW 中和環球威秀影城",
            "address": "新北市中和區中山路三段122號4樓",
            "city": "新北市",
            "location_url": "https://www.vscinemas.com.tw/vsTicketing/ticketing/booking.aspx?cinemacode=30&txtSessionId=211794",
            "official_url": "https://www.vscinemas.com.tw/",
            "crawl_url": "https://www.vscinemas.com.tw/ShowTimes/",
            "movie_title": "劇場版 魔法少女小圓〈瓦爾普吉斯的迴天〉",
            "show_date": "2026-09-30",
            "showtime_count": 1,
            "showtimes": [
              {
                "time": "15:45",
                "format": "(數位)劇場版 魔法少女小圓 〈瓦爾普吉斯的迴天〉 (普遍級)",
                "language": null,
                "auditorium": null,
                "booking_url": "https://www.vscinemas.com.tw/vsTicketing/ticketing/booking.aspx?cinemacode=30&txtSessionId=211794",
                "label": "15:45 (數位)劇場版 魔法少女小圓 〈瓦爾普吉斯的迴天〉 (普遍級)"
              }
            ],
            "start_times": "15:45"
          }
        },
        {
          "type": "Feature",
          "geometry": {
            "type": "Point",
            "coordinates": [
              120.687673995592,
              24.135473018575
            ]
          },
          "properties": {
            "location_id": 21,
            "chain_name": "威秀影城 / VIESHOW",
            "location_name": "台中iFG 遠雄廣場威秀影城",
            "map_name": "威秀影城 / VIESHOW 台中iFG 遠雄廣場威秀影城",
            "address": "台中市東區復興路四段186號4樓",
            "city": "臺中市",
            "location_url": "https://www.vscinemas.com.tw/vsTicketing/ticketing/booking.aspx?cinemacode=31&txtSessionId=185925",
            "official_url": "https://www.vscinemas.com.tw/",
            "crawl_url": "https://www.vscinemas.com.tw/ShowTimes/",
            "movie_title": "劇場版 魔法少女小圓〈瓦爾普吉斯的迴天〉",
            "show_date": "2026-09-30",
            "showtime_count": 4,
            "showtimes": [
              {
                "time": "10:55",
                "format": "(數位)劇場版 魔法少女小圓 〈瓦爾普吉斯的迴天〉 (普遍級)",
                "language": null,
                "auditorium": null,
                "booking_url": "https://www.vscinemas.com.tw/vsTicketing/ticketing/booking.aspx?cinemacode=31&txtSessionId=185925",
                "label": "10:55 (數位)劇場版 魔法少女小圓 〈瓦爾普吉斯的迴天〉 (普遍級)"
              },
              {
                "time": "13:35",
                "format": "(數位)劇場版 魔法少女小圓 〈瓦爾普吉斯的迴天〉 (普遍級)",
                "language": null,
                "auditorium": null,
                "booking_url": "https://www.vscinemas.com.tw/vsTicketing/ticketing/booking.aspx?cinemacode=31&txtSessionId=185951",
                "label": "13:35 (數位)劇場版 魔法少女小圓 〈瓦爾普吉斯的迴天〉 (普遍級)"
              },
              {
                "time": "18:05",
                "format": "(數位)劇場版 魔法少女小圓 〈瓦爾普吉斯的迴天〉 (普遍級)",
                "language": null,
                "auditorium": null,
                "booking_url": "https://www.vscinemas.com.tw/vsTicketing/ticketing/booking.aspx?cinemacode=31&txtSessionId=185967",
                "label": "18:05 (數位)劇場版 魔法少女小圓 〈瓦爾普吉斯的迴天〉 (普遍級)"
              },
              {
                "time": "22:05",
                "format": "(數位)劇場版 魔法少女小圓 〈瓦爾普吉斯的迴天〉 (普遍級)",
                "language": null,
                "auditorium": null,
                "booking_url": "https://www.vscinemas.com.tw/vsTicketing/ticketing/booking.aspx?cinemacode=31&txtSessionId=185982",
                "label": "22:05 (數位)劇場版 魔法少女小圓 〈瓦爾普吉斯的迴天〉 (普遍級)"
              }
            ],
            "start_times": "10:55, 13:35, 18:05, 22:05"
          }
        },
        {
          "type": "Feature",
          "geometry": {
            "type": "Point",
            "coordinates": [
              120.64456938796,
              24.164671713563
            ]
          },
          "properties": {
            "location_id": 22,
            "chain_name": "威秀影城 / VIESHOW",
            "location_name": "台中大遠百威秀影城",
            "map_name": "威秀影城 / VIESHOW 台中大遠百威秀影城",
            "address": "台中市西屯區台灣大道三段251號13樓",
            "city": "臺中市",
            "location_url": "https://www.vscinemas.com.tw/vsTicketing/ticketing/booking.aspx?cinemacode=15&txtSessionId=551278",
            "official_url": "https://www.vscinemas.com.tw/",
            "crawl_url": "https://www.vscinemas.com.tw/ShowTimes/",
            "movie_title": "劇場版 魔法少女小圓〈瓦爾普吉斯的迴天〉",
            "show_date": "2026-09-30",
            "showtime_count": 1,
            "showtimes": [
              {
                "time": "11:00",
                "format": "(數位)劇場版 魔法少女小圓 〈瓦爾普吉斯的迴天〉 (普遍級)",
                "language": null,
                "auditorium": null,
                "booking_url": "https://www.vscinemas.com.tw/vsTicketing/ticketing/booking.aspx?cinemacode=15&txtSessionId=551278",
                "label": "11:00 (數位)劇場版 魔法少女小圓 〈瓦爾普吉斯的迴天〉 (普遍級)"
              }
            ],
            "start_times": "11:00"
          }
        },
        {
          "type": "Feature",
          "geometry": {
            "type": "Point",
            "coordinates": [
              121.5184321,
              25.0490792
            ]
          },
          "properties": {
            "location_id": 23,
            "chain_name": "威秀影城 / VIESHOW",
            "location_name": "台北京站威秀影城",
            "map_name": "威秀影城 / VIESHOW 台北京站威秀影城",
            "address": "台北市大同區市民大道一段209號5樓",
            "city": "臺北市",
            "location_url": "https://www.vscinemas.com.tw/ShowTimes/",
            "official_url": "https://www.vscinemas.com.tw/",
            "crawl_url": "https://www.vscinemas.com.tw/ShowTimes/",
            "movie_title": "劇場版 魔法少女小圓〈瓦爾普吉斯的迴天〉",
            "show_date": "2026-09-30",
            "showtime_count": 4,
            "showtimes": [
              {
                "time": "09:15",
                "format": "(數位)劇場版 魔法少女小圓 〈瓦爾普吉斯的迴天〉 (普遍級)",
                "language": null,
                "auditorium": null,
                "booking_url": "https://www.vscinemas.com.tw/ShowTimes/",
                "label": "09:15 (數位)劇場版 魔法少女小圓 〈瓦爾普吉斯的迴天〉 (普遍級)"
              },
              {
                "time": "14:40",
                "format": "(數位)劇場版 魔法少女小圓 〈瓦爾普吉斯的迴天〉 (普遍級)",
                "language": null,
                "auditorium": null,
                "booking_url": "https://www.vscinemas.com.tw/vsTicketing/ticketing/booking.aspx?cinemacode=12&txtSessionId=898547",
                "label": "14:40 (數位)劇場版 魔法少女小圓 〈瓦爾普吉斯的迴天〉 (普遍級)"
              },
              {
                "time": "18:20",
                "format": "(數位)劇場版 魔法少女小圓 〈瓦爾普吉斯的迴天〉 (普遍級)",
                "language": null,
                "auditorium": null,
                "booking_url": "https://www.vscinemas.com.tw/vsTicketing/ticketing/booking.aspx?cinemacode=12&txtSessionId=898567",
                "label": "18:20 (數位)劇場版 魔法少女小圓 〈瓦爾普吉斯的迴天〉 (普遍級)"
              },
              {
                "time": "22:45",
                "format": "(數位)劇場版 魔法少女小圓 〈瓦爾普吉斯的迴天〉 (普遍級)",
                "language": null,
                "auditorium": null,
                "booking_url": "https://www.vscinemas.com.tw/vsTicketing/ticketing/booking.aspx?cinemacode=12&txtSessionId=898584",
                "label": "22:45 (數位)劇場版 魔法少女小圓 〈瓦爾普吉斯的迴天〉 (普遍級)"
              }
            ],
            "start_times": "09:15, 14:40, 18:20, 22:45"
          }
        },
        {
          "type": "Feature",
          "geometry": {
            "type": "Point",
            "coordinates": [
              121.567405360549,
              25.035641139855
            ]
          },
          "properties": {
            "location_id": 24,
            "chain_name": "威秀影城 / VIESHOW",
            "location_name": "台北信義威秀影城",
            "map_name": "威秀影城 / VIESHOW 台北信義威秀影城",
            "address": "台北市信義區松壽路20號2樓",
            "city": "臺北市",
            "location_url": "https://www.vscinemas.com.tw/vsTicketing/ticketing/booking.aspx?cinemacode=1&txtSessionId=1879520",
            "official_url": "https://www.vscinemas.com.tw/",
            "crawl_url": "https://www.vscinemas.com.tw/ShowTimes/",
            "movie_title": "劇場版 魔法少女小圓〈瓦爾普吉斯的迴天〉",
            "show_date": "2026-09-30",
            "showtime_count": 3,
            "showtimes": [
              {
                "time": "13:20",
                "format": "(數位)劇場版 魔法少女小圓 〈瓦爾普吉斯的迴天〉 (普遍級)",
                "language": null,
                "auditorium": null,
                "booking_url": "https://www.vscinemas.com.tw/vsTicketing/ticketing/booking.aspx?cinemacode=1&txtSessionId=1879520",
                "label": "13:20 (數位)劇場版 魔法少女小圓 〈瓦爾普吉斯的迴天〉 (普遍級)"
              },
              {
                "time": "17:20",
                "format": "(數位)劇場版 魔法少女小圓 〈瓦爾普吉斯的迴天〉 (普遍級)",
                "language": null,
                "auditorium": null,
                "booking_url": "https://www.vscinemas.com.tw/vsTicketing/ticketing/booking.aspx?cinemacode=1&txtSessionId=1879550",
                "label": "17:20 (數位)劇場版 魔法少女小圓 〈瓦爾普吉斯的迴天〉 (普遍級)"
              },
              {
                "time": "21:00",
                "format": "(數位)劇場版 魔法少女小圓 〈瓦爾普吉斯的迴天〉 (普遍級)",
                "language": null,
                "auditorium": null,
                "booking_url": "https://www.vscinemas.com.tw/vsTicketing/ticketing/booking.aspx?cinemacode=1&txtSessionId=1879553",
                "label": "21:00 (數位)劇場版 魔法少女小圓 〈瓦爾普吉斯的迴天〉 (普遍級)"
              }
            ],
            "start_times": "13:20, 17:20, 21:00"
          }
        },
        {
          "type": "Feature",
          "geometry": {
            "type": "Point",
            "coordinates": [
              121.617582534262,
              25.059344952488
            ]
          },
          "properties": {
            "location_id": 25,
            "chain_name": "威秀影城 / VIESHOW",
            "location_name": "台北南港 LaLaport威秀影城",
            "map_name": "威秀影城 / VIESHOW 台北南港 LaLaport威秀影城",
            "address": "台北市南港區經貿二路131號5樓",
            "city": "臺北市",
            "location_url": "https://www.vscinemas.com.tw/vsTicketing/ticketing/booking.aspx?cinemacode=35&txtSessionId=147085",
            "official_url": "https://www.vscinemas.com.tw/",
            "crawl_url": "https://www.vscinemas.com.tw/ShowTimes/",
            "movie_title": "劇場版 魔法少女小圓〈瓦爾普吉斯的迴天〉",
            "show_date": "2026-09-30",
            "showtime_count": 5,
            "showtimes": [
              {
                "time": "11:00",
                "format": "(數位)劇場版 魔法少女小圓 〈瓦爾普吉斯的迴天〉 (普遍級)",
                "language": null,
                "auditorium": null,
                "booking_url": "https://www.vscinemas.com.tw/vsTicketing/ticketing/booking.aspx?cinemacode=35&txtSessionId=147085",
                "label": "11:00 (數位)劇場版 魔法少女小圓 〈瓦爾普吉斯的迴天〉 (普遍級)"
              },
              {
                "time": "13:20",
                "format": "(數位)劇場版 魔法少女小圓 〈瓦爾普吉斯的迴天〉 (普遍級)",
                "language": null,
                "auditorium": null,
                "booking_url": "https://www.vscinemas.com.tw/vsTicketing/ticketing/booking.aspx?cinemacode=35&txtSessionId=147086",
                "label": "13:20 (數位)劇場版 魔法少女小圓 〈瓦爾普吉斯的迴天〉 (普遍級)"
              },
              {
                "time": "15:40",
                "format": "(數位)劇場版 魔法少女小圓 〈瓦爾普吉斯的迴天〉 (普遍級)",
                "language": null,
                "auditorium": null,
                "booking_url": "https://www.vscinemas.com.tw/vsTicketing/ticketing/booking.aspx?cinemacode=35&txtSessionId=147087",
                "label": "15:40 (數位)劇場版 魔法少女小圓 〈瓦爾普吉斯的迴天〉 (普遍級)"
              },
              {
                "time": "20:20",
                "format": "(數位)劇場版 魔法少女小圓 〈瓦爾普吉斯的迴天〉 (普遍級)",
                "language": null,
                "auditorium": null,
                "booking_url": "https://www.vscinemas.com.tw/vsTicketing/ticketing/booking.aspx?cinemacode=35&txtSessionId=147089",
                "label": "20:20 (數位)劇場版 魔法少女小圓 〈瓦爾普吉斯的迴天〉 (普遍級)"
              },
              {
                "time": "22:40",
                "format": "(數位)劇場版 魔法少女小圓 〈瓦爾普吉斯的迴天〉 (普遍級)",
                "language": null,
                "auditorium": null,
                "booking_url": "https://www.vscinemas.com.tw/vsTicketing/ticketing/booking.aspx?cinemacode=35&txtSessionId=147090",
                "label": "22:40 (數位)劇場版 魔法少女小圓 〈瓦爾普吉斯的迴天〉 (普遍級)"
              }
            ],
            "start_times": "11:00, 13:20, 15:40, 20:20, 22:40"
          }
        },
        {
          "type": "Feature",
          "geometry": {
            "type": "Point",
            "coordinates": [
              121.507210471438,
              25.043930129634
            ]
          },
          "properties": {
            "location_id": 26,
            "chain_name": "威秀影城 / VIESHOW",
            "location_name": "台北西門威秀影城",
            "map_name": "威秀影城 / VIESHOW 台北西門威秀影城",
            "address": "台北市萬華區漢中街52號7樓",
            "city": "臺北市",
            "location_url": "https://www.vscinemas.com.tw/vsTicketing/ticketing/booking.aspx?cinemacode=34&txtSessionId=87950",
            "official_url": "https://www.vscinemas.com.tw/",
            "crawl_url": "https://www.vscinemas.com.tw/ShowTimes/",
            "movie_title": "劇場版 魔法少女小圓〈瓦爾普吉斯的迴天〉",
            "show_date": "2026-09-30",
            "showtime_count": 3,
            "showtimes": [
              {
                "time": "10:30",
                "format": "(數位)劇場版 魔法少女小圓 〈瓦爾普吉斯的迴天〉 (普遍級)",
                "language": null,
                "auditorium": null,
                "booking_url": "https://www.vscinemas.com.tw/vsTicketing/ticketing/booking.aspx?cinemacode=34&txtSessionId=87950",
                "label": "10:30 (數位)劇場版 魔法少女小圓 〈瓦爾普吉斯的迴天〉 (普遍級)"
              },
              {
                "time": "14:50",
                "format": "(數位)劇場版 魔法少女小圓 〈瓦爾普吉斯的迴天〉 (普遍級)",
                "language": null,
                "auditorium": null,
                "booking_url": "https://www.vscinemas.com.tw/vsTicketing/ticketing/booking.aspx?cinemacode=34&txtSessionId=87946",
                "label": "14:50 (數位)劇場版 魔法少女小圓 〈瓦爾普吉斯的迴天〉 (普遍級)"
              },
              {
                "time": "21:00",
                "format": "(數位)劇場版 魔法少女小圓 〈瓦爾普吉斯的迴天〉 (普遍級)",
                "language": null,
                "auditorium": null,
                "booking_url": "https://www.vscinemas.com.tw/vsTicketing/ticketing/booking.aspx?cinemacode=34&txtSessionId=87901",
                "label": "21:00 (數位)劇場版 魔法少女小圓 〈瓦爾普吉斯的迴天〉 (普遍級)"
              }
            ],
            "start_times": "10:30, 14:50, 21:00"
          }
        },
        {
          "type": "Feature",
          "geometry": {
            "type": "Point",
            "coordinates": [
              120.210166862332,
              22.995629908049
            ]
          },
          "properties": {
            "location_id": 27,
            "chain_name": "威秀影城 / VIESHOW",
            "location_name": "台南FOCUS威秀影城",
            "map_name": "威秀影城 / VIESHOW 台南FOCUS威秀影城",
            "address": "台南市中西區中山路166號11樓",
            "city": "臺南市",
            "location_url": "https://www.vscinemas.com.tw/vsTicketing/ticketing/booking.aspx?cinemacode=25&txtSessionId=307829",
            "official_url": "https://www.vscinemas.com.tw/",
            "crawl_url": "https://www.vscinemas.com.tw/ShowTimes/",
            "movie_title": "劇場版 魔法少女小圓〈瓦爾普吉斯的迴天〉",
            "show_date": "2026-09-30",
            "showtime_count": 3,
            "showtimes": [
              {
                "time": "10:05",
                "format": "(數位)劇場版 魔法少女小圓 〈瓦爾普吉斯的迴天〉 (普遍級)",
                "language": null,
                "auditorium": null,
                "booking_url": "https://www.vscinemas.com.tw/vsTicketing/ticketing/booking.aspx?cinemacode=25&txtSessionId=307829",
                "label": "10:05 (數位)劇場版 魔法少女小圓 〈瓦爾普吉斯的迴天〉 (普遍級)"
              },
              {
                "time": "14:30",
                "format": "(數位)劇場版 魔法少女小圓 〈瓦爾普吉斯的迴天〉 (普遍級)",
                "language": null,
                "auditorium": null,
                "booking_url": "https://www.vscinemas.com.tw/vsTicketing/ticketing/booking.aspx?cinemacode=25&txtSessionId=307831",
                "label": "14:30 (數位)劇場版 魔法少女小圓 〈瓦爾普吉斯的迴天〉 (普遍級)"
              },
              {
                "time": "16:50",
                "format": "(數位)劇場版 魔法少女小圓 〈瓦爾普吉斯的迴天〉 (普遍級)",
                "language": null,
                "auditorium": null,
                "booking_url": "https://www.vscinemas.com.tw/vsTicketing/ticketing/booking.aspx?cinemacode=25&txtSessionId=307832",
                "label": "16:50 (數位)劇場版 魔法少女小圓 〈瓦爾普吉斯的迴天〉 (普遍級)"
              }
            ],
            "start_times": "10:05, 14:30, 16:50"
          }
        },
        {
          "type": "Feature",
          "geometry": {
            "type": "Point",
            "coordinates": [
              120.233454974477,
              22.990581990681
            ]
          },
          "properties": {
            "location_id": 28,
            "chain_name": "威秀影城 / VIESHOW",
            "location_name": "台南南紡威秀影城",
            "map_name": "威秀影城 / VIESHOW 台南南紡威秀影城",
            "address": "台南市東區中華東路一段366號5樓",
            "city": "臺南市",
            "location_url": "https://www.vscinemas.com.tw/vsTicketing/ticketing/booking.aspx?cinemacode=17&txtSessionId=704289",
            "official_url": "https://www.vscinemas.com.tw/",
            "crawl_url": "https://www.vscinemas.com.tw/ShowTimes/",
            "movie_title": "劇場版 魔法少女小圓〈瓦爾普吉斯的迴天〉",
            "show_date": "2026-09-30",
            "showtime_count": 2,
            "showtimes": [
              {
                "time": "14:05",
                "format": "(數位)劇場版 魔法少女小圓 〈瓦爾普吉斯的迴天〉 (普遍級)",
                "language": null,
                "auditorium": null,
                "booking_url": "https://www.vscinemas.com.tw/vsTicketing/ticketing/booking.aspx?cinemacode=17&txtSessionId=704289",
                "label": "14:05 (數位)劇場版 魔法少女小圓 〈瓦爾普吉斯的迴天〉 (普遍級)"
              },
              {
                "time": "18:40",
                "format": "(數位)劇場版 魔法少女小圓 〈瓦爾普吉斯的迴天〉 (普遍級)",
                "language": null,
                "auditorium": null,
                "booking_url": "https://www.vscinemas.com.tw/vsTicketing/ticketing/booking.aspx?cinemacode=17&txtSessionId=704291",
                "label": "18:40 (數位)劇場版 魔法少女小圓 〈瓦爾普吉斯的迴天〉 (普遍級)"
              }
            ],
            "start_times": "14:05, 18:40"
          }
        },
        {
          "type": "Feature",
          "geometry": {
            "type": "Point",
            "coordinates": [
              120.205827131963,
              22.995358795391
            ]
          },
          "properties": {
            "location_id": 30,
            "chain_name": "威秀影城 / VIESHOW",
            "location_name": "台南大遠百威秀影城",
            "map_name": "威秀影城 / VIESHOW 台南大遠百威秀影城",
            "address": "台南市中西區公園路60號5樓",
            "city": "臺南市",
            "location_url": "https://www.vscinemas.com.tw/vsTicketing/ticketing/booking.aspx?cinemacode=5&txtSessionId=910133",
            "official_url": "https://www.vscinemas.com.tw/",
            "crawl_url": "https://www.vscinemas.com.tw/ShowTimes/",
            "movie_title": "劇場版 魔法少女小圓〈瓦爾普吉斯的迴天〉",
            "show_date": "2026-09-30",
            "showtime_count": 5,
            "showtimes": [
              {
                "time": "10:30",
                "format": "(數位)劇場版 魔法少女小圓 〈瓦爾普吉斯的迴天〉 (普遍級)",
                "language": null,
                "auditorium": null,
                "booking_url": "https://www.vscinemas.com.tw/vsTicketing/ticketing/booking.aspx?cinemacode=5&txtSessionId=910133",
                "label": "10:30 (數位)劇場版 魔法少女小圓 〈瓦爾普吉斯的迴天〉 (普遍級)"
              },
              {
                "time": "12:50",
                "format": "(數位)劇場版 魔法少女小圓 〈瓦爾普吉斯的迴天〉 (普遍級)",
                "language": null,
                "auditorium": null,
                "booking_url": "https://www.vscinemas.com.tw/vsTicketing/ticketing/booking.aspx?cinemacode=5&txtSessionId=910134",
                "label": "12:50 (數位)劇場版 魔法少女小圓 〈瓦爾普吉斯的迴天〉 (普遍級)"
              },
              {
                "time": "15:10",
                "format": "(數位)劇場版 魔法少女小圓 〈瓦爾普吉斯的迴天〉 (普遍級)",
                "language": null,
                "auditorium": null,
                "booking_url": "https://www.vscinemas.com.tw/vsTicketing/ticketing/booking.aspx?cinemacode=5&txtSessionId=910135",
                "label": "15:10 (數位)劇場版 魔法少女小圓 〈瓦爾普吉斯的迴天〉 (普遍級)"
              },
              {
                "time": "17:35",
                "format": "(數位)劇場版 魔法少女小圓 〈瓦爾普吉斯的迴天〉 (普遍級)",
                "language": null,
                "auditorium": null,
                "booking_url": "https://www.vscinemas.com.tw/vsTicketing/ticketing/booking.aspx?cinemacode=5&txtSessionId=910136",
                "label": "17:35 (數位)劇場版 魔法少女小圓 〈瓦爾普吉斯的迴天〉 (普遍級)"
              },
              {
                "time": "19:55",
                "format": "(數位)劇場版 魔法少女小圓 〈瓦爾普吉斯的迴天〉 (普遍級)",
                "language": null,
                "auditorium": null,
                "booking_url": "https://www.vscinemas.com.tw/vsTicketing/ticketing/booking.aspx?cinemacode=5&txtSessionId=910137",
                "label": "19:55 (數位)劇場版 魔法少女小圓 〈瓦爾普吉斯的迴天〉 (普遍級)"
              }
            ],
            "start_times": "10:30, 12:50, 15:10, 17:35, 19:55"
          }
        },
        {
          "type": "Feature",
          "geometry": {
            "type": "Point",
            "coordinates": [
              121.5468264,
              24.9783596
            ]
          },
          "properties": {
            "location_id": 31,
            "chain_name": "威秀影城 / VIESHOW",
            "location_name": "新店裕隆城威秀影城",
            "map_name": "威秀影城 / VIESHOW 新店裕隆城威秀影城",
            "address": "新北市新店區中興路三段128號7樓",
            "city": "新北市",
            "location_url": "https://www.vscinemas.com.tw/vsTicketing/ticketing/booking.aspx?cinemacode=32&txtSessionId=165187",
            "official_url": "https://www.vscinemas.com.tw/",
            "crawl_url": "https://www.vscinemas.com.tw/ShowTimes/",
            "movie_title": "劇場版 魔法少女小圓〈瓦爾普吉斯的迴天〉",
            "show_date": "2026-09-30",
            "showtime_count": 2,
            "showtimes": [
              {
                "time": "12:25",
                "format": "(數位)劇場版 魔法少女小圓 〈瓦爾普吉斯的迴天〉 (普遍級)",
                "language": null,
                "auditorium": null,
                "booking_url": "https://www.vscinemas.com.tw/vsTicketing/ticketing/booking.aspx?cinemacode=32&txtSessionId=165187",
                "label": "12:25 (數位)劇場版 魔法少女小圓 〈瓦爾普吉斯的迴天〉 (普遍級)"
              },
              {
                "time": "16:45",
                "format": "(數位)劇場版 魔法少女小圓 〈瓦爾普吉斯的迴天〉 (普遍級)",
                "language": null,
                "auditorium": null,
                "booking_url": "https://www.vscinemas.com.tw/vsTicketing/ticketing/booking.aspx?cinemacode=32&txtSessionId=165190",
                "label": "16:45 (數位)劇場版 魔法少女小圓 〈瓦爾普吉斯的迴天〉 (普遍級)"
              }
            ],
            "start_times": "12:25, 16:45"
          }
        },
        {
          "type": "Feature",
          "geometry": {
            "type": "Point",
            "coordinates": [
              120.965210879671,
              24.802185606585
            ]
          },
          "properties": {
            "location_id": 32,
            "chain_name": "威秀影城 / VIESHOW",
            "location_name": "新竹大遠百威秀影城",
            "map_name": "威秀影城 / VIESHOW 新竹大遠百威秀影城",
            "address": "新竹市東區西大路323號8樓",
            "city": "新竹市",
            "location_url": "https://www.vscinemas.com.tw/vsTicketing/ticketing/booking.aspx?cinemacode=2&txtSessionId=1168847",
            "official_url": "https://www.vscinemas.com.tw/",
            "crawl_url": "https://www.vscinemas.com.tw/ShowTimes/",
            "movie_title": "劇場版 魔法少女小圓〈瓦爾普吉斯的迴天〉",
            "show_date": "2026-09-30",
            "showtime_count": 2,
            "showtimes": [
              {
                "time": "13:15",
                "format": "(數位)劇場版 魔法少女小圓 〈瓦爾普吉斯的迴天〉 (普遍級)",
                "language": null,
                "auditorium": null,
                "booking_url": "https://www.vscinemas.com.tw/vsTicketing/ticketing/booking.aspx?cinemacode=2&txtSessionId=1168847",
                "label": "13:15 (數位)劇場版 魔法少女小圓 〈瓦爾普吉斯的迴天〉 (普遍級)"
              },
              {
                "time": "17:10",
                "format": "(數位)劇場版 魔法少女小圓 〈瓦爾普吉斯的迴天〉 (普遍級)",
                "language": null,
                "auditorium": null,
                "booking_url": "https://www.vscinemas.com.tw/vsTicketing/ticketing/booking.aspx?cinemacode=2&txtSessionId=1168824",
                "label": "17:10 (數位)劇場版 魔法少女小圓 〈瓦爾普吉斯的迴天〉 (普遍級)"
              }
            ],
            "start_times": "13:15, 17:10"
          }
        },
        {
          "type": "Feature",
          "geometry": {
            "type": "Point",
            "coordinates": [
              120.973836863867,
              24.810126998839
            ]
          },
          "properties": {
            "location_id": 34,
            "chain_name": "威秀影城 / VIESHOW",
            "location_name": "新竹巨城威秀影城",
            "map_name": "威秀影城 / VIESHOW 新竹巨城威秀影城",
            "address": "新竹市東區民權路176號4樓",
            "city": "新竹市",
            "location_url": "https://www.vscinemas.com.tw/ShowTimes/",
            "official_url": "https://www.vscinemas.com.tw/",
            "crawl_url": "https://www.vscinemas.com.tw/ShowTimes/",
            "movie_title": "劇場版 魔法少女小圓〈瓦爾普吉斯的迴天〉",
            "show_date": "2026-09-30",
            "showtime_count": 1,
            "showtimes": [
              {
                "time": "09:45",
                "format": "(數位)劇場版 魔法少女小圓 〈瓦爾普吉斯的迴天〉 (普遍級)",
                "language": null,
                "auditorium": null,
                "booking_url": "https://www.vscinemas.com.tw/ShowTimes/",
                "label": "09:45 (數位)劇場版 魔法少女小圓 〈瓦爾普吉斯的迴天〉 (普遍級)"
              }
            ],
            "start_times": "09:45"
          }
        },
        {
          "type": "Feature",
          "geometry": {
            "type": "Point",
            "coordinates": [
              121.4671367,
              25.0140276
            ]
          },
          "properties": {
            "location_id": 35,
            "chain_name": "威秀影城 / VIESHOW",
            "location_name": "板橋大遠百威秀影城",
            "map_name": "威秀影城 / VIESHOW 板橋大遠百威秀影城",
            "address": "新北市板橋區新站路28號10樓",
            "city": "新北市",
            "location_url": "https://www.vscinemas.com.tw/ShowTimes/",
            "official_url": "https://www.vscinemas.com.tw/",
            "crawl_url": "https://www.vscinemas.com.tw/ShowTimes/",
            "movie_title": "劇場版 魔法少女小圓〈瓦爾普吉斯的迴天〉",
            "show_date": "2026-09-30",
            "showtime_count": 4,
            "showtimes": [
              {
                "time": "10:00",
                "format": "(IMAX)劇場版 魔法少女小圓 〈瓦爾普吉斯的迴天〉 (普遍級)",
                "language": null,
                "auditorium": null,
                "booking_url": "https://www.vscinemas.com.tw/ShowTimes/",
                "label": "10:00 (IMAX)劇場版 魔法少女小圓 〈瓦爾普吉斯的迴天〉 (普遍級)"
              },
              {
                "time": "12:05",
                "format": "(數位)劇場版 魔法少女小圓 〈瓦爾普吉斯的迴天〉 (普遍級)",
                "language": null,
                "auditorium": null,
                "booking_url": "https://www.vscinemas.com.tw/vsTicketing/ticketing/booking.aspx?cinemacode=16&txtSessionId=761557",
                "label": "12:05 (數位)劇場版 魔法少女小圓 〈瓦爾普吉斯的迴天〉 (普遍級)"
              },
              {
                "time": "14:20",
                "format": "(數位)劇場版 魔法少女小圓 〈瓦爾普吉斯的迴天〉 (普遍級)",
                "language": null,
                "auditorium": null,
                "booking_url": "https://www.vscinemas.com.tw/vsTicketing/ticketing/booking.aspx?cinemacode=16&txtSessionId=761529",
                "label": "14:20 (數位)劇場版 魔法少女小圓 〈瓦爾普吉斯的迴天〉 (普遍級)"
              },
              {
                "time": "20:55",
                "format": "(數位)劇場版 魔法少女小圓 〈瓦爾普吉斯的迴天〉 (普遍級)",
                "language": null,
                "auditorium": null,
                "booking_url": "https://www.vscinemas.com.tw/vsTicketing/ticketing/booking.aspx?cinemacode=16&txtSessionId=761532",
                "label": "20:55 (數位)劇場版 魔法少女小圓 〈瓦爾普吉斯的迴天〉 (普遍級)"
              }
            ],
            "start_times": "10:00, 12:05, 14:20, 20:55"
          }
        },
        {
          "type": "Feature",
          "geometry": {
            "type": "Point",
            "coordinates": [
              121.363547165582,
              25.071241094298
            ]
          },
          "properties": {
            "location_id": 36,
            "chain_name": "威秀影城 / VIESHOW",
            "location_name": "林口MITSUI OUTLET PARK威秀影城",
            "map_name": "威秀影城 / VIESHOW 林口MITSUI OUTLET PARK威秀影城",
            "address": "新北市林口區文化三路一段356號3樓",
            "city": "新北市",
            "location_url": "https://www.vscinemas.com.tw/vsTicketing/ticketing/booking.aspx?cinemacode=19&txtSessionId=486975",
            "official_url": "https://www.vscinemas.com.tw/",
            "crawl_url": "https://www.vscinemas.com.tw/ShowTimes/",
            "movie_title": "劇場版 魔法少女小圓〈瓦爾普吉斯的迴天〉",
            "show_date": "2026-09-30",
            "showtime_count": 2,
            "showtimes": [
              {
                "time": "11:35",
                "format": "(數位)劇場版 魔法少女小圓 〈瓦爾普吉斯的迴天〉 (普遍級)",
                "language": null,
                "auditorium": null,
                "booking_url": "https://www.vscinemas.com.tw/vsTicketing/ticketing/booking.aspx?cinemacode=19&txtSessionId=486975",
                "label": "11:35 (數位)劇場版 魔法少女小圓 〈瓦爾普吉斯的迴天〉 (普遍級)"
              },
              {
                "time": "21:10",
                "format": "(數位)劇場版 魔法少女小圓 〈瓦爾普吉斯的迴天〉 (普遍級)",
                "language": null,
                "auditorium": null,
                "booking_url": "https://www.vscinemas.com.tw/vsTicketing/ticketing/booking.aspx?cinemacode=19&txtSessionId=486997",
                "label": "21:10 (數位)劇場版 魔法少女小圓 〈瓦爾普吉斯的迴天〉 (普遍級)"
              }
            ],
            "start_times": "11:35, 21:10"
          }
        },
        {
          "type": "Feature",
          "geometry": {
            "type": "Point",
            "coordinates": [
              121.300237045248,
              25.018843340565
            ]
          },
          "properties": {
            "location_id": 37,
            "chain_name": "威秀影城 / VIESHOW",
            "location_name": "桃園桃知道威秀影城",
            "map_name": "威秀影城 / VIESHOW 桃園桃知道威秀影城",
            "address": "桃園市桃園區南平路301號4樓",
            "city": "桃園市",
            "location_url": "https://www.vscinemas.com.tw/vsTicketing/ticketing/booking.aspx?cinemacode=33&txtSessionId=32001",
            "official_url": "https://www.vscinemas.com.tw/",
            "crawl_url": "https://www.vscinemas.com.tw/ShowTimes/",
            "movie_title": "劇場版 魔法少女小圓〈瓦爾普吉斯的迴天〉",
            "show_date": "2026-09-30",
            "showtime_count": 1,
            "showtimes": [
              {
                "time": "11:00",
                "format": "(數位)劇場版 魔法少女小圓 〈瓦爾普吉斯的迴天〉 (普遍級)",
                "language": null,
                "auditorium": null,
                "booking_url": "https://www.vscinemas.com.tw/vsTicketing/ticketing/booking.aspx?cinemacode=33&txtSessionId=32001",
                "label": "11:00 (數位)劇場版 魔法少女小圓 〈瓦爾普吉斯的迴天〉 (普遍級)"
              }
            ],
            "start_times": "11:00"
          }
        },
        {
          "type": "Feature",
          "geometry": {
            "type": "Point",
            "coordinates": [
              121.312523000553,
              24.991112991698
            ]
          },
          "properties": {
            "location_id": 38,
            "chain_name": "威秀影城 / VIESHOW",
            "location_name": "桃園統領威秀影城",
            "map_name": "威秀影城 / VIESHOW 桃園統領威秀影城",
            "address": "桃園市桃園區中正路61號9樓",
            "city": "桃園市",
            "location_url": "https://www.vscinemas.com.tw/vsTicketing/ticketing/booking.aspx?cinemacode=20&txtSessionId=751870",
            "official_url": "https://www.vscinemas.com.tw/",
            "crawl_url": "https://www.vscinemas.com.tw/ShowTimes/",
            "movie_title": "劇場版 魔法少女小圓〈瓦爾普吉斯的迴天〉",
            "show_date": "2026-09-30",
            "showtime_count": 4,
            "showtimes": [
              {
                "time": "11:45",
                "format": "(數位)劇場版 魔法少女小圓 〈瓦爾普吉斯的迴天〉 (普遍級)",
                "language": null,
                "auditorium": null,
                "booking_url": "https://www.vscinemas.com.tw/vsTicketing/ticketing/booking.aspx?cinemacode=20&txtSessionId=751870",
                "label": "11:45 (數位)劇場版 魔法少女小圓 〈瓦爾普吉斯的迴天〉 (普遍級)"
              },
              {
                "time": "15:40",
                "format": "(數位)劇場版 魔法少女小圓 〈瓦爾普吉斯的迴天〉 (普遍級)",
                "language": null,
                "auditorium": null,
                "booking_url": "https://www.vscinemas.com.tw/vsTicketing/ticketing/booking.aspx?cinemacode=20&txtSessionId=751954",
                "label": "15:40 (數位)劇場版 魔法少女小圓 〈瓦爾普吉斯的迴天〉 (普遍級)"
              },
              {
                "time": "18:00",
                "format": "(數位)劇場版 魔法少女小圓 〈瓦爾普吉斯的迴天〉 (普遍級)",
                "language": null,
                "auditorium": null,
                "booking_url": "https://www.vscinemas.com.tw/vsTicketing/ticketing/booking.aspx?cinemacode=20&txtSessionId=751955",
                "label": "18:00 (數位)劇場版 魔法少女小圓 〈瓦爾普吉斯的迴天〉 (普遍級)"
              },
              {
                "time": "22:00",
                "format": "(數位)劇場版 魔法少女小圓 〈瓦爾普吉斯的迴天〉 (普遍級)",
                "language": null,
                "auditorium": null,
                "booking_url": "https://www.vscinemas.com.tw/vsTicketing/ticketing/booking.aspx?cinemacode=20&txtSessionId=751951",
                "label": "22:00 (數位)劇場版 魔法少女小圓 〈瓦爾普吉斯的迴天〉 (普遍級)"
              }
            ],
            "start_times": "11:45, 15:40, 18:00, 22:00"
          }
        },
        {
          "type": "Feature",
          "geometry": {
            "type": "Point",
            "coordinates": [
              121.594678077023,
              23.940428728193
            ]
          },
          "properties": {
            "location_id": 39,
            "chain_name": "威秀影城 / VIESHOW",
            "location_name": "花蓮新天堂樂園威秀影城",
            "map_name": "威秀影城 / VIESHOW 花蓮新天堂樂園威秀影城",
            "address": "花蓮縣吉安鄉南濱路一段503號3樓",
            "city": "花蓮縣",
            "location_url": "https://www.vscinemas.com.tw/vsTicketing/ticketing/booking.aspx?cinemacode=22&txtSessionId=214273",
            "official_url": "https://www.vscinemas.com.tw/",
            "crawl_url": "https://www.vscinemas.com.tw/ShowTimes/",
            "movie_title": "劇場版 魔法少女小圓〈瓦爾普吉斯的迴天〉",
            "show_date": "2026-09-30",
            "showtime_count": 1,
            "showtimes": [
              {
                "time": "12:10",
                "format": "(數位)劇場版 魔法少女小圓 〈瓦爾普吉斯的迴天〉 (普遍級)",
                "language": null,
                "auditorium": null,
                "booking_url": "https://www.vscinemas.com.tw/vsTicketing/ticketing/booking.aspx?cinemacode=22&txtSessionId=214273",
                "label": "12:10 (數位)劇場版 魔法少女小圓 〈瓦爾普吉斯的迴天〉 (普遍級)"
              }
            ],
            "start_times": "12:10"
          }
        },
        {
          "type": "Feature",
          "geometry": {
            "type": "Point",
            "coordinates": [
              120.9044778187,
              24.689649677472
            ]
          },
          "properties": {
            "location_id": 40,
            "chain_name": "威秀影城 / VIESHOW",
            "location_name": "頭份尚順威秀影城",
            "map_name": "威秀影城 / VIESHOW 頭份尚順威秀影城",
            "address": "苗栗縣頭份市中央路105號7樓",
            "city": "苗栗縣",
            "location_url": "https://www.vscinemas.com.tw/vsTicketing/ticketing/booking.aspx?cinemacode=18&txtSessionId=385067",
            "official_url": "https://www.vscinemas.com.tw/",
            "crawl_url": "https://www.vscinemas.com.tw/ShowTimes/",
            "movie_title": "劇場版 魔法少女小圓〈瓦爾普吉斯的迴天〉",
            "show_date": "2026-09-30",
            "showtime_count": 1,
            "showtimes": [
              {
                "time": "17:00",
                "format": "(數位)劇場版 魔法少女小圓 〈瓦爾普吉斯的迴天〉 (普遍級)",
                "language": null,
                "auditorium": null,
                "booking_url": "https://www.vscinemas.com.tw/vsTicketing/ticketing/booking.aspx?cinemacode=18&txtSessionId=385067",
                "label": "17:00 (數位)劇場版 魔法少女小圓 〈瓦爾普吉斯的迴天〉 (普遍級)"
              }
            ],
            "start_times": "17:00"
          }
        },
        {
          "type": "Feature",
          "geometry": {
            "type": "Point",
            "coordinates": [
              120.303548975058,
              22.613424008067
            ]
          },
          "properties": {
            "location_id": 41,
            "chain_name": "威秀影城 / VIESHOW",
            "location_name": "高雄大遠百威秀影城",
            "map_name": "威秀影城 / VIESHOW 高雄大遠百威秀影城",
            "address": "高雄市苓雅區三多四路21號13樓",
            "city": "高雄市",
            "location_url": "https://www.vscinemas.com.tw/vsTicketing/ticketing/booking.aspx?cinemacode=6&txtSessionId=1853261",
            "official_url": "https://www.vscinemas.com.tw/",
            "crawl_url": "https://www.vscinemas.com.tw/ShowTimes/",
            "movie_title": "劇場版 魔法少女小圓〈瓦爾普吉斯的迴天〉",
            "show_date": "2026-09-30",
            "showtime_count": 4,
            "showtimes": [
              {
                "time": "10:00",
                "format": "(數位)劇場版 魔法少女小圓 〈瓦爾普吉斯的迴天〉 (普遍級)",
                "language": null,
                "auditorium": null,
                "booking_url": "https://www.vscinemas.com.tw/vsTicketing/ticketing/booking.aspx?cinemacode=6&txtSessionId=1853261",
                "label": "10:00 (數位)劇場版 魔法少女小圓 〈瓦爾普吉斯的迴天〉 (普遍級)"
              },
              {
                "time": "13:20",
                "format": "(數位)劇場版 魔法少女小圓 〈瓦爾普吉斯的迴天〉 (普遍級)",
                "language": null,
                "auditorium": null,
                "booking_url": "https://www.vscinemas.com.tw/vsTicketing/ticketing/booking.aspx?cinemacode=6&txtSessionId=1853249",
                "label": "13:20 (數位)劇場版 魔法少女小圓 〈瓦爾普吉斯的迴天〉 (普遍級)"
              },
              {
                "time": "16:10",
                "format": "(數位)劇場版 魔法少女小圓 〈瓦爾普吉斯的迴天〉 (普遍級)",
                "language": null,
                "auditorium": null,
                "booking_url": "https://www.vscinemas.com.tw/vsTicketing/ticketing/booking.aspx?cinemacode=6&txtSessionId=1853250",
                "label": "16:10 (數位)劇場版 魔法少女小圓 〈瓦爾普吉斯的迴天〉 (普遍級)"
              },
              {
                "time": "21:25",
                "format": "(數位)劇場版 魔法少女小圓 〈瓦爾普吉斯的迴天〉 (普遍級)",
                "language": null,
                "auditorium": null,
                "booking_url": "https://www.vscinemas.com.tw/vsTicketing/ticketing/booking.aspx?cinemacode=6&txtSessionId=1853238",
                "label": "21:25 (數位)劇場版 魔法少女小圓 〈瓦爾普吉斯的迴天〉 (普遍級)"
              }
            ],
            "start_times": "10:00, 13:20, 16:10, 21:25"
          }
        },
        {
          "type": "Feature",
          "geometry": {
            "type": "Point",
            "coordinates": [
              120.64371,
              24.16526
            ]
          },
          "properties": {
            "location_id": 43,
            "chain_name": "新光影城",
            "location_name": "新光影城台中中港",
            "map_name": "新光影城 新光影城台中中港",
            "address": "台中市西屯區臺灣大道三段301號14樓（新光三越台中中港店）",
            "city": "臺中市",
            "location_url": "https://www.skcinemas.com/films?c=1003",
            "official_url": "https://www.skcinemas.com/",
            "crawl_url": "https://www.atmovies.com.tw/showtime/t04401/a04/",
            "movie_title": "劇場版 魔法少女小圓〈瓦爾普吉斯的迴天〉",
            "show_date": "2026-09-30",
            "showtime_count": 1,
            "showtimes": [
              {
                "time": "17:35",
                "format": "日語版",
                "language": "日語",
                "auditorium": null,
                "booking_url": "https://www.skcinemas.com/films?c=1003",
                "label": "17:35 日語版"
              }
            ],
            "start_times": "17:35"
          }
        },
        {
          "type": "Feature",
          "geometry": {
            "type": "Point",
            "coordinates": [
              121.02123777733,
              24.809823168098
            ]
          },
          "properties": {
            "location_id": 52,
            "chain_name": "百老匯影城",
            "location_name": "竹北百老匯影城",
            "map_name": "百老匯影城 竹北百老匯影城",
            "address": "新竹縣竹北市自強南路36號3~5樓",
            "city": "新竹縣",
            "location_url": "https://www.broadway-cineplex.com.tw/book.html?obj=Zhubei&v25080101",
            "official_url": "https://www.broadway-cineplex.com.tw/",
            "crawl_url": "https://www.broadway-cineplex.com.tw/Movie/GetMovieList/Zhubei",
            "movie_title": "劇場版 魔法少女小圓〈瓦爾普吉斯的迴天〉",
            "show_date": "2026-09-30",
            "showtime_count": 1,
            "showtimes": [
              {
                "time": "17:00",
                "format": "數位/日語",
                "language": "日語",
                "auditorium": "11廳",
                "booking_url": "https://www.broadway-cineplex.com.tw/book.html?obj=Zhubei&v25080101",
                "label": "17:00 數位/日語 / 11廳",
                "seat_preview_url": "https://www.broadway-cineplex.com.tw/quick-view.html?obj=Zhubei,0000941,2026-09-30,17-00,0011"
              }
            ],
            "start_times": "17:00"
          }
        },
        {
          "type": "Feature",
          "geometry": {
            "type": "Point",
            "coordinates": [
              121.55751470000001,
              25.083348479857356
            ]
          },
          "properties": {
            "location_id": 79,
            "chain_name": "美麗華影城",
            "location_name": "美麗華影城",
            "map_name": "美麗華影城 美麗華影城",
            "address": "臺北市中山區金泰里敬業三路22號6樓",
            "city": "臺北市",
            "location_url": "https://www.miramarcinemas.tw/Booking/TicketType?id=f712ea38-98ec-4a09-9d4d-4228e9e1e03d&session=437650",
            "official_url": "https://www.miramarcinemas.tw/",
            "crawl_url": "https://www.miramarcinemas.tw/timetable",
            "movie_title": "劇場版 魔法少女小圓〈瓦爾普吉斯的迴天〉",
            "show_date": "2026-09-30",
            "showtime_count": 1,
            "showtimes": [
              {
                "time": "11:20",
                "format": "日文(JPN)",
                "language": "日語",
                "auditorium": null,
                "booking_url": "https://www.miramarcinemas.tw/Booking/TicketType?id=f712ea38-98ec-4a09-9d4d-4228e9e1e03d&session=437650",
                "label": "11:20 日文(JPN)"
              }
            ],
            "start_times": "11:20"
          }
        },
        {
          "type": "Feature",
          "geometry": {
            "type": "Point",
            "coordinates": [
              120.6921689,
              24.1603157
            ]
          },
          "properties": {
            "location_id": 70,
            "chain_name": "親親影城 / 親親戲院",
            "location_name": "親親影城",
            "map_name": "親親影城 / 親親戲院 親親影城",
            "address": "台中市北區北屯路14號",
            "city": "臺中市",
            "location_url": "https://www.ccmovie.com.tw/product.php?_path=product_showtimes",
            "official_url": "https://www.ccmovie.com.tw/",
            "crawl_url": "https://www.ccmovie.com.tw/product.php?_path=product_showtimes",
            "movie_title": "劇場版 魔法少女小圓〈瓦爾普吉斯的迴天〉",
            "show_date": "2026-09-30",
            "showtime_count": 1,
            "showtimes": [
              {
                "time": "12:40",
                "format": "2D-日語",
                "language": "日語",
                "auditorium": null,
                "booking_url": "https://www.ccmovie.com.tw/product.php?_path=product_showtimes",
                "label": "12:40 2D-日語"
              }
            ],
            "start_times": "12:40"
          }
        },
        {
          "type": "Feature",
          "geometry": {
            "type": "Point",
            "coordinates": [
              120.3253452,
              22.6319673
            ]
          },
          "properties": {
            "location_id": 72,
            "chain_name": "高雄環球影城",
            "location_name": "高雄環球影城",
            "map_name": "高雄環球影城 高雄環球影城",
            "address": "高雄市苓雅區大順三路108號",
            "city": "高雄市",
            "location_url": "https://www.u-movie.com.tw/cinema/page.php?page_type=now&ver=tw&portal=cinema",
            "official_url": "https://www.u-movie.com.tw/",
            "crawl_url": "https://www.u-movie.com.tw/cinema/page.php?page_type=now&ver=tw&portal=cinema",
            "movie_title": "劇場版 魔法少女小圓〈瓦爾普吉斯的迴天〉",
            "show_date": "2026-09-30",
            "showtime_count": 0,
            "showtimes": [],
            "start_times": "",
            "showtime_unavailable": true,
            "showtime_unavailable_reason": "官方時刻表暫時無法自動取得，請前往場次入口查看。"
          }
        }
      ],
      "2026-10-01": [
        {
          "type": "Feature",
          "geometry": {
            "type": "Point",
            "coordinates": [
              120.638356972783,
              24.164220012801
            ]
          },
          "properties": {
            "location_id": 1,
            "chain_name": "MUVIE CINEMAS",
            "location_name": "MUVIE CINEMAS 台中TIGER CITY",
            "map_name": "MUVIE CINEMAS MUVIE CINEMAS 台中TIGER CITY",
            "address": "台中市西屯區河南路三段120-1號4樓",
            "city": "臺中市",
            "location_url": "https://www.vscinemas.com.tw/vsTicketing/ticketing/booking.aspx?cinemacode=3&txtSessionId=1022274",
            "official_url": "https://www.vscinemas.com.tw/",
            "crawl_url": "https://www.vscinemas.com.tw/ShowTimes/",
            "movie_title": "劇場版 魔法少女小圓〈瓦爾普吉斯的迴天〉",
            "show_date": "2026-10-01",
            "showtime_count": 2,
            "showtimes": [
              {
                "time": "15:25",
                "format": "(數位)劇場版 魔法少女小圓 〈瓦爾普吉斯的迴天〉 (普遍級)",
                "language": null,
                "auditorium": null,
                "booking_url": "https://www.vscinemas.com.tw/vsTicketing/ticketing/booking.aspx?cinemacode=3&txtSessionId=1022274",
                "label": "15:25 (數位)劇場版 魔法少女小圓 〈瓦爾普吉斯的迴天〉 (普遍級)"
              },
              {
                "time": "17:45",
                "format": "(數位)劇場版 魔法少女小圓 〈瓦爾普吉斯的迴天〉 (普遍級)",
                "language": null,
                "auditorium": null,
                "booking_url": "https://www.vscinemas.com.tw/vsTicketing/ticketing/booking.aspx?cinemacode=3&txtSessionId=1022276",
                "label": "17:45 (數位)劇場版 魔法少女小圓 〈瓦爾普吉斯的迴天〉 (普遍級)"
              }
            ],
            "start_times": "15:25, 17:45"
          }
        },
        {
          "type": "Feature",
          "geometry": {
            "type": "Point",
            "coordinates": [
              120.452734194907,
              23.476437792869
            ]
          },
          "properties": {
            "location_id": 6,
            "chain_name": "in89 豪華影城",
            "location_name": "嘉義影食匯 in89豪華影城",
            "map_name": "in89 豪華影城 嘉義影食匯 in89豪華影城",
            "address": "嘉義市東區民族路328號",
            "city": "嘉義市",
            "location_url": "https://www.in89cinemax.com/film_list.aspx?TheaterId=17",
            "official_url": "https://www.in89cinemax.com/",
            "crawl_url": "https://chiayi.in89.com.tw/api/api_movie.php?method=getStagesByDate",
            "movie_title": "劇場版 魔法少女小圓〈瓦爾普吉斯的迴天〉",
            "show_date": "2026-10-01",
            "showtime_count": 1,
            "showtimes": [
              {
                "time": "18:00",
                "format": "BOOM廳(8樓)",
                "language": "日語",
                "auditorium": null,
                "booking_url": "https://www.in89cinemax.com/film_list.aspx?TheaterId=17",
                "label": "18:00 BOOM廳(8樓)"
              }
            ],
            "start_times": "18:00"
          }
        },
        {
          "type": "Feature",
          "geometry": {
            "type": "Point",
            "coordinates": [
              121.299023610213,
              24.965043219256
            ]
          },
          "properties": {
            "location_id": 11,
            "chain_name": "國賓影城",
            "location_name": "八德置地國賓影城",
            "map_name": "國賓影城 八德置地國賓影城",
            "address": "桃園市八德區介壽路一段728號3樓",
            "city": "桃園市",
            "location_url": "https://www.ambassador.com.tw/home/Showtime?ID=8fda9934-73d4-4c14-b1c4-386c2b81045c&DT=2026/10/01",
            "official_url": "https://www.ambassador.com.tw/",
            "crawl_url": "https://www.ambassador.com.tw/home/Showtime?ID=8fda9934-73d4-4c14-b1c4-386c2b81045c&DT=2026/10/01",
            "movie_title": "劇場版 魔法少女小圓〈瓦爾普吉斯的迴天〉",
            "show_date": "2026-10-01",
            "showtime_count": 1,
            "showtimes": [
              {
                "time": "18:00",
                "format": "數位‧日文版",
                "language": "日語",
                "auditorium": "1廳 205席",
                "booking_url": "https://www.ambassador.com.tw/home/Showtime?ID=8fda9934-73d4-4c14-b1c4-386c2b81045c&DT=2026/10/01",
                "label": "18:00 數位‧日文版 / 1廳 205席"
              }
            ],
            "start_times": "18:00"
          }
        },
        {
          "type": "Feature",
          "geometry": {
            "type": "Point",
            "coordinates": [
              120.493406038961,
              22.673270000458
            ]
          },
          "properties": {
            "location_id": 14,
            "chain_name": "國賓影城",
            "location_name": "屏東環球國賓影城",
            "map_name": "國賓影城 屏東環球國賓影城",
            "address": "屏東縣屏東市仁愛路90號6樓",
            "city": "屏東縣",
            "location_url": "https://www.ambassador.com.tw/home/Showtime?ID=41aae717-4464-49f4-ac26-fec2d16acbd6&DT=2026/10/01",
            "official_url": "https://www.ambassador.com.tw/",
            "crawl_url": "https://www.ambassador.com.tw/home/Showtime?ID=41aae717-4464-49f4-ac26-fec2d16acbd6&DT=2026/10/01",
            "movie_title": "劇場版 魔法少女小圓〈瓦爾普吉斯的迴天〉",
            "show_date": "2026-10-01",
            "showtime_count": 1,
            "showtimes": [
              {
                "time": "18:30",
                "format": "數位‧日文版",
                "language": "日語",
                "auditorium": "4廳 163席",
                "booking_url": "https://www.ambassador.com.tw/home/Showtime?ID=41aae717-4464-49f4-ac26-fec2d16acbd6&DT=2026/10/01",
                "label": "18:30 數位‧日文版 / 4廳 163席"
              }
            ],
            "start_times": "18:30"
          }
        },
        {
          "type": "Feature",
          "geometry": {
            "type": "Point",
            "coordinates": [
              121.458702134648,
              25.06381770366
            ]
          },
          "properties": {
            "location_id": 15,
            "chain_name": "國賓影城",
            "location_name": "新莊晶冠國賓影城",
            "map_name": "國賓影城 新莊晶冠國賓影城",
            "address": "新北市新莊區五工路66號3、4樓",
            "city": "新北市",
            "location_url": "https://www.ambassador.com.tw/home/Showtime?ID=3301d822-b385-4aa8-a9eb-aa59d58e95c9&DT=2026/10/01",
            "official_url": "https://www.ambassador.com.tw/",
            "crawl_url": "https://www.ambassador.com.tw/home/Showtime?ID=3301d822-b385-4aa8-a9eb-aa59d58e95c9&DT=2026/10/01",
            "movie_title": "劇場版 魔法少女小圓〈瓦爾普吉斯的迴天〉",
            "show_date": "2026-10-01",
            "showtime_count": 1,
            "showtimes": [
              {
                "time": "14:40",
                "format": "數位‧日文版",
                "language": "日語",
                "auditorium": "1廳 58席",
                "booking_url": "https://www.ambassador.com.tw/home/Showtime?ID=3301d822-b385-4aa8-a9eb-aa59d58e95c9&DT=2026/10/01",
                "label": "14:40 數位‧日文版 / 1廳 58席"
              }
            ],
            "start_times": "14:40"
          }
        },
        {
          "type": "Feature",
          "geometry": {
            "type": "Point",
            "coordinates": [
              121.475688899623,
              25.006077203437
            ]
          },
          "properties": {
            "location_id": 20,
            "chain_name": "威秀影城 / VIESHOW",
            "location_name": "中和環球威秀影城",
            "map_name": "威秀影城 / VIESHOW 中和環球威秀影城",
            "address": "新北市中和區中山路三段122號4樓",
            "city": "新北市",
            "location_url": "https://www.vscinemas.com.tw/vsTicketing/ticketing/booking.aspx?cinemacode=30&txtSessionId=211842",
            "official_url": "https://www.vscinemas.com.tw/",
            "crawl_url": "https://www.vscinemas.com.tw/ShowTimes/",
            "movie_title": "劇場版 魔法少女小圓〈瓦爾普吉斯的迴天〉",
            "show_date": "2026-10-01",
            "showtime_count": 1,
            "showtimes": [
              {
                "time": "11:25",
                "format": "(數位)劇場版 魔法少女小圓 〈瓦爾普吉斯的迴天〉 (普遍級)",
                "language": null,
                "auditorium": null,
                "booking_url": "https://www.vscinemas.com.tw/vsTicketing/ticketing/booking.aspx?cinemacode=30&txtSessionId=211842",
                "label": "11:25 (數位)劇場版 魔法少女小圓 〈瓦爾普吉斯的迴天〉 (普遍級)"
              }
            ],
            "start_times": "11:25"
          }
        },
        {
          "type": "Feature",
          "geometry": {
            "type": "Point",
            "coordinates": [
              120.687673995592,
              24.135473018575
            ]
          },
          "properties": {
            "location_id": 21,
            "chain_name": "威秀影城 / VIESHOW",
            "location_name": "台中iFG 遠雄廣場威秀影城",
            "map_name": "威秀影城 / VIESHOW 台中iFG 遠雄廣場威秀影城",
            "address": "台中市東區復興路四段186號4樓",
            "city": "臺中市",
            "location_url": "https://www.vscinemas.com.tw/vsTicketing/ticketing/booking.aspx?cinemacode=31&txtSessionId=186077",
            "official_url": "https://www.vscinemas.com.tw/",
            "crawl_url": "https://www.vscinemas.com.tw/ShowTimes/",
            "movie_title": "劇場版 魔法少女小圓〈瓦爾普吉斯的迴天〉",
            "show_date": "2026-10-01",
            "showtime_count": 3,
            "showtimes": [
              {
                "time": "10:55",
                "format": "(數位)劇場版 魔法少女小圓 〈瓦爾普吉斯的迴天〉 (普遍級)",
                "language": null,
                "auditorium": null,
                "booking_url": "https://www.vscinemas.com.tw/vsTicketing/ticketing/booking.aspx?cinemacode=31&txtSessionId=186077",
                "label": "10:55 (數位)劇場版 魔法少女小圓 〈瓦爾普吉斯的迴天〉 (普遍級)"
              },
              {
                "time": "13:35",
                "format": "(數位)劇場版 魔法少女小圓 〈瓦爾普吉斯的迴天〉 (普遍級)",
                "language": null,
                "auditorium": null,
                "booking_url": "https://www.vscinemas.com.tw/vsTicketing/ticketing/booking.aspx?cinemacode=31&txtSessionId=186098",
                "label": "13:35 (數位)劇場版 魔法少女小圓 〈瓦爾普吉斯的迴天〉 (普遍級)"
              },
              {
                "time": "18:05",
                "format": "(數位)劇場版 魔法少女小圓 〈瓦爾普吉斯的迴天〉 (普遍級)",
                "language": null,
                "auditorium": null,
                "booking_url": "https://www.vscinemas.com.tw/vsTicketing/ticketing/booking.aspx?cinemacode=31&txtSessionId=186113",
                "label": "18:05 (數位)劇場版 魔法少女小圓 〈瓦爾普吉斯的迴天〉 (普遍級)"
              }
            ],
            "start_times": "10:55, 13:35, 18:05"
          }
        },
        {
          "type": "Feature",
          "geometry": {
            "type": "Point",
            "coordinates": [
              121.5184321,
              25.0490792
            ]
          },
          "properties": {
            "location_id": 23,
            "chain_name": "威秀影城 / VIESHOW",
            "location_name": "台北京站威秀影城",
            "map_name": "威秀影城 / VIESHOW 台北京站威秀影城",
            "address": "台北市大同區市民大道一段209號5樓",
            "city": "臺北市",
            "location_url": "https://www.vscinemas.com.tw/vsTicketing/ticketing/booking.aspx?cinemacode=12&txtSessionId=898662",
            "official_url": "https://www.vscinemas.com.tw/",
            "crawl_url": "https://www.vscinemas.com.tw/ShowTimes/",
            "movie_title": "劇場版 魔法少女小圓〈瓦爾普吉斯的迴天〉",
            "show_date": "2026-10-01",
            "showtime_count": 3,
            "showtimes": [
              {
                "time": "09:25",
                "format": "(數位)劇場版 魔法少女小圓 〈瓦爾普吉斯的迴天〉 (普遍級)",
                "language": null,
                "auditorium": null,
                "booking_url": "https://www.vscinemas.com.tw/vsTicketing/ticketing/booking.aspx?cinemacode=12&txtSessionId=898662",
                "label": "09:25 (數位)劇場版 魔法少女小圓 〈瓦爾普吉斯的迴天〉 (普遍級)"
              },
              {
                "time": "13:50",
                "format": "(數位)劇場版 魔法少女小圓 〈瓦爾普吉斯的迴天〉 (普遍級)",
                "language": null,
                "auditorium": null,
                "booking_url": "https://www.vscinemas.com.tw/vsTicketing/ticketing/booking.aspx?cinemacode=12&txtSessionId=898650",
                "label": "13:50 (數位)劇場版 魔法少女小圓 〈瓦爾普吉斯的迴天〉 (普遍級)"
              },
              {
                "time": "18:10",
                "format": "(數位)劇場版 魔法少女小圓 〈瓦爾普吉斯的迴天〉 (普遍級)",
                "language": null,
                "auditorium": null,
                "booking_url": "https://www.vscinemas.com.tw/vsTicketing/ticketing/booking.aspx?cinemacode=12&txtSessionId=898659",
                "label": "18:10 (數位)劇場版 魔法少女小圓 〈瓦爾普吉斯的迴天〉 (普遍級)"
              }
            ],
            "start_times": "09:25, 13:50, 18:10"
          }
        },
        {
          "type": "Feature",
          "geometry": {
            "type": "Point",
            "coordinates": [
              121.567405360549,
              25.035641139855
            ]
          },
          "properties": {
            "location_id": 24,
            "chain_name": "威秀影城 / VIESHOW",
            "location_name": "台北信義威秀影城",
            "map_name": "威秀影城 / VIESHOW 台北信義威秀影城",
            "address": "台北市信義區松壽路20號2樓",
            "city": "臺北市",
            "location_url": "https://www.vscinemas.com.tw/vsTicketing/ticketing/booking.aspx?cinemacode=1&txtSessionId=1879736",
            "official_url": "https://www.vscinemas.com.tw/",
            "crawl_url": "https://www.vscinemas.com.tw/ShowTimes/",
            "movie_title": "劇場版 魔法少女小圓〈瓦爾普吉斯的迴天〉",
            "show_date": "2026-10-01",
            "showtime_count": 3,
            "showtimes": [
              {
                "time": "13:00",
                "format": "(數位)劇場版 魔法少女小圓 〈瓦爾普吉斯的迴天〉 (普遍級)",
                "language": null,
                "auditorium": null,
                "booking_url": "https://www.vscinemas.com.tw/vsTicketing/ticketing/booking.aspx?cinemacode=1&txtSessionId=1879736",
                "label": "13:00 (數位)劇場版 魔法少女小圓 〈瓦爾普吉斯的迴天〉 (普遍級)"
              },
              {
                "time": "16:45",
                "format": "(數位)劇場版 魔法少女小圓 〈瓦爾普吉斯的迴天〉 (普遍級)",
                "language": null,
                "auditorium": null,
                "booking_url": "https://www.vscinemas.com.tw/vsTicketing/ticketing/booking.aspx?cinemacode=1&txtSessionId=1879728",
                "label": "16:45 (數位)劇場版 魔法少女小圓 〈瓦爾普吉斯的迴天〉 (普遍級)"
              },
              {
                "time": "19:55",
                "format": "(數位)劇場版 魔法少女小圓 〈瓦爾普吉斯的迴天〉 (普遍級)",
                "language": null,
                "auditorium": null,
                "booking_url": "https://www.vscinemas.com.tw/vsTicketing/ticketing/booking.aspx?cinemacode=1&txtSessionId=1879734",
                "label": "19:55 (數位)劇場版 魔法少女小圓 〈瓦爾普吉斯的迴天〉 (普遍級)"
              }
            ],
            "start_times": "13:00, 16:45, 19:55"
          }
        },
        {
          "type": "Feature",
          "geometry": {
            "type": "Point",
            "coordinates": [
              121.617582534262,
              25.059344952488
            ]
          },
          "properties": {
            "location_id": 25,
            "chain_name": "威秀影城 / VIESHOW",
            "location_name": "台北南港 LaLaport威秀影城",
            "map_name": "威秀影城 / VIESHOW 台北南港 LaLaport威秀影城",
            "address": "台北市南港區經貿二路131號5樓",
            "city": "臺北市",
            "location_url": "https://www.vscinemas.com.tw/vsTicketing/ticketing/booking.aspx?cinemacode=35&txtSessionId=148473",
            "official_url": "https://www.vscinemas.com.tw/",
            "crawl_url": "https://www.vscinemas.com.tw/ShowTimes/",
            "movie_title": "劇場版 魔法少女小圓〈瓦爾普吉斯的迴天〉",
            "show_date": "2026-10-01",
            "showtime_count": 5,
            "showtimes": [
              {
                "time": "11:00",
                "format": "(數位)劇場版 魔法少女小圓 〈瓦爾普吉斯的迴天〉 (普遍級)",
                "language": null,
                "auditorium": null,
                "booking_url": "https://www.vscinemas.com.tw/vsTicketing/ticketing/booking.aspx?cinemacode=35&txtSessionId=148473",
                "label": "11:00 (數位)劇場版 魔法少女小圓 〈瓦爾普吉斯的迴天〉 (普遍級)"
              },
              {
                "time": "13:20",
                "format": "(數位)劇場版 魔法少女小圓 〈瓦爾普吉斯的迴天〉 (普遍級)",
                "language": null,
                "auditorium": null,
                "booking_url": "https://www.vscinemas.com.tw/vsTicketing/ticketing/booking.aspx?cinemacode=35&txtSessionId=148474",
                "label": "13:20 (數位)劇場版 魔法少女小圓 〈瓦爾普吉斯的迴天〉 (普遍級)"
              },
              {
                "time": "15:40",
                "format": "(數位)劇場版 魔法少女小圓 〈瓦爾普吉斯的迴天〉 (普遍級)",
                "language": null,
                "auditorium": null,
                "booking_url": "https://www.vscinemas.com.tw/vsTicketing/ticketing/booking.aspx?cinemacode=35&txtSessionId=148475",
                "label": "15:40 (數位)劇場版 魔法少女小圓 〈瓦爾普吉斯的迴天〉 (普遍級)"
              },
              {
                "time": "20:20",
                "format": "(數位)劇場版 魔法少女小圓 〈瓦爾普吉斯的迴天〉 (普遍級)",
                "language": null,
                "auditorium": null,
                "booking_url": "https://www.vscinemas.com.tw/vsTicketing/ticketing/booking.aspx?cinemacode=35&txtSessionId=148477",
                "label": "20:20 (數位)劇場版 魔法少女小圓 〈瓦爾普吉斯的迴天〉 (普遍級)"
              },
              {
                "time": "22:40",
                "format": "(數位)劇場版 魔法少女小圓 〈瓦爾普吉斯的迴天〉 (普遍級)",
                "language": null,
                "auditorium": null,
                "booking_url": "https://www.vscinemas.com.tw/vsTicketing/ticketing/booking.aspx?cinemacode=35&txtSessionId=148478",
                "label": "22:40 (數位)劇場版 魔法少女小圓 〈瓦爾普吉斯的迴天〉 (普遍級)"
              }
            ],
            "start_times": "11:00, 13:20, 15:40, 20:20, 22:40"
          }
        },
        {
          "type": "Feature",
          "geometry": {
            "type": "Point",
            "coordinates": [
              121.507210471438,
              25.043930129634
            ]
          },
          "properties": {
            "location_id": 26,
            "chain_name": "威秀影城 / VIESHOW",
            "location_name": "台北西門威秀影城",
            "map_name": "威秀影城 / VIESHOW 台北西門威秀影城",
            "address": "台北市萬華區漢中街52號7樓",
            "city": "臺北市",
            "location_url": "https://www.vscinemas.com.tw/vsTicketing/ticketing/booking.aspx?cinemacode=34&txtSessionId=88152",
            "official_url": "https://www.vscinemas.com.tw/",
            "crawl_url": "https://www.vscinemas.com.tw/ShowTimes/",
            "movie_title": "劇場版 魔法少女小圓〈瓦爾普吉斯的迴天〉",
            "show_date": "2026-10-01",
            "showtime_count": 2,
            "showtimes": [
              {
                "time": "12:20",
                "format": "(數位)劇場版 魔法少女小圓 〈瓦爾普吉斯的迴天〉 (普遍級)",
                "language": null,
                "auditorium": null,
                "booking_url": "https://www.vscinemas.com.tw/vsTicketing/ticketing/booking.aspx?cinemacode=34&txtSessionId=88152",
                "label": "12:20 (數位)劇場版 魔法少女小圓 〈瓦爾普吉斯的迴天〉 (普遍級)"
              },
              {
                "time": "16:40",
                "format": "(數位)劇場版 魔法少女小圓 〈瓦爾普吉斯的迴天〉 (普遍級)",
                "language": null,
                "auditorium": null,
                "booking_url": "https://www.vscinemas.com.tw/vsTicketing/ticketing/booking.aspx?cinemacode=34&txtSessionId=88124",
                "label": "16:40 (數位)劇場版 魔法少女小圓 〈瓦爾普吉斯的迴天〉 (普遍級)"
              }
            ],
            "start_times": "12:20, 16:40"
          }
        },
        {
          "type": "Feature",
          "geometry": {
            "type": "Point",
            "coordinates": [
              120.210166862332,
              22.995629908049
            ]
          },
          "properties": {
            "location_id": 27,
            "chain_name": "威秀影城 / VIESHOW",
            "location_name": "台南FOCUS威秀影城",
            "map_name": "威秀影城 / VIESHOW 台南FOCUS威秀影城",
            "address": "台南市中西區中山路166號11樓",
            "city": "臺南市",
            "location_url": "https://www.vscinemas.com.tw/vsTicketing/ticketing/booking.aspx?cinemacode=25&txtSessionId=307907",
            "official_url": "https://www.vscinemas.com.tw/",
            "crawl_url": "https://www.vscinemas.com.tw/ShowTimes/",
            "movie_title": "劇場版 魔法少女小圓〈瓦爾普吉斯的迴天〉",
            "show_date": "2026-10-01",
            "showtime_count": 3,
            "showtimes": [
              {
                "time": "10:05",
                "format": "(數位)劇場版 魔法少女小圓 〈瓦爾普吉斯的迴天〉 (普遍級)",
                "language": null,
                "auditorium": null,
                "booking_url": "https://www.vscinemas.com.tw/vsTicketing/ticketing/booking.aspx?cinemacode=25&txtSessionId=307907",
                "label": "10:05 (數位)劇場版 魔法少女小圓 〈瓦爾普吉斯的迴天〉 (普遍級)"
              },
              {
                "time": "14:30",
                "format": "(數位)劇場版 魔法少女小圓 〈瓦爾普吉斯的迴天〉 (普遍級)",
                "language": null,
                "auditorium": null,
                "booking_url": "https://www.vscinemas.com.tw/vsTicketing/ticketing/booking.aspx?cinemacode=25&txtSessionId=307909",
                "label": "14:30 (數位)劇場版 魔法少女小圓 〈瓦爾普吉斯的迴天〉 (普遍級)"
              },
              {
                "time": "16:50",
                "format": "(數位)劇場版 魔法少女小圓 〈瓦爾普吉斯的迴天〉 (普遍級)",
                "language": null,
                "auditorium": null,
                "booking_url": "https://www.vscinemas.com.tw/vsTicketing/ticketing/booking.aspx?cinemacode=25&txtSessionId=307910",
                "label": "16:50 (數位)劇場版 魔法少女小圓 〈瓦爾普吉斯的迴天〉 (普遍級)"
              }
            ],
            "start_times": "10:05, 14:30, 16:50"
          }
        },
        {
          "type": "Feature",
          "geometry": {
            "type": "Point",
            "coordinates": [
              120.233454974477,
              22.990581990681
            ]
          },
          "properties": {
            "location_id": 28,
            "chain_name": "威秀影城 / VIESHOW",
            "location_name": "台南南紡威秀影城",
            "map_name": "威秀影城 / VIESHOW 台南南紡威秀影城",
            "address": "台南市東區中華東路一段366號5樓",
            "city": "臺南市",
            "location_url": "https://www.vscinemas.com.tw/vsTicketing/ticketing/booking.aspx?cinemacode=17&txtSessionId=704522",
            "official_url": "https://www.vscinemas.com.tw/",
            "crawl_url": "https://www.vscinemas.com.tw/ShowTimes/",
            "movie_title": "劇場版 魔法少女小圓〈瓦爾普吉斯的迴天〉",
            "show_date": "2026-10-01",
            "showtime_count": 2,
            "showtimes": [
              {
                "time": "14:00",
                "format": "(數位)劇場版 魔法少女小圓 〈瓦爾普吉斯的迴天〉 (普遍級)",
                "language": null,
                "auditorium": null,
                "booking_url": "https://www.vscinemas.com.tw/vsTicketing/ticketing/booking.aspx?cinemacode=17&txtSessionId=704522",
                "label": "14:00 (數位)劇場版 魔法少女小圓 〈瓦爾普吉斯的迴天〉 (普遍級)"
              },
              {
                "time": "18:35",
                "format": "(數位)劇場版 魔法少女小圓 〈瓦爾普吉斯的迴天〉 (普遍級)",
                "language": null,
                "auditorium": null,
                "booking_url": "https://www.vscinemas.com.tw/vsTicketing/ticketing/booking.aspx?cinemacode=17&txtSessionId=704524",
                "label": "18:35 (數位)劇場版 魔法少女小圓 〈瓦爾普吉斯的迴天〉 (普遍級)"
              }
            ],
            "start_times": "14:00, 18:35"
          }
        },
        {
          "type": "Feature",
          "geometry": {
            "type": "Point",
            "coordinates": [
              120.205827131963,
              22.995358795391
            ]
          },
          "properties": {
            "location_id": 30,
            "chain_name": "威秀影城 / VIESHOW",
            "location_name": "台南大遠百威秀影城",
            "map_name": "威秀影城 / VIESHOW 台南大遠百威秀影城",
            "address": "台南市中西區公園路60號5樓",
            "city": "臺南市",
            "location_url": "https://www.vscinemas.com.tw/vsTicketing/ticketing/booking.aspx?cinemacode=5&txtSessionId=910202",
            "official_url": "https://www.vscinemas.com.tw/",
            "crawl_url": "https://www.vscinemas.com.tw/ShowTimes/",
            "movie_title": "劇場版 魔法少女小圓〈瓦爾普吉斯的迴天〉",
            "show_date": "2026-10-01",
            "showtime_count": 4,
            "showtimes": [
              {
                "time": "11:05",
                "format": "(數位)劇場版 魔法少女小圓 〈瓦爾普吉斯的迴天〉 (普遍級)",
                "language": null,
                "auditorium": null,
                "booking_url": "https://www.vscinemas.com.tw/vsTicketing/ticketing/booking.aspx?cinemacode=5&txtSessionId=910202",
                "label": "11:05 (數位)劇場版 魔法少女小圓 〈瓦爾普吉斯的迴天〉 (普遍級)"
              },
              {
                "time": "15:45",
                "format": "(數位)劇場版 魔法少女小圓 〈瓦爾普吉斯的迴天〉 (普遍級)",
                "language": null,
                "auditorium": null,
                "booking_url": "https://www.vscinemas.com.tw/vsTicketing/ticketing/booking.aspx?cinemacode=5&txtSessionId=910204",
                "label": "15:45 (數位)劇場版 魔法少女小圓 〈瓦爾普吉斯的迴天〉 (普遍級)"
              },
              {
                "time": "20:15",
                "format": "(數位)劇場版 魔法少女小圓 〈瓦爾普吉斯的迴天〉 (普遍級)",
                "language": null,
                "auditorium": null,
                "booking_url": "https://www.vscinemas.com.tw/vsTicketing/ticketing/booking.aspx?cinemacode=5&txtSessionId=910206",
                "label": "20:15 (數位)劇場版 魔法少女小圓 〈瓦爾普吉斯的迴天〉 (普遍級)"
              },
              {
                "time": "22:35",
                "format": "(數位)劇場版 魔法少女小圓 〈瓦爾普吉斯的迴天〉 (普遍級)",
                "language": null,
                "auditorium": null,
                "booking_url": "https://www.vscinemas.com.tw/vsTicketing/ticketing/booking.aspx?cinemacode=5&txtSessionId=910205",
                "label": "22:35 (數位)劇場版 魔法少女小圓 〈瓦爾普吉斯的迴天〉 (普遍級)"
              }
            ],
            "start_times": "11:05, 15:45, 20:15, 22:35"
          }
        },
        {
          "type": "Feature",
          "geometry": {
            "type": "Point",
            "coordinates": [
              121.5468264,
              24.9783596
            ]
          },
          "properties": {
            "location_id": 31,
            "chain_name": "威秀影城 / VIESHOW",
            "location_name": "新店裕隆城威秀影城",
            "map_name": "威秀影城 / VIESHOW 新店裕隆城威秀影城",
            "address": "新北市新店區中興路三段128號7樓",
            "city": "新北市",
            "location_url": "https://www.vscinemas.com.tw/vsTicketing/ticketing/booking.aspx?cinemacode=32&txtSessionId=165883",
            "official_url": "https://www.vscinemas.com.tw/",
            "crawl_url": "https://www.vscinemas.com.tw/ShowTimes/",
            "movie_title": "劇場版 魔法少女小圓〈瓦爾普吉斯的迴天〉",
            "show_date": "2026-10-01",
            "showtime_count": 2,
            "showtimes": [
              {
                "time": "12:10",
                "format": "(數位)劇場版 魔法少女小圓 〈瓦爾普吉斯的迴天〉 (普遍級)",
                "language": null,
                "auditorium": null,
                "booking_url": "https://www.vscinemas.com.tw/vsTicketing/ticketing/booking.aspx?cinemacode=32&txtSessionId=165883",
                "label": "12:10 (數位)劇場版 魔法少女小圓 〈瓦爾普吉斯的迴天〉 (普遍級)"
              },
              {
                "time": "16:40",
                "format": "(數位)劇場版 魔法少女小圓 〈瓦爾普吉斯的迴天〉 (普遍級)",
                "language": null,
                "auditorium": null,
                "booking_url": "https://www.vscinemas.com.tw/vsTicketing/ticketing/booking.aspx?cinemacode=32&txtSessionId=165885",
                "label": "16:40 (數位)劇場版 魔法少女小圓 〈瓦爾普吉斯的迴天〉 (普遍級)"
              }
            ],
            "start_times": "12:10, 16:40"
          }
        },
        {
          "type": "Feature",
          "geometry": {
            "type": "Point",
            "coordinates": [
              120.965210879671,
              24.802185606585
            ]
          },
          "properties": {
            "location_id": 32,
            "chain_name": "威秀影城 / VIESHOW",
            "location_name": "新竹大遠百威秀影城",
            "map_name": "威秀影城 / VIESHOW 新竹大遠百威秀影城",
            "address": "新竹市東區西大路323號8樓",
            "city": "新竹市",
            "location_url": "https://www.vscinemas.com.tw/vsTicketing/ticketing/booking.aspx?cinemacode=2&txtSessionId=1169071",
            "official_url": "https://www.vscinemas.com.tw/",
            "crawl_url": "https://www.vscinemas.com.tw/ShowTimes/",
            "movie_title": "劇場版 魔法少女小圓〈瓦爾普吉斯的迴天〉",
            "show_date": "2026-10-01",
            "showtime_count": 2,
            "showtimes": [
              {
                "time": "13:15",
                "format": "(數位)劇場版 魔法少女小圓 〈瓦爾普吉斯的迴天〉 (普遍級)",
                "language": null,
                "auditorium": null,
                "booking_url": "https://www.vscinemas.com.tw/vsTicketing/ticketing/booking.aspx?cinemacode=2&txtSessionId=1169071",
                "label": "13:15 (數位)劇場版 魔法少女小圓 〈瓦爾普吉斯的迴天〉 (普遍級)"
              },
              {
                "time": "15:00",
                "format": "(數位)劇場版 魔法少女小圓 〈瓦爾普吉斯的迴天〉 (普遍級)",
                "language": null,
                "auditorium": null,
                "booking_url": "https://www.vscinemas.com.tw/vsTicketing/ticketing/booking.aspx?cinemacode=2&txtSessionId=1169047",
                "label": "15:00 (數位)劇場版 魔法少女小圓 〈瓦爾普吉斯的迴天〉 (普遍級)"
              }
            ],
            "start_times": "13:15, 15:00"
          }
        },
        {
          "type": "Feature",
          "geometry": {
            "type": "Point",
            "coordinates": [
              120.973836863867,
              24.810126998839
            ]
          },
          "properties": {
            "location_id": 34,
            "chain_name": "威秀影城 / VIESHOW",
            "location_name": "新竹巨城威秀影城",
            "map_name": "威秀影城 / VIESHOW 新竹巨城威秀影城",
            "address": "新竹市東區民權路176號4樓",
            "city": "新竹市",
            "location_url": "https://www.vscinemas.com.tw/vsTicketing/ticketing/booking.aspx?cinemacode=14&txtSessionId=669445",
            "official_url": "https://www.vscinemas.com.tw/",
            "crawl_url": "https://www.vscinemas.com.tw/ShowTimes/",
            "movie_title": "劇場版 魔法少女小圓〈瓦爾普吉斯的迴天〉",
            "show_date": "2026-10-01",
            "showtime_count": 1,
            "showtimes": [
              {
                "time": "11:00",
                "format": "(數位)劇場版 魔法少女小圓 〈瓦爾普吉斯的迴天〉 (普遍級)",
                "language": null,
                "auditorium": null,
                "booking_url": "https://www.vscinemas.com.tw/vsTicketing/ticketing/booking.aspx?cinemacode=14&txtSessionId=669445",
                "label": "11:00 (數位)劇場版 魔法少女小圓 〈瓦爾普吉斯的迴天〉 (普遍級)"
              }
            ],
            "start_times": "11:00"
          }
        },
        {
          "type": "Feature",
          "geometry": {
            "type": "Point",
            "coordinates": [
              121.4671367,
              25.0140276
            ]
          },
          "properties": {
            "location_id": 35,
            "chain_name": "威秀影城 / VIESHOW",
            "location_name": "板橋大遠百威秀影城",
            "map_name": "威秀影城 / VIESHOW 板橋大遠百威秀影城",
            "address": "新北市板橋區新站路28號10樓",
            "city": "新北市",
            "location_url": "https://www.vscinemas.com.tw/vsTicketing/ticketing/booking.aspx?cinemacode=16&txtSessionId=761984",
            "official_url": "https://www.vscinemas.com.tw/",
            "crawl_url": "https://www.vscinemas.com.tw/ShowTimes/",
            "movie_title": "劇場版 魔法少女小圓〈瓦爾普吉斯的迴天〉",
            "show_date": "2026-10-01",
            "showtime_count": 3,
            "showtimes": [
              {
                "time": "10:50",
                "format": "(數位)劇場版 魔法少女小圓 〈瓦爾普吉斯的迴天〉 (普遍級)",
                "language": null,
                "auditorium": null,
                "booking_url": "https://www.vscinemas.com.tw/vsTicketing/ticketing/booking.aspx?cinemacode=16&txtSessionId=761984",
                "label": "10:50 (數位)劇場版 魔法少女小圓 〈瓦爾普吉斯的迴天〉 (普遍級)"
              },
              {
                "time": "14:25",
                "format": "(數位)劇場版 魔法少女小圓 〈瓦爾普吉斯的迴天〉 (普遍級)",
                "language": null,
                "auditorium": null,
                "booking_url": "https://www.vscinemas.com.tw/vsTicketing/ticketing/booking.aspx?cinemacode=16&txtSessionId=761983",
                "label": "14:25 (數位)劇場版 魔法少女小圓 〈瓦爾普吉斯的迴天〉 (普遍級)"
              },
              {
                "time": "19:00",
                "format": "(數位)劇場版 魔法少女小圓 〈瓦爾普吉斯的迴天〉 (普遍級)",
                "language": null,
                "auditorium": null,
                "booking_url": "https://www.vscinemas.com.tw/vsTicketing/ticketing/booking.aspx?cinemacode=16&txtSessionId=761987",
                "label": "19:00 (數位)劇場版 魔法少女小圓 〈瓦爾普吉斯的迴天〉 (普遍級)"
              }
            ],
            "start_times": "10:50, 14:25, 19:00"
          }
        },
        {
          "type": "Feature",
          "geometry": {
            "type": "Point",
            "coordinates": [
              121.363547165582,
              25.071241094298
            ]
          },
          "properties": {
            "location_id": 36,
            "chain_name": "威秀影城 / VIESHOW",
            "location_name": "林口MITSUI OUTLET PARK威秀影城",
            "map_name": "威秀影城 / VIESHOW 林口MITSUI OUTLET PARK威秀影城",
            "address": "新北市林口區文化三路一段356號3樓",
            "city": "新北市",
            "location_url": "https://www.vscinemas.com.tw/vsTicketing/ticketing/booking.aspx?cinemacode=19&txtSessionId=487216",
            "official_url": "https://www.vscinemas.com.tw/",
            "crawl_url": "https://www.vscinemas.com.tw/ShowTimes/",
            "movie_title": "劇場版 魔法少女小圓〈瓦爾普吉斯的迴天〉",
            "show_date": "2026-10-01",
            "showtime_count": 2,
            "showtimes": [
              {
                "time": "11:50",
                "format": "(數位)劇場版 魔法少女小圓 〈瓦爾普吉斯的迴天〉 (普遍級)",
                "language": null,
                "auditorium": null,
                "booking_url": "https://www.vscinemas.com.tw/vsTicketing/ticketing/booking.aspx?cinemacode=19&txtSessionId=487216",
                "label": "11:50 (數位)劇場版 魔法少女小圓 〈瓦爾普吉斯的迴天〉 (普遍級)"
              },
              {
                "time": "18:35",
                "format": "(數位)劇場版 魔法少女小圓 〈瓦爾普吉斯的迴天〉 (普遍級)",
                "language": null,
                "auditorium": null,
                "booking_url": "https://www.vscinemas.com.tw/vsTicketing/ticketing/booking.aspx?cinemacode=19&txtSessionId=487195",
                "label": "18:35 (數位)劇場版 魔法少女小圓 〈瓦爾普吉斯的迴天〉 (普遍級)"
              }
            ],
            "start_times": "11:50, 18:35"
          }
        },
        {
          "type": "Feature",
          "geometry": {
            "type": "Point",
            "coordinates": [
              121.300237045248,
              25.018843340565
            ]
          },
          "properties": {
            "location_id": 37,
            "chain_name": "威秀影城 / VIESHOW",
            "location_name": "桃園桃知道威秀影城",
            "map_name": "威秀影城 / VIESHOW 桃園桃知道威秀影城",
            "address": "桃園市桃園區南平路301號4樓",
            "city": "桃園市",
            "location_url": "https://www.vscinemas.com.tw/vsTicketing/ticketing/booking.aspx?cinemacode=33&txtSessionId=32088",
            "official_url": "https://www.vscinemas.com.tw/",
            "crawl_url": "https://www.vscinemas.com.tw/ShowTimes/",
            "movie_title": "劇場版 魔法少女小圓〈瓦爾普吉斯的迴天〉",
            "show_date": "2026-10-01",
            "showtime_count": 1,
            "showtimes": [
              {
                "time": "13:00",
                "format": "(數位)劇場版 魔法少女小圓 〈瓦爾普吉斯的迴天〉 (普遍級)",
                "language": null,
                "auditorium": null,
                "booking_url": "https://www.vscinemas.com.tw/vsTicketing/ticketing/booking.aspx?cinemacode=33&txtSessionId=32088",
                "label": "13:00 (數位)劇場版 魔法少女小圓 〈瓦爾普吉斯的迴天〉 (普遍級)"
              }
            ],
            "start_times": "13:00"
          }
        },
        {
          "type": "Feature",
          "geometry": {
            "type": "Point",
            "coordinates": [
              121.312523000553,
              24.991112991698
            ]
          },
          "properties": {
            "location_id": 38,
            "chain_name": "威秀影城 / VIESHOW",
            "location_name": "桃園統領威秀影城",
            "map_name": "威秀影城 / VIESHOW 桃園統領威秀影城",
            "address": "桃園市桃園區中正路61號9樓",
            "city": "桃園市",
            "location_url": "https://www.vscinemas.com.tw/vsTicketing/ticketing/booking.aspx?cinemacode=20&txtSessionId=752788",
            "official_url": "https://www.vscinemas.com.tw/",
            "crawl_url": "https://www.vscinemas.com.tw/ShowTimes/",
            "movie_title": "劇場版 魔法少女小圓〈瓦爾普吉斯的迴天〉",
            "show_date": "2026-10-01",
            "showtime_count": 4,
            "showtimes": [
              {
                "time": "11:45",
                "format": "(數位)劇場版 魔法少女小圓 〈瓦爾普吉斯的迴天〉 (普遍級)",
                "language": null,
                "auditorium": null,
                "booking_url": "https://www.vscinemas.com.tw/vsTicketing/ticketing/booking.aspx?cinemacode=20&txtSessionId=752788",
                "label": "11:45 (數位)劇場版 魔法少女小圓 〈瓦爾普吉斯的迴天〉 (普遍級)"
              },
              {
                "time": "15:40",
                "format": "(數位)劇場版 魔法少女小圓 〈瓦爾普吉斯的迴天〉 (普遍級)",
                "language": null,
                "auditorium": null,
                "booking_url": "https://www.vscinemas.com.tw/vsTicketing/ticketing/booking.aspx?cinemacode=20&txtSessionId=752813",
                "label": "15:40 (數位)劇場版 魔法少女小圓 〈瓦爾普吉斯的迴天〉 (普遍級)"
              },
              {
                "time": "18:00",
                "format": "(數位)劇場版 魔法少女小圓 〈瓦爾普吉斯的迴天〉 (普遍級)",
                "language": null,
                "auditorium": null,
                "booking_url": "https://www.vscinemas.com.tw/vsTicketing/ticketing/booking.aspx?cinemacode=20&txtSessionId=752814",
                "label": "18:00 (數位)劇場版 魔法少女小圓 〈瓦爾普吉斯的迴天〉 (普遍級)"
              },
              {
                "time": "21:35",
                "format": "(數位)劇場版 魔法少女小圓 〈瓦爾普吉斯的迴天〉 (普遍級)",
                "language": null,
                "auditorium": null,
                "booking_url": "https://www.vscinemas.com.tw/vsTicketing/ticketing/booking.aspx?cinemacode=20&txtSessionId=752865",
                "label": "21:35 (數位)劇場版 魔法少女小圓 〈瓦爾普吉斯的迴天〉 (普遍級)"
              }
            ],
            "start_times": "11:45, 15:40, 18:00, 21:35"
          }
        },
        {
          "type": "Feature",
          "geometry": {
            "type": "Point",
            "coordinates": [
              121.594678077023,
              23.940428728193
            ]
          },
          "properties": {
            "location_id": 39,
            "chain_name": "威秀影城 / VIESHOW",
            "location_name": "花蓮新天堂樂園威秀影城",
            "map_name": "威秀影城 / VIESHOW 花蓮新天堂樂園威秀影城",
            "address": "花蓮縣吉安鄉南濱路一段503號3樓",
            "city": "花蓮縣",
            "location_url": "https://www.vscinemas.com.tw/vsTicketing/ticketing/booking.aspx?cinemacode=22&txtSessionId=214545",
            "official_url": "https://www.vscinemas.com.tw/",
            "crawl_url": "https://www.vscinemas.com.tw/ShowTimes/",
            "movie_title": "劇場版 魔法少女小圓〈瓦爾普吉斯的迴天〉",
            "show_date": "2026-10-01",
            "showtime_count": 2,
            "showtimes": [
              {
                "time": "12:10",
                "format": "(數位)劇場版 魔法少女小圓 〈瓦爾普吉斯的迴天〉 (普遍級)",
                "language": null,
                "auditorium": null,
                "booking_url": "https://www.vscinemas.com.tw/vsTicketing/ticketing/booking.aspx?cinemacode=22&txtSessionId=214545",
                "label": "12:10 (數位)劇場版 魔法少女小圓 〈瓦爾普吉斯的迴天〉 (普遍級)"
              },
              {
                "time": "16:35",
                "format": "(數位)劇場版 魔法少女小圓 〈瓦爾普吉斯的迴天〉 (普遍級)",
                "language": null,
                "auditorium": null,
                "booking_url": "https://www.vscinemas.com.tw/vsTicketing/ticketing/booking.aspx?cinemacode=22&txtSessionId=214553",
                "label": "16:35 (數位)劇場版 魔法少女小圓 〈瓦爾普吉斯的迴天〉 (普遍級)"
              }
            ],
            "start_times": "12:10, 16:35"
          }
        },
        {
          "type": "Feature",
          "geometry": {
            "type": "Point",
            "coordinates": [
              120.9044778187,
              24.689649677472
            ]
          },
          "properties": {
            "location_id": 40,
            "chain_name": "威秀影城 / VIESHOW",
            "location_name": "頭份尚順威秀影城",
            "map_name": "威秀影城 / VIESHOW 頭份尚順威秀影城",
            "address": "苗栗縣頭份市中央路105號7樓",
            "city": "苗栗縣",
            "location_url": "https://www.vscinemas.com.tw/vsTicketing/ticketing/booking.aspx?cinemacode=18&txtSessionId=385376",
            "official_url": "https://www.vscinemas.com.tw/",
            "crawl_url": "https://www.vscinemas.com.tw/ShowTimes/",
            "movie_title": "劇場版 魔法少女小圓〈瓦爾普吉斯的迴天〉",
            "show_date": "2026-10-01",
            "showtime_count": 1,
            "showtimes": [
              {
                "time": "11:20",
                "format": "(數位)劇場版 魔法少女小圓 〈瓦爾普吉斯的迴天〉 (普遍級)",
                "language": null,
                "auditorium": null,
                "booking_url": "https://www.vscinemas.com.tw/vsTicketing/ticketing/booking.aspx?cinemacode=18&txtSessionId=385376",
                "label": "11:20 (數位)劇場版 魔法少女小圓 〈瓦爾普吉斯的迴天〉 (普遍級)"
              }
            ],
            "start_times": "11:20"
          }
        },
        {
          "type": "Feature",
          "geometry": {
            "type": "Point",
            "coordinates": [
              120.303548975058,
              22.613424008067
            ]
          },
          "properties": {
            "location_id": 41,
            "chain_name": "威秀影城 / VIESHOW",
            "location_name": "高雄大遠百威秀影城",
            "map_name": "威秀影城 / VIESHOW 高雄大遠百威秀影城",
            "address": "高雄市苓雅區三多四路21號13樓",
            "city": "高雄市",
            "location_url": "https://www.vscinemas.com.tw/vsTicketing/ticketing/booking.aspx?cinemacode=6&txtSessionId=1854240",
            "official_url": "https://www.vscinemas.com.tw/",
            "crawl_url": "https://www.vscinemas.com.tw/ShowTimes/",
            "movie_title": "劇場版 魔法少女小圓〈瓦爾普吉斯的迴天〉",
            "show_date": "2026-10-01",
            "showtime_count": 4,
            "showtimes": [
              {
                "time": "10:30",
                "format": "(數位)劇場版 魔法少女小圓 〈瓦爾普吉斯的迴天〉 (普遍級)",
                "language": null,
                "auditorium": null,
                "booking_url": "https://www.vscinemas.com.tw/vsTicketing/ticketing/booking.aspx?cinemacode=6&txtSessionId=1854240",
                "label": "10:30 (數位)劇場版 魔法少女小圓 〈瓦爾普吉斯的迴天〉 (普遍級)"
              },
              {
                "time": "13:20",
                "format": "(數位)劇場版 魔法少女小圓 〈瓦爾普吉斯的迴天〉 (普遍級)",
                "language": null,
                "auditorium": null,
                "booking_url": "https://www.vscinemas.com.tw/vsTicketing/ticketing/booking.aspx?cinemacode=6&txtSessionId=1854213",
                "label": "13:20 (數位)劇場版 魔法少女小圓 〈瓦爾普吉斯的迴天〉 (普遍級)"
              },
              {
                "time": "16:40",
                "format": "(數位)劇場版 魔法少女小圓 〈瓦爾普吉斯的迴天〉 (普遍級)",
                "language": null,
                "auditorium": null,
                "booking_url": "https://www.vscinemas.com.tw/vsTicketing/ticketing/booking.aspx?cinemacode=6&txtSessionId=1854239",
                "label": "16:40 (數位)劇場版 魔法少女小圓 〈瓦爾普吉斯的迴天〉 (普遍級)"
              },
              {
                "time": "21:25",
                "format": "(數位)劇場版 魔法少女小圓 〈瓦爾普吉斯的迴天〉 (普遍級)",
                "language": null,
                "auditorium": null,
                "booking_url": "https://www.vscinemas.com.tw/vsTicketing/ticketing/booking.aspx?cinemacode=6&txtSessionId=1854191",
                "label": "21:25 (數位)劇場版 魔法少女小圓 〈瓦爾普吉斯的迴天〉 (普遍級)"
              }
            ],
            "start_times": "10:30, 13:20, 16:40, 21:25"
          }
        },
        {
          "type": "Feature",
          "geometry": {
            "type": "Point",
            "coordinates": [
              121.55751470000001,
              25.083348479857356
            ]
          },
          "properties": {
            "location_id": 79,
            "chain_name": "美麗華影城",
            "location_name": "美麗華影城",
            "map_name": "美麗華影城 美麗華影城",
            "address": "臺北市中山區金泰里敬業三路22號6樓",
            "city": "臺北市",
            "location_url": "https://www.miramarcinemas.tw/Booking/TicketType?id=f712ea38-98ec-4a09-9d4d-4228e9e1e03d&session=437877",
            "official_url": "https://www.miramarcinemas.tw/",
            "crawl_url": "https://www.miramarcinemas.tw/timetable",
            "movie_title": "劇場版 魔法少女小圓〈瓦爾普吉斯的迴天〉",
            "show_date": "2026-10-01",
            "showtime_count": 1,
            "showtimes": [
              {
                "time": "23:10",
                "format": "日文(JPN)",
                "language": "日語",
                "auditorium": null,
                "booking_url": "https://www.miramarcinemas.tw/Booking/TicketType?id=f712ea38-98ec-4a09-9d4d-4228e9e1e03d&session=437877",
                "label": "23:10 日文(JPN)"
              }
            ],
            "start_times": "23:10"
          }
        },
        {
          "type": "Feature",
          "geometry": {
            "type": "Point",
            "coordinates": [
              120.6921689,
              24.1603157
            ]
          },
          "properties": {
            "location_id": 70,
            "chain_name": "親親影城 / 親親戲院",
            "location_name": "親親影城",
            "map_name": "親親影城 / 親親戲院 親親影城",
            "address": "台中市北區北屯路14號",
            "city": "臺中市",
            "location_url": "https://www.ccmovie.com.tw/product.php?_path=product_showtimes",
            "official_url": "https://www.ccmovie.com.tw/",
            "crawl_url": "https://www.ccmovie.com.tw/product.php?_path=product_showtimes",
            "movie_title": "劇場版 魔法少女小圓〈瓦爾普吉斯的迴天〉",
            "show_date": "2026-10-01",
            "showtime_count": 1,
            "showtimes": [
              {
                "time": "17:50",
                "format": "2D-日語",
                "language": "日語",
                "auditorium": null,
                "booking_url": "https://www.ccmovie.com.tw/product.php?_path=product_showtimes",
                "label": "17:50 2D-日語"
              }
            ],
            "start_times": "17:50"
          }
        }
      ],
      "2026-10-02": [
        {
          "type": "Feature",
          "geometry": {
            "type": "Point",
            "coordinates": [
              120.452734194907,
              23.476437792869
            ]
          },
          "properties": {
            "location_id": 6,
            "chain_name": "in89 豪華影城",
            "location_name": "嘉義影食匯 in89豪華影城",
            "map_name": "in89 豪華影城 嘉義影食匯 in89豪華影城",
            "address": "嘉義市東區民族路328號",
            "city": "嘉義市",
            "location_url": "https://www.in89cinemax.com/film_list.aspx?TheaterId=17",
            "official_url": "https://www.in89cinemax.com/",
            "crawl_url": "https://chiayi.in89.com.tw/api/api_movie.php?method=getStagesByDate",
            "movie_title": "劇場版 魔法少女小圓〈瓦爾普吉斯的迴天〉",
            "show_date": "2026-10-02",
            "showtime_count": 1,
            "showtimes": [
              {
                "time": "18:10",
                "format": "BOOM廳(8樓)",
                "language": "日語",
                "auditorium": null,
                "booking_url": "https://www.in89cinemax.com/film_list.aspx?TheaterId=17",
                "label": "18:10 BOOM廳(8樓)"
              }
            ],
            "start_times": "18:10"
          }
        }
      ],
      "2026-10-03": [
        {
          "type": "Feature",
          "geometry": {
            "type": "Point",
            "coordinates": [
              120.638356972783,
              24.164220012801
            ]
          },
          "properties": {
            "location_id": 1,
            "chain_name": "MUVIE CINEMAS",
            "location_name": "MUVIE CINEMAS 台中TIGER CITY",
            "map_name": "MUVIE CINEMAS MUVIE CINEMAS 台中TIGER CITY",
            "address": "台中市西屯區河南路三段120-1號4樓",
            "city": "臺中市",
            "location_url": "https://www.vscinemas.com.tw/vsTicketing/ticketing/booking.aspx?cinemacode=3&txtSessionId=1022446",
            "official_url": "https://www.vscinemas.com.tw/",
            "crawl_url": "https://www.vscinemas.com.tw/ShowTimes/",
            "movie_title": "劇場版 魔法少女小圓〈瓦爾普吉斯的迴天〉",
            "show_date": "2026-10-03",
            "showtime_count": 1,
            "showtimes": [
              {
                "time": "17:20",
                "format": "(特別場)劇場版 魔法少女小圓 〈瓦爾普吉斯的迴天〉 (普遍級)",
                "language": null,
                "auditorium": null,
                "booking_url": "https://www.vscinemas.com.tw/vsTicketing/ticketing/booking.aspx?cinemacode=3&txtSessionId=1022446",
                "label": "17:20 (特別場)劇場版 魔法少女小圓 〈瓦爾普吉斯的迴天〉 (普遍級)"
              }
            ],
            "start_times": "17:20"
          }
        },
        {
          "type": "Feature",
          "geometry": {
            "type": "Point",
            "coordinates": [
              120.452734194907,
              23.476437792869
            ]
          },
          "properties": {
            "location_id": 6,
            "chain_name": "in89 豪華影城",
            "location_name": "嘉義影食匯 in89豪華影城",
            "map_name": "in89 豪華影城 嘉義影食匯 in89豪華影城",
            "address": "嘉義市東區民族路328號",
            "city": "嘉義市",
            "location_url": "https://www.in89cinemax.com/film_list.aspx?TheaterId=17",
            "official_url": "https://www.in89cinemax.com/",
            "crawl_url": "https://chiayi.in89.com.tw/api/api_movie.php?method=getStagesByDate",
            "movie_title": "劇場版 魔法少女小圓〈瓦爾普吉斯的迴天〉",
            "show_date": "2026-10-03",
            "showtime_count": 1,
            "showtimes": [
              {
                "time": "18:10",
                "format": "BOOM廳(8樓)",
                "language": "日語",
                "auditorium": null,
                "booking_url": "https://www.in89cinemax.com/film_list.aspx?TheaterId=17",
                "label": "18:10 BOOM廳(8樓)"
              }
            ],
            "start_times": "18:10"
          }
        },
        {
          "type": "Feature",
          "geometry": {
            "type": "Point",
            "coordinates": [
              121.507210471438,
              25.043930129634
            ]
          },
          "properties": {
            "location_id": 26,
            "chain_name": "威秀影城 / VIESHOW",
            "location_name": "台北西門威秀影城",
            "map_name": "威秀影城 / VIESHOW 台北西門威秀影城",
            "address": "台北市萬華區漢中街52號7樓",
            "city": "臺北市",
            "location_url": "https://www.vscinemas.com.tw/vsTicketing/ticketing/booking.aspx?cinemacode=34&txtSessionId=88196",
            "official_url": "https://www.vscinemas.com.tw/",
            "crawl_url": "https://www.vscinemas.com.tw/ShowTimes/",
            "movie_title": "劇場版 魔法少女小圓〈瓦爾普吉斯的迴天〉",
            "show_date": "2026-10-03",
            "showtime_count": 1,
            "showtimes": [
              {
                "time": "12:10",
                "format": "(特別場)劇場版 魔法少女小圓 〈瓦爾普吉斯的迴天〉 (普遍級)",
                "language": null,
                "auditorium": null,
                "booking_url": "https://www.vscinemas.com.tw/vsTicketing/ticketing/booking.aspx?cinemacode=34&txtSessionId=88196",
                "label": "12:10 (特別場)劇場版 魔法少女小圓 〈瓦爾普吉斯的迴天〉 (普遍級)"
              }
            ],
            "start_times": "12:10"
          }
        },
        {
          "type": "Feature",
          "geometry": {
            "type": "Point",
            "coordinates": [
              120.205827131963,
              22.995358795391
            ]
          },
          "properties": {
            "location_id": 30,
            "chain_name": "威秀影城 / VIESHOW",
            "location_name": "台南大遠百威秀影城",
            "map_name": "威秀影城 / VIESHOW 台南大遠百威秀影城",
            "address": "台南市中西區公園路60號5樓",
            "city": "臺南市",
            "location_url": "https://www.vscinemas.com.tw/vsTicketing/ticketing/booking.aspx?cinemacode=5&txtSessionId=910335",
            "official_url": "https://www.vscinemas.com.tw/",
            "crawl_url": "https://www.vscinemas.com.tw/ShowTimes/",
            "movie_title": "劇場版 魔法少女小圓〈瓦爾普吉斯的迴天〉",
            "show_date": "2026-10-03",
            "showtime_count": 1,
            "showtimes": [
              {
                "time": "15:45",
                "format": "(特別場)劇場版 魔法少女小圓 〈瓦爾普吉斯的迴天〉 (普遍級)",
                "language": null,
                "auditorium": null,
                "booking_url": "https://www.vscinemas.com.tw/vsTicketing/ticketing/booking.aspx?cinemacode=5&txtSessionId=910335",
                "label": "15:45 (特別場)劇場版 魔法少女小圓 〈瓦爾普吉斯的迴天〉 (普遍級)"
              }
            ],
            "start_times": "15:45"
          }
        },
        {
          "type": "Feature",
          "geometry": {
            "type": "Point",
            "coordinates": [
              121.5468264,
              24.9783596
            ]
          },
          "properties": {
            "location_id": 31,
            "chain_name": "威秀影城 / VIESHOW",
            "location_name": "新店裕隆城威秀影城",
            "map_name": "威秀影城 / VIESHOW 新店裕隆城威秀影城",
            "address": "新北市新店區中興路三段128號7樓",
            "city": "新北市",
            "location_url": "https://www.vscinemas.com.tw/vsTicketing/ticketing/booking.aspx?cinemacode=32&txtSessionId=165369",
            "official_url": "https://www.vscinemas.com.tw/",
            "crawl_url": "https://www.vscinemas.com.tw/ShowTimes/",
            "movie_title": "劇場版 魔法少女小圓〈瓦爾普吉斯的迴天〉",
            "show_date": "2026-10-03",
            "showtime_count": 1,
            "showtimes": [
              {
                "time": "15:20",
                "format": "(特別場)劇場版 魔法少女小圓 〈瓦爾普吉斯的迴天〉 (普遍級)",
                "language": null,
                "auditorium": null,
                "booking_url": "https://www.vscinemas.com.tw/vsTicketing/ticketing/booking.aspx?cinemacode=32&txtSessionId=165369",
                "label": "15:20 (特別場)劇場版 魔法少女小圓 〈瓦爾普吉斯的迴天〉 (普遍級)"
              }
            ],
            "start_times": "15:20"
          }
        },
        {
          "type": "Feature",
          "geometry": {
            "type": "Point",
            "coordinates": [
              121.4671367,
              25.0140276
            ]
          },
          "properties": {
            "location_id": 35,
            "chain_name": "威秀影城 / VIESHOW",
            "location_name": "板橋大遠百威秀影城",
            "map_name": "威秀影城 / VIESHOW 板橋大遠百威秀影城",
            "address": "新北市板橋區新站路28號10樓",
            "city": "新北市",
            "location_url": "https://www.vscinemas.com.tw/vsTicketing/ticketing/booking.aspx?cinemacode=16&txtSessionId=761990",
            "official_url": "https://www.vscinemas.com.tw/",
            "crawl_url": "https://www.vscinemas.com.tw/ShowTimes/",
            "movie_title": "劇場版 魔法少女小圓〈瓦爾普吉斯的迴天〉",
            "show_date": "2026-10-03",
            "showtime_count": 1,
            "showtimes": [
              {
                "time": "15:45",
                "format": "(特別場)劇場版 魔法少女小圓 〈瓦爾普吉斯的迴天〉 (普遍級)",
                "language": null,
                "auditorium": null,
                "booking_url": "https://www.vscinemas.com.tw/vsTicketing/ticketing/booking.aspx?cinemacode=16&txtSessionId=761990",
                "label": "15:45 (特別場)劇場版 魔法少女小圓 〈瓦爾普吉斯的迴天〉 (普遍級)"
              }
            ],
            "start_times": "15:45"
          }
        },
        {
          "type": "Feature",
          "geometry": {
            "type": "Point",
            "coordinates": [
              120.303548975058,
              22.613424008067
            ]
          },
          "properties": {
            "location_id": 41,
            "chain_name": "威秀影城 / VIESHOW",
            "location_name": "高雄大遠百威秀影城",
            "map_name": "威秀影城 / VIESHOW 高雄大遠百威秀影城",
            "address": "高雄市苓雅區三多四路21號13樓",
            "city": "高雄市",
            "location_url": "https://www.vscinemas.com.tw/vsTicketing/ticketing/booking.aspx?cinemacode=6&txtSessionId=1853556",
            "official_url": "https://www.vscinemas.com.tw/",
            "crawl_url": "https://www.vscinemas.com.tw/ShowTimes/",
            "movie_title": "劇場版 魔法少女小圓〈瓦爾普吉斯的迴天〉",
            "show_date": "2026-10-03",
            "showtime_count": 1,
            "showtimes": [
              {
                "time": "10:00",
                "format": "(特別場)劇場版 魔法少女小圓 〈瓦爾普吉斯的迴天〉 (普遍級)",
                "language": null,
                "auditorium": null,
                "booking_url": "https://www.vscinemas.com.tw/vsTicketing/ticketing/booking.aspx?cinemacode=6&txtSessionId=1853556",
                "label": "10:00 (特別場)劇場版 魔法少女小圓 〈瓦爾普吉斯的迴天〉 (普遍級)"
              }
            ],
            "start_times": "10:00"
          }
        }
      ],
      "2026-10-04": [
        {
          "type": "Feature",
          "geometry": {
            "type": "Point",
            "coordinates": [
              120.452734194907,
              23.476437792869
            ]
          },
          "properties": {
            "location_id": 6,
            "chain_name": "in89 豪華影城",
            "location_name": "嘉義影食匯 in89豪華影城",
            "map_name": "in89 豪華影城 嘉義影食匯 in89豪華影城",
            "address": "嘉義市東區民族路328號",
            "city": "嘉義市",
            "location_url": "https://www.in89cinemax.com/film_list.aspx?TheaterId=17",
            "official_url": "https://www.in89cinemax.com/",
            "crawl_url": "https://chiayi.in89.com.tw/api/api_movie.php?method=getStagesByDate",
            "movie_title": "劇場版 魔法少女小圓〈瓦爾普吉斯的迴天〉",
            "show_date": "2026-10-04",
            "showtime_count": 1,
            "showtimes": [
              {
                "time": "18:10",
                "format": "BOOM廳(8樓)",
                "language": "日語",
                "auditorium": null,
                "booking_url": "https://www.in89cinemax.com/film_list.aspx?TheaterId=17",
                "label": "18:10 BOOM廳(8樓)"
              }
            ],
            "start_times": "18:10"
          }
        }
      ]
    },
    "名偵探柯南 高速公路的墮天使": {
      "2026-09-30": [
        {
          "type": "Feature",
          "geometry": {
            "type": "Point",
            "coordinates": [
              120.210166862332,
              22.995629908049
            ]
          },
          "properties": {
            "location_id": 27,
            "chain_name": "威秀影城 / VIESHOW",
            "location_name": "台南FOCUS威秀影城",
            "map_name": "威秀影城 / VIESHOW 台南FOCUS威秀影城",
            "address": "台南市中西區中山路166號11樓",
            "city": "臺南市",
            "location_url": "https://www.vscinemas.com.tw/vsTicketing/ticketing/booking.aspx?cinemacode=25&txtSessionId=307790",
            "official_url": "https://www.vscinemas.com.tw/",
            "crawl_url": "https://www.vscinemas.com.tw/ShowTimes/",
            "movie_title": "名偵探柯南 高速公路的墮天使",
            "show_date": "2026-09-30",
            "showtime_count": 1,
            "showtimes": [
              {
                "time": "15:50",
                "format": "(數位 日)名偵探柯南 高速公路的墮天使 (普遍級)",
                "language": null,
                "auditorium": null,
                "booking_url": "https://www.vscinemas.com.tw/vsTicketing/ticketing/booking.aspx?cinemacode=25&txtSessionId=307790",
                "label": "15:50 (數位 日)名偵探柯南 高速公路的墮天使 (普遍級)"
              }
            ],
            "start_times": "15:50"
          }
        },
        {
          "type": "Feature",
          "geometry": {
            "type": "Point",
            "coordinates": [
              120.3253452,
              22.6319673
            ]
          },
          "properties": {
            "location_id": 72,
            "chain_name": "高雄環球影城",
            "location_name": "高雄環球影城",
            "map_name": "高雄環球影城 高雄環球影城",
            "address": "高雄市苓雅區大順三路108號",
            "city": "高雄市",
            "location_url": "https://www.u-movie.com.tw/cinema/page.php?page_type=now&ver=tw&portal=cinema",
            "official_url": "https://www.u-movie.com.tw/",
            "crawl_url": "https://www.u-movie.com.tw/cinema/page.php?page_type=now&ver=tw&portal=cinema",
            "movie_title": "名偵探柯南 高速公路的墮天使",
            "show_date": "2026-09-30",
            "showtime_count": 0,
            "showtimes": [],
            "start_times": "",
            "showtime_unavailable": true,
            "showtime_unavailable_reason": "官方時刻表暫時無法自動取得，請前往場次入口查看。"
          }
        }
      ],
      "2026-10-01": [
        {
          "type": "Feature",
          "geometry": {
            "type": "Point",
            "coordinates": [
              120.687673995592,
              24.135473018575
            ]
          },
          "properties": {
            "location_id": 21,
            "chain_name": "威秀影城 / VIESHOW",
            "location_name": "台中iFG 遠雄廣場威秀影城",
            "map_name": "威秀影城 / VIESHOW 台中iFG 遠雄廣場威秀影城",
            "address": "台中市東區復興路四段186號4樓",
            "city": "臺中市",
            "location_url": "https://www.vscinemas.com.tw/vsTicketing/ticketing/booking.aspx?cinemacode=31&txtSessionId=186731",
            "official_url": "https://www.vscinemas.com.tw/",
            "crawl_url": "https://www.vscinemas.com.tw/ShowTimes/",
            "movie_title": "名偵探柯南 高速公路的墮天使",
            "show_date": "2026-10-01",
            "showtime_count": 1,
            "showtimes": [
              {
                "time": "11:50",
                "format": "(數位 日)名偵探柯南 高速公路的墮天使 (普遍級)",
                "language": null,
                "auditorium": null,
                "booking_url": "https://www.vscinemas.com.tw/vsTicketing/ticketing/booking.aspx?cinemacode=31&txtSessionId=186731",
                "label": "11:50 (數位 日)名偵探柯南 高速公路的墮天使 (普遍級)"
              }
            ],
            "start_times": "11:50"
          }
        },
        {
          "type": "Feature",
          "geometry": {
            "type": "Point",
            "coordinates": [
              121.617582534262,
              25.059344952488
            ]
          },
          "properties": {
            "location_id": 25,
            "chain_name": "威秀影城 / VIESHOW",
            "location_name": "台北南港 LaLaport威秀影城",
            "map_name": "威秀影城 / VIESHOW 台北南港 LaLaport威秀影城",
            "address": "台北市南港區經貿二路131號5樓",
            "city": "臺北市",
            "location_url": "https://www.vscinemas.com.tw/vsTicketing/ticketing/booking.aspx?cinemacode=35&txtSessionId=148520",
            "official_url": "https://www.vscinemas.com.tw/",
            "crawl_url": "https://www.vscinemas.com.tw/ShowTimes/",
            "movie_title": "名偵探柯南 高速公路的墮天使",
            "show_date": "2026-10-01",
            "showtime_count": 1,
            "showtimes": [
              {
                "time": "12:20",
                "format": "(數位 日)名偵探柯南 高速公路的墮天使 (普遍級)",
                "language": null,
                "auditorium": null,
                "booking_url": "https://www.vscinemas.com.tw/vsTicketing/ticketing/booking.aspx?cinemacode=35&txtSessionId=148520",
                "label": "12:20 (數位 日)名偵探柯南 高速公路的墮天使 (普遍級)"
              }
            ],
            "start_times": "12:20"
          }
        },
        {
          "type": "Feature",
          "geometry": {
            "type": "Point",
            "coordinates": [
              120.210166862332,
              22.995629908049
            ]
          },
          "properties": {
            "location_id": 27,
            "chain_name": "威秀影城 / VIESHOW",
            "location_name": "台南FOCUS威秀影城",
            "map_name": "威秀影城 / VIESHOW 台南FOCUS威秀影城",
            "address": "台南市中西區中山路166號11樓",
            "city": "臺南市",
            "location_url": "https://www.vscinemas.com.tw/vsTicketing/ticketing/booking.aspx?cinemacode=25&txtSessionId=307914",
            "official_url": "https://www.vscinemas.com.tw/",
            "crawl_url": "https://www.vscinemas.com.tw/ShowTimes/",
            "movie_title": "名偵探柯南 高速公路的墮天使",
            "show_date": "2026-10-01",
            "showtime_count": 1,
            "showtimes": [
              {
                "time": "11:00",
                "format": "(數位 日)名偵探柯南 高速公路的墮天使 (普遍級)",
                "language": null,
                "auditorium": null,
                "booking_url": "https://www.vscinemas.com.tw/vsTicketing/ticketing/booking.aspx?cinemacode=25&txtSessionId=307914",
                "label": "11:00 (數位 日)名偵探柯南 高速公路的墮天使 (普遍級)"
              }
            ],
            "start_times": "11:00"
          }
        }
      ]
    },
    "攻殼機動隊(1995) 4K 數位修復版": {
      "2026-09-30": [
        {
          "type": "Feature",
          "geometry": {
            "type": "Point",
            "coordinates": [
              120.30209,
              22.609271
            ]
          },
          "properties": {
            "location_id": 88,
            "chain_name": "喜樂時代影城",
            "location_name": "喜樂時代影城高雄總圖店",
            "map_name": "喜樂時代影城 喜樂時代影城高雄總圖店",
            "address": "高雄市前鎮區林森四路189號",
            "city": "高雄市",
            "location_url": "https://ticket.centuryasia.com.tw/Kaohsiung/buyticket_process.aspx?ProgramID=0001932&Progsubid=DIGJAPNOTA00&platform=Century&roomid=0013&siteid=Kaohsiung&sernum=1&date=2026-09-30 13:00&eventsn=52&computerid=138120&IsOMW=False&backetplfo=0001932",
            "official_url": "https://www.centuryasia.com.tw/",
            "crawl_url": "https://ksml.centuryasia.com.tw/ticket_online.aspx?page=1",
            "movie_title": "攻殼機動隊(1995) 4K 數位修復版",
            "show_date": "2026-09-30",
            "showtime_count": 1,
            "showtimes": [
              {
                "time": "13:00",
                "format": "數位日語",
                "language": "日語",
                "auditorium": "十三廳",
                "booking_url": "https://ticket.centuryasia.com.tw/Kaohsiung/buyticket_process.aspx?ProgramID=0001932&Progsubid=DIGJAPNOTA00&platform=Century&roomid=0013&siteid=Kaohsiung&sernum=1&date=2026-09-30 13:00&eventsn=52&computerid=138120&IsOMW=False&backetplfo=0001932",
                "label": "13:00 數位日語 / 十三廳",
                "seat_preview_url": "https://ticket.centuryasia.com.tw/Kaohsiung/buyticket_process.aspx?ProgramID=0001932&Progsubid=DIGJAPNOTA00&platform=Century&roomid=0013&siteid=Kaohsiung&sernum=1&date=2026-09-30 13:00&eventsn=52&computerid=138120&IsOMW=False&backetplfo=0001932"
              }
            ],
            "start_times": "13:00"
          }
        },
        {
          "type": "Feature",
          "geometry": {
            "type": "Point",
            "coordinates": [
              120.210166862332,
              22.995629908049
            ]
          },
          "properties": {
            "location_id": 27,
            "chain_name": "威秀影城 / VIESHOW",
            "location_name": "台南FOCUS威秀影城",
            "map_name": "威秀影城 / VIESHOW 台南FOCUS威秀影城",
            "address": "台南市中西區中山路166號11樓",
            "city": "臺南市",
            "location_url": "https://www.vscinemas.com.tw/vsTicketing/ticketing/booking.aspx?cinemacode=25&txtSessionId=307864",
            "official_url": "https://www.vscinemas.com.tw/",
            "crawl_url": "https://www.vscinemas.com.tw/ShowTimes/",
            "movie_title": "攻殼機動隊(1995) 4K 數位修復版",
            "show_date": "2026-09-30",
            "showtime_count": 1,
            "showtimes": [
              {
                "time": "14:45",
                "format": "(數位)攻殼機動隊(1995) 4K 數位修復版 (保護級)",
                "language": null,
                "auditorium": null,
                "booking_url": "https://www.vscinemas.com.tw/vsTicketing/ticketing/booking.aspx?cinemacode=25&txtSessionId=307864",
                "label": "14:45 (數位)攻殼機動隊(1995) 4K 數位修復版 (保護級)"
              }
            ],
            "start_times": "14:45"
          }
        },
        {
          "type": "Feature",
          "geometry": {
            "type": "Point",
            "coordinates": [
              120.3253452,
              22.6319673
            ]
          },
          "properties": {
            "location_id": 72,
            "chain_name": "高雄環球影城",
            "location_name": "高雄環球影城",
            "map_name": "高雄環球影城 高雄環球影城",
            "address": "高雄市苓雅區大順三路108號",
            "city": "高雄市",
            "location_url": "https://www.u-movie.com.tw/cinema/page.php?page_type=now&ver=tw&portal=cinema",
            "official_url": "https://www.u-movie.com.tw/",
            "crawl_url": "https://www.u-movie.com.tw/cinema/page.php?page_type=now&ver=tw&portal=cinema",
            "movie_title": "攻殼機動隊(1995) 4K 數位修復版",
            "show_date": "2026-09-30",
            "showtime_count": 0,
            "showtimes": [],
            "start_times": "",
            "showtime_unavailable": true,
            "showtime_unavailable_reason": "官方時刻表暫時無法自動取得，請前往場次入口查看。"
          }
        }
      ]
    },
    "最終樂章 吹響吧！上低音號 前篇": {
      "2026-09-30": [
        {
          "type": "Feature",
          "geometry": {
            "type": "Point",
            "coordinates": [
              120.30209,
              22.609271
            ]
          },
          "properties": {
            "location_id": 88,
            "chain_name": "喜樂時代影城",
            "location_name": "喜樂時代影城高雄總圖店",
            "map_name": "喜樂時代影城 喜樂時代影城高雄總圖店",
            "address": "高雄市前鎮區林森四路189號",
            "city": "高雄市",
            "location_url": "https://ticket.centuryasia.com.tw/Kaohsiung/buyticket_process.aspx?ProgramID=0001933&Progsubid=DIGJAPNOTA00&platform=Century&roomid=0007&siteid=Kaohsiung&sernum=1&date=2026-09-30 10:30&eventsn=47&computerid=138116&IsOMW=False&backetplfo=0001933",
            "official_url": "https://www.centuryasia.com.tw/",
            "crawl_url": "https://ksml.centuryasia.com.tw/ticket_online.aspx?page=1",
            "movie_title": "最終樂章 吹響吧！上低音號 前篇",
            "show_date": "2026-09-30",
            "showtime_count": 1,
            "showtimes": [
              {
                "time": "10:30",
                "format": "數位日語",
                "language": "日語",
                "auditorium": "七廳",
                "booking_url": "https://ticket.centuryasia.com.tw/Kaohsiung/buyticket_process.aspx?ProgramID=0001933&Progsubid=DIGJAPNOTA00&platform=Century&roomid=0007&siteid=Kaohsiung&sernum=1&date=2026-09-30 10:30&eventsn=47&computerid=138116&IsOMW=False&backetplfo=0001933",
                "label": "10:30 數位日語 / 七廳",
                "seat_preview_url": "https://ticket.centuryasia.com.tw/Kaohsiung/buyticket_process.aspx?ProgramID=0001933&Progsubid=DIGJAPNOTA00&platform=Century&roomid=0007&siteid=Kaohsiung&sernum=1&date=2026-09-30 10:30&eventsn=47&computerid=138116&IsOMW=False&backetplfo=0001933"
              }
            ],
            "start_times": "10:30"
          }
        },
        {
          "type": "Feature",
          "geometry": {
            "type": "Point",
            "coordinates": [
              121.617582534262,
              25.059344952488
            ]
          },
          "properties": {
            "location_id": 25,
            "chain_name": "威秀影城 / VIESHOW",
            "location_name": "台北南港 LaLaport威秀影城",
            "map_name": "威秀影城 / VIESHOW 台北南港 LaLaport威秀影城",
            "address": "台北市南港區經貿二路131號5樓",
            "city": "臺北市",
            "location_url": "https://www.vscinemas.com.tw/vsTicketing/ticketing/booking.aspx?cinemacode=35&txtSessionId=147169",
            "official_url": "https://www.vscinemas.com.tw/",
            "crawl_url": "https://www.vscinemas.com.tw/ShowTimes/",
            "movie_title": "最終樂章 吹響吧！上低音號 前篇",
            "show_date": "2026-09-30",
            "showtime_count": 1,
            "showtimes": [
              {
                "time": "12:40",
                "format": "(數位)最終樂章 吹響吧!上低音號 前篇 (普遍級)",
                "language": null,
                "auditorium": null,
                "booking_url": "https://www.vscinemas.com.tw/vsTicketing/ticketing/booking.aspx?cinemacode=35&txtSessionId=147169",
                "label": "12:40 (數位)最終樂章 吹響吧!上低音號 前篇 (普遍級)"
              }
            ],
            "start_times": "12:40"
          }
        },
        {
          "type": "Feature",
          "geometry": {
            "type": "Point",
            "coordinates": [
              120.210166862332,
              22.995629908049
            ]
          },
          "properties": {
            "location_id": 27,
            "chain_name": "威秀影城 / VIESHOW",
            "location_name": "台南FOCUS威秀影城",
            "map_name": "威秀影城 / VIESHOW 台南FOCUS威秀影城",
            "address": "台南市中西區中山路166號11樓",
            "city": "臺南市",
            "location_url": "https://www.vscinemas.com.tw/vsTicketing/ticketing/booking.aspx?cinemacode=25&txtSessionId=307795",
            "official_url": "https://www.vscinemas.com.tw/",
            "crawl_url": "https://www.vscinemas.com.tw/ShowTimes/",
            "movie_title": "最終樂章 吹響吧！上低音號 前篇",
            "show_date": "2026-09-30",
            "showtime_count": 1,
            "showtimes": [
              {
                "time": "12:25",
                "format": "(數位)最終樂章 吹響吧!上低音號 前篇 (普遍級)",
                "language": null,
                "auditorium": null,
                "booking_url": "https://www.vscinemas.com.tw/vsTicketing/ticketing/booking.aspx?cinemacode=25&txtSessionId=307795",
                "label": "12:25 (數位)最終樂章 吹響吧!上低音號 前篇 (普遍級)"
              }
            ],
            "start_times": "12:25"
          }
        },
        {
          "type": "Feature",
          "geometry": {
            "type": "Point",
            "coordinates": [
              121.50474,
              25.04473
            ]
          },
          "properties": {
            "location_id": 89,
            "chain_name": "樂聲影城",
            "location_name": "樂聲影城",
            "map_name": "樂聲影城 樂聲影城",
            "address": "台北市萬華區武昌街二段85號",
            "city": "臺北市",
            "location_url": "https://www.luxcinema.com.tw/web/2020-movie_item.php?film_id=3452",
            "official_url": null,
            "crawl_url": "https://www.luxcinema.com.tw/web/2020.php?type=ShowTimes",
            "movie_title": "最終樂章 吹響吧！上低音號 前篇",
            "show_date": "2026-09-30",
            "showtime_count": 2,
            "showtimes": [
              {
                "time": "09:20",
                "format": "最終樂章 吹響吧！上低音號 前篇",
                "language": null,
                "auditorium": null,
                "booking_url": "https://www.luxcinema.com.tw/web/2020-movie_item.php?film_id=3452",
                "label": "09:20 最終樂章 吹響吧！上低音號 前篇"
              },
              {
                "time": "13:30",
                "format": "最終樂章 吹響吧！上低音號 前篇",
                "language": null,
                "auditorium": null,
                "booking_url": "https://www.luxcinema.com.tw/web/2020-movie_item.php?film_id=3452",
                "label": "13:30 最終樂章 吹響吧！上低音號 前篇"
              }
            ],
            "start_times": "09:20, 13:30"
          }
        },
        {
          "type": "Feature",
          "geometry": {
            "type": "Point",
            "coordinates": [
              120.3253452,
              22.6319673
            ]
          },
          "properties": {
            "location_id": 72,
            "chain_name": "高雄環球影城",
            "location_name": "高雄環球影城",
            "map_name": "高雄環球影城 高雄環球影城",
            "address": "高雄市苓雅區大順三路108號",
            "city": "高雄市",
            "location_url": "https://www.u-movie.com.tw/cinema/page.php?page_type=now&ver=tw&portal=cinema",
            "official_url": "https://www.u-movie.com.tw/",
            "crawl_url": "https://www.u-movie.com.tw/cinema/page.php?page_type=now&ver=tw&portal=cinema",
            "movie_title": "最終樂章 吹響吧！上低音號 前篇",
            "show_date": "2026-09-30",
            "showtime_count": 0,
            "showtimes": [],
            "start_times": "",
            "showtime_unavailable": true,
            "showtime_unavailable_reason": "官方時刻表暫時無法自動取得，請前往場次入口查看。"
          }
        }
      ],
      "2026-10-01": [
        {
          "type": "Feature",
          "geometry": {
            "type": "Point",
            "coordinates": [
              121.617582534262,
              25.059344952488
            ]
          },
          "properties": {
            "location_id": 25,
            "chain_name": "威秀影城 / VIESHOW",
            "location_name": "台北南港 LaLaport威秀影城",
            "map_name": "威秀影城 / VIESHOW 台北南港 LaLaport威秀影城",
            "address": "台北市南港區經貿二路131號5樓",
            "city": "臺北市",
            "location_url": "https://www.vscinemas.com.tw/vsTicketing/ticketing/booking.aspx?cinemacode=35&txtSessionId=148557",
            "official_url": "https://www.vscinemas.com.tw/",
            "crawl_url": "https://www.vscinemas.com.tw/ShowTimes/",
            "movie_title": "最終樂章 吹響吧！上低音號 前篇",
            "show_date": "2026-10-01",
            "showtime_count": 1,
            "showtimes": [
              {
                "time": "12:40",
                "format": "(數位)最終樂章 吹響吧!上低音號 前篇 (普遍級)",
                "language": null,
                "auditorium": null,
                "booking_url": "https://www.vscinemas.com.tw/vsTicketing/ticketing/booking.aspx?cinemacode=35&txtSessionId=148557",
                "label": "12:40 (數位)最終樂章 吹響吧!上低音號 前篇 (普遍級)"
              }
            ],
            "start_times": "12:40"
          }
        },
        {
          "type": "Feature",
          "geometry": {
            "type": "Point",
            "coordinates": [
              120.210166862332,
              22.995629908049
            ]
          },
          "properties": {
            "location_id": 27,
            "chain_name": "威秀影城 / VIESHOW",
            "location_name": "台南FOCUS威秀影城",
            "map_name": "威秀影城 / VIESHOW 台南FOCUS威秀影城",
            "address": "台南市中西區中山路166號11樓",
            "city": "臺南市",
            "location_url": "https://www.vscinemas.com.tw/vsTicketing/ticketing/booking.aspx?cinemacode=25&txtSessionId=307877",
            "official_url": "https://www.vscinemas.com.tw/",
            "crawl_url": "https://www.vscinemas.com.tw/ShowTimes/",
            "movie_title": "最終樂章 吹響吧！上低音號 前篇",
            "show_date": "2026-10-01",
            "showtime_count": 1,
            "showtimes": [
              {
                "time": "12:25",
                "format": "(數位)最終樂章 吹響吧!上低音號 前篇 (普遍級)",
                "language": null,
                "auditorium": null,
                "booking_url": "https://www.vscinemas.com.tw/vsTicketing/ticketing/booking.aspx?cinemacode=25&txtSessionId=307877",
                "label": "12:25 (數位)最終樂章 吹響吧!上低音號 前篇 (普遍級)"
              }
            ],
            "start_times": "12:25"
          }
        },
        {
          "type": "Feature",
          "geometry": {
            "type": "Point",
            "coordinates": [
              121.312523000553,
              24.991112991698
            ]
          },
          "properties": {
            "location_id": 38,
            "chain_name": "威秀影城 / VIESHOW",
            "location_name": "桃園統領威秀影城",
            "map_name": "威秀影城 / VIESHOW 桃園統領威秀影城",
            "address": "桃園市桃園區中正路61號9樓",
            "city": "桃園市",
            "location_url": "https://www.vscinemas.com.tw/vsTicketing/ticketing/booking.aspx?cinemacode=20&txtSessionId=752983",
            "official_url": "https://www.vscinemas.com.tw/",
            "crawl_url": "https://www.vscinemas.com.tw/ShowTimes/",
            "movie_title": "最終樂章 吹響吧！上低音號 前篇",
            "show_date": "2026-10-01",
            "showtime_count": 1,
            "showtimes": [
              {
                "time": "12:10",
                "format": "(數位)最終樂章 吹響吧!上低音號 前篇 (普遍級)",
                "language": null,
                "auditorium": null,
                "booking_url": "https://www.vscinemas.com.tw/vsTicketing/ticketing/booking.aspx?cinemacode=20&txtSessionId=752983",
                "label": "12:10 (數位)最終樂章 吹響吧!上低音號 前篇 (普遍級)"
              }
            ],
            "start_times": "12:10"
          }
        },
        {
          "type": "Feature",
          "geometry": {
            "type": "Point",
            "coordinates": [
              121.50474,
              25.04473
            ]
          },
          "properties": {
            "location_id": 89,
            "chain_name": "樂聲影城",
            "location_name": "樂聲影城",
            "map_name": "樂聲影城 樂聲影城",
            "address": "台北市萬華區武昌街二段85號",
            "city": "臺北市",
            "location_url": "https://www.luxcinema.com.tw/web/2020-movie_item.php?film_id=3452",
            "official_url": null,
            "crawl_url": "https://www.luxcinema.com.tw/web/2020.php?type=ShowTimes",
            "movie_title": "最終樂章 吹響吧！上低音號 前篇",
            "show_date": "2026-10-01",
            "showtime_count": 2,
            "showtimes": [
              {
                "time": "09:30",
                "format": "最終樂章 吹響吧！上低音號 前篇",
                "language": null,
                "auditorium": null,
                "booking_url": "https://www.luxcinema.com.tw/web/2020-movie_item.php?film_id=3452",
                "label": "09:30 最終樂章 吹響吧！上低音號 前篇"
              },
              {
                "time": "11:45",
                "format": "最終樂章 吹響吧！上低音號 前篇",
                "language": null,
                "auditorium": null,
                "booking_url": "https://www.luxcinema.com.tw/web/2020-movie_item.php?film_id=3452",
                "label": "11:45 最終樂章 吹響吧！上低音號 前篇"
              }
            ],
            "start_times": "09:30, 11:45"
          }
        }
      ]
    },
    "航海王劇場版：死亡盡頭大冒險": {
      "2026-09-30": [
        {
          "type": "Feature",
          "geometry": {
            "type": "Point",
            "coordinates": [
              120.205827131963,
              22.995358795391
            ]
          },
          "properties": {
            "location_id": 30,
            "chain_name": "威秀影城 / VIESHOW",
            "location_name": "台南大遠百威秀影城",
            "map_name": "威秀影城 / VIESHOW 台南大遠百威秀影城",
            "address": "台南市中西區公園路60號5樓",
            "city": "臺南市",
            "location_url": "https://www.vscinemas.com.tw/vsTicketing/ticketing/booking.aspx?cinemacode=5&txtSessionId=910124",
            "official_url": "https://www.vscinemas.com.tw/",
            "crawl_url": "https://www.vscinemas.com.tw/ShowTimes/",
            "movie_title": "航海王劇場版：死亡盡頭大冒險",
            "show_date": "2026-09-30",
            "showtime_count": 1,
            "showtimes": [
              {
                "time": "16:55",
                "format": "(數位)航海王劇場版：死亡盡頭大冒險 (保護級)",
                "language": null,
                "auditorium": null,
                "booking_url": "https://www.vscinemas.com.tw/vsTicketing/ticketing/booking.aspx?cinemacode=5&txtSessionId=910124",
                "label": "16:55 (數位)航海王劇場版：死亡盡頭大冒險 (保護級)"
              }
            ],
            "start_times": "16:55"
          }
        },
        {
          "type": "Feature",
          "geometry": {
            "type": "Point",
            "coordinates": [
              120.965210879671,
              24.802185606585
            ]
          },
          "properties": {
            "location_id": 32,
            "chain_name": "威秀影城 / VIESHOW",
            "location_name": "新竹大遠百威秀影城",
            "map_name": "威秀影城 / VIESHOW 新竹大遠百威秀影城",
            "address": "新竹市東區西大路323號8樓",
            "city": "新竹市",
            "location_url": "https://www.vscinemas.com.tw/vsTicketing/ticketing/booking.aspx?cinemacode=2&txtSessionId=1168984",
            "official_url": "https://www.vscinemas.com.tw/",
            "crawl_url": "https://www.vscinemas.com.tw/ShowTimes/",
            "movie_title": "航海王劇場版：死亡盡頭大冒險",
            "show_date": "2026-09-30",
            "showtime_count": 1,
            "showtimes": [
              {
                "time": "15:15",
                "format": "(數位)航海王劇場版：死亡盡頭大冒險 (保護級)",
                "language": null,
                "auditorium": null,
                "booking_url": "https://www.vscinemas.com.tw/vsTicketing/ticketing/booking.aspx?cinemacode=2&txtSessionId=1168984",
                "label": "15:15 (數位)航海王劇場版：死亡盡頭大冒險 (保護級)"
              }
            ],
            "start_times": "15:15"
          }
        },
        {
          "type": "Feature",
          "geometry": {
            "type": "Point",
            "coordinates": [
              121.312523000553,
              24.991112991698
            ]
          },
          "properties": {
            "location_id": 38,
            "chain_name": "威秀影城 / VIESHOW",
            "location_name": "桃園統領威秀影城",
            "map_name": "威秀影城 / VIESHOW 桃園統領威秀影城",
            "address": "桃園市桃園區中正路61號9樓",
            "city": "桃園市",
            "location_url": "https://www.vscinemas.com.tw/vsTicketing/ticketing/booking.aspx?cinemacode=20&txtSessionId=751927",
            "official_url": "https://www.vscinemas.com.tw/",
            "crawl_url": "https://www.vscinemas.com.tw/ShowTimes/",
            "movie_title": "航海王劇場版：死亡盡頭大冒險",
            "show_date": "2026-09-30",
            "showtime_count": 1,
            "showtimes": [
              {
                "time": "11:50",
                "format": "(數位)航海王劇場版：死亡盡頭大冒險 (保護級)",
                "language": null,
                "auditorium": null,
                "booking_url": "https://www.vscinemas.com.tw/vsTicketing/ticketing/booking.aspx?cinemacode=20&txtSessionId=751927",
                "label": "11:50 (數位)航海王劇場版：死亡盡頭大冒險 (保護級)"
              }
            ],
            "start_times": "11:50"
          }
        },
        {
          "type": "Feature",
          "geometry": {
            "type": "Point",
            "coordinates": [
              120.3253452,
              22.6319673
            ]
          },
          "properties": {
            "location_id": 72,
            "chain_name": "高雄環球影城",
            "location_name": "高雄環球影城",
            "map_name": "高雄環球影城 高雄環球影城",
            "address": "高雄市苓雅區大順三路108號",
            "city": "高雄市",
            "location_url": "https://www.u-movie.com.tw/cinema/page.php?page_type=now&ver=tw&portal=cinema",
            "official_url": "https://www.u-movie.com.tw/",
            "crawl_url": "https://www.u-movie.com.tw/cinema/page.php?page_type=now&ver=tw&portal=cinema",
            "movie_title": "航海王劇場版：死亡盡頭大冒險",
            "show_date": "2026-09-30",
            "showtime_count": 0,
            "showtimes": [],
            "start_times": "",
            "showtime_unavailable": true,
            "showtime_unavailable_reason": "官方時刻表暫時無法自動取得，請前往場次入口查看。"
          }
        }
      ],
      "2026-10-01": [
        {
          "type": "Feature",
          "geometry": {
            "type": "Point",
            "coordinates": [
              120.965210879671,
              24.802185606585
            ]
          },
          "properties": {
            "location_id": 32,
            "chain_name": "威秀影城 / VIESHOW",
            "location_name": "新竹大遠百威秀影城",
            "map_name": "威秀影城 / VIESHOW 新竹大遠百威秀影城",
            "address": "新竹市東區西大路323號8樓",
            "city": "新竹市",
            "location_url": "https://www.vscinemas.com.tw/vsTicketing/ticketing/booking.aspx?cinemacode=2&txtSessionId=1169046",
            "official_url": "https://www.vscinemas.com.tw/",
            "crawl_url": "https://www.vscinemas.com.tw/ShowTimes/",
            "movie_title": "航海王劇場版：死亡盡頭大冒險",
            "show_date": "2026-10-01",
            "showtime_count": 1,
            "showtimes": [
              {
                "time": "13:05",
                "format": "(數位)航海王劇場版：死亡盡頭大冒險 (保護級)",
                "language": null,
                "auditorium": null,
                "booking_url": "https://www.vscinemas.com.tw/vsTicketing/ticketing/booking.aspx?cinemacode=2&txtSessionId=1169046",
                "label": "13:05 (數位)航海王劇場版：死亡盡頭大冒險 (保護級)"
              }
            ],
            "start_times": "13:05"
          }
        }
      ]
    },
    "超時空甩尾 經典重映": {
      "2026-09-30": [
        {
          "type": "Feature",
          "geometry": {
            "type": "Point",
            "coordinates": [
              120.210166862332,
              22.995629908049
            ]
          },
          "properties": {
            "location_id": 27,
            "chain_name": "威秀影城 / VIESHOW",
            "location_name": "台南FOCUS威秀影城",
            "map_name": "威秀影城 / VIESHOW 台南FOCUS威秀影城",
            "address": "台南市中西區中山路166號11樓",
            "city": "臺南市",
            "location_url": "https://www.vscinemas.com.tw/vsTicketing/ticketing/booking.aspx?cinemacode=25&txtSessionId=307819",
            "official_url": "https://www.vscinemas.com.tw/",
            "crawl_url": "https://www.vscinemas.com.tw/ShowTimes/",
            "movie_title": "超時空甩尾 經典重映",
            "show_date": "2026-09-30",
            "showtime_count": 1,
            "showtimes": [
              {
                "time": "15:55",
                "format": "(數位)超時空甩尾 經典重映 (保護級)",
                "language": null,
                "auditorium": null,
                "booking_url": "https://www.vscinemas.com.tw/vsTicketing/ticketing/booking.aspx?cinemacode=25&txtSessionId=307819",
                "label": "15:55 (數位)超時空甩尾 經典重映 (保護級)"
              }
            ],
            "start_times": "15:55"
          }
        },
        {
          "type": "Feature",
          "geometry": {
            "type": "Point",
            "coordinates": [
              120.3253452,
              22.6319673
            ]
          },
          "properties": {
            "location_id": 72,
            "chain_name": "高雄環球影城",
            "location_name": "高雄環球影城",
            "map_name": "高雄環球影城 高雄環球影城",
            "address": "高雄市苓雅區大順三路108號",
            "city": "高雄市",
            "location_url": "https://www.u-movie.com.tw/cinema/page.php?page_type=now&ver=tw&portal=cinema",
            "official_url": "https://www.u-movie.com.tw/",
            "crawl_url": "https://www.u-movie.com.tw/cinema/page.php?page_type=now&ver=tw&portal=cinema",
            "movie_title": "超時空甩尾 經典重映",
            "show_date": "2026-09-30",
            "showtime_count": 0,
            "showtimes": [],
            "start_times": "",
            "showtime_unavailable": true,
            "showtime_unavailable_reason": "官方時刻表暫時無法自動取得，請前往場次入口查看。"
          }
        }
      ]
    },
    "電影哆啦A夢：新．大雄的海底鬼岩城": {
      "2026-09-30": [
        {
          "type": "Feature",
          "geometry": {
            "type": "Point",
            "coordinates": [
              121.475688899623,
              25.006077203437
            ]
          },
          "properties": {
            "location_id": 20,
            "chain_name": "威秀影城 / VIESHOW",
            "location_name": "中和環球威秀影城",
            "map_name": "威秀影城 / VIESHOW 中和環球威秀影城",
            "address": "新北市中和區中山路三段122號4樓",
            "city": "新北市",
            "location_url": "https://www.vscinemas.com.tw/vsTicketing/ticketing/booking.aspx?cinemacode=30&txtSessionId=211792",
            "official_url": "https://www.vscinemas.com.tw/",
            "crawl_url": "https://www.vscinemas.com.tw/ShowTimes/",
            "movie_title": "電影哆啦A夢：新．大雄的海底鬼岩城",
            "show_date": "2026-09-30",
            "showtime_count": 1,
            "showtimes": [
              {
                "time": "11:25",
                "format": "(數位 國)電影哆啦A夢：新．大雄的海底鬼岩城 (普遍級)",
                "language": null,
                "auditorium": null,
                "booking_url": "https://www.vscinemas.com.tw/vsTicketing/ticketing/booking.aspx?cinemacode=30&txtSessionId=211792",
                "label": "11:25 (數位 國)電影哆啦A夢：新．大雄的海底鬼岩城 (普遍級)"
              }
            ],
            "start_times": "11:25"
          }
        },
        {
          "type": "Feature",
          "geometry": {
            "type": "Point",
            "coordinates": [
              120.3253452,
              22.6319673
            ]
          },
          "properties": {
            "location_id": 72,
            "chain_name": "高雄環球影城",
            "location_name": "高雄環球影城",
            "map_name": "高雄環球影城 高雄環球影城",
            "address": "高雄市苓雅區大順三路108號",
            "city": "高雄市",
            "location_url": "https://www.u-movie.com.tw/cinema/page.php?page_type=now&ver=tw&portal=cinema",
            "official_url": "https://www.u-movie.com.tw/",
            "crawl_url": "https://www.u-movie.com.tw/cinema/page.php?page_type=now&ver=tw&portal=cinema",
            "movie_title": "電影哆啦A夢：新．大雄的海底鬼岩城",
            "show_date": "2026-09-30",
            "showtime_count": 0,
            "showtimes": [],
            "start_times": "",
            "showtime_unavailable": true,
            "showtime_unavailable_reason": "官方時刻表暫時無法自動取得，請前往場次入口查看。"
          }
        }
      ],
      "2026-10-01": [
        {
          "type": "Feature",
          "geometry": {
            "type": "Point",
            "coordinates": [
              121.475688899623,
              25.006077203437
            ]
          },
          "properties": {
            "location_id": 20,
            "chain_name": "威秀影城 / VIESHOW",
            "location_name": "中和環球威秀影城",
            "map_name": "威秀影城 / VIESHOW 中和環球威秀影城",
            "address": "新北市中和區中山路三段122號4樓",
            "city": "新北市",
            "location_url": "https://www.vscinemas.com.tw/vsTicketing/ticketing/booking.aspx?cinemacode=30&txtSessionId=211840",
            "official_url": "https://www.vscinemas.com.tw/",
            "crawl_url": "https://www.vscinemas.com.tw/ShowTimes/",
            "movie_title": "電影哆啦A夢：新．大雄的海底鬼岩城",
            "show_date": "2026-10-01",
            "showtime_count": 1,
            "showtimes": [
              {
                "time": "11:40",
                "format": "(數位 國)電影哆啦A夢：新．大雄的海底鬼岩城 (普遍級)",
                "language": null,
                "auditorium": null,
                "booking_url": "https://www.vscinemas.com.tw/vsTicketing/ticketing/booking.aspx?cinemacode=30&txtSessionId=211840",
                "label": "11:40 (數位 國)電影哆啦A夢：新．大雄的海底鬼岩城 (普遍級)"
              }
            ],
            "start_times": "11:40"
          }
        }
      ]
    },
    "電影蠟筆小新：奇奇怪怪！我的妖怪假期": {
      "2026-09-30": [
        {
          "type": "Feature",
          "geometry": {
            "type": "Point",
            "coordinates": [
              120.706113763482,
              24.25198528648
            ]
          },
          "properties": {
            "location_id": 5,
            "chain_name": "in89 豪華影城",
            "location_name": "台中豐原 in89豪華影城",
            "map_name": "in89 豪華影城 台中豐原 in89豪華影城",
            "address": "台中市豐原區成功路500號5樓",
            "city": "臺中市",
            "location_url": "https://www.in89cinemax.com/film_list.aspx?TheaterId=15",
            "official_url": "https://www.in89cinemax.com/",
            "crawl_url": "https://fengyuan.in89.com.tw/api/api_movie.php?method=getStagesByDate",
            "movie_title": "電影蠟筆小新：奇奇怪怪！我的妖怪假期",
            "show_date": "2026-09-30",
            "showtime_count": 1,
            "showtimes": [
              {
                "time": "11:30",
                "format": "02廳",
                "language": "國語",
                "auditorium": null,
                "booking_url": "https://www.in89cinemax.com/film_list.aspx?TheaterId=15",
                "label": "11:30 02廳"
              }
            ],
            "start_times": "11:30"
          }
        },
        {
          "type": "Feature",
          "geometry": {
            "type": "Point",
            "coordinates": [
              121.507646,
              25.007836
            ]
          },
          "properties": {
            "location_id": 87,
            "chain_name": "喜樂時代影城",
            "location_name": "喜樂時代影城永和店",
            "map_name": "喜樂時代影城 喜樂時代影城永和店",
            "address": "新北市永和區中山路一段238號",
            "city": "新北市",
            "location_url": "https://ticket.centuryasia.com.tw/beyond/buyticket_process.aspx?ProgramID=0000190&Progsubid=DIGCHTCHTA00&platform=Century&roomid=0010&siteid=Beyond&sernum=1&date=2026-09-30 13:20&eventsn=170&computerid=518334&IsOMW=False&backetplfo=0000190",
            "official_url": "https://www.centuryasia.com.tw/",
            "crawl_url": "https://beyond.centuryasia.com.tw/ticket_online.aspx?page=1",
            "movie_title": "電影蠟筆小新：奇奇怪怪！我的妖怪假期",
            "show_date": "2026-09-30",
            "showtime_count": 1,
            "showtimes": [
              {
                "time": "13:20",
                "format": "數位國語",
                "language": "國語",
                "auditorium": "10廳",
                "booking_url": "https://ticket.centuryasia.com.tw/beyond/buyticket_process.aspx?ProgramID=0000190&Progsubid=DIGCHTCHTA00&platform=Century&roomid=0010&siteid=Beyond&sernum=1&date=2026-09-30 13:20&eventsn=170&computerid=518334&IsOMW=False&backetplfo=0000190",
                "label": "13:20 數位國語 / 10廳",
                "seat_preview_url": "https://ticket.centuryasia.com.tw/beyond/buyticket_process.aspx?ProgramID=0000190&Progsubid=DIGCHTCHTA00&platform=Century&roomid=0010&siteid=Beyond&sernum=1&date=2026-09-30 13:20&eventsn=170&computerid=518334&IsOMW=False&backetplfo=0000190"
              }
            ],
            "start_times": "13:20"
          }
        },
        {
          "type": "Feature",
          "geometry": {
            "type": "Point",
            "coordinates": [
              120.493406038961,
              22.673270000458
            ]
          },
          "properties": {
            "location_id": 14,
            "chain_name": "國賓影城",
            "location_name": "屏東環球國賓影城",
            "map_name": "國賓影城 屏東環球國賓影城",
            "address": "屏東縣屏東市仁愛路90號6樓",
            "city": "屏東縣",
            "location_url": "https://www.ambassador.com.tw/home/Showtime?ID=41aae717-4464-49f4-ac26-fec2d16acbd6&DT=2026/09/30",
            "official_url": "https://www.ambassador.com.tw/",
            "crawl_url": "https://www.ambassador.com.tw/home/Showtime?ID=41aae717-4464-49f4-ac26-fec2d16acbd6&DT=2026/09/30",
            "movie_title": "電影蠟筆小新：奇奇怪怪！我的妖怪假期",
            "show_date": "2026-09-30",
            "showtime_count": 1,
            "showtimes": [
              {
                "time": "11:40",
                "format": "數位‧中文版",
                "language": "國語",
                "auditorium": "3廳 217席",
                "booking_url": "https://www.ambassador.com.tw/home/Showtime?ID=41aae717-4464-49f4-ac26-fec2d16acbd6&DT=2026/09/30",
                "label": "11:40 數位‧中文版 / 3廳 217席"
              }
            ],
            "start_times": "11:40"
          }
        },
        {
          "type": "Feature",
          "geometry": {
            "type": "Point",
            "coordinates": [
              121.458702134648,
              25.06381770366
            ]
          },
          "properties": {
            "location_id": 15,
            "chain_name": "國賓影城",
            "location_name": "新莊晶冠國賓影城",
            "map_name": "國賓影城 新莊晶冠國賓影城",
            "address": "新北市新莊區五工路66號3、4樓",
            "city": "新北市",
            "location_url": "https://www.ambassador.com.tw/home/Showtime?ID=3301d822-b385-4aa8-a9eb-aa59d58e95c9&DT=2026/09/30",
            "official_url": "https://www.ambassador.com.tw/",
            "crawl_url": "https://www.ambassador.com.tw/home/Showtime?ID=3301d822-b385-4aa8-a9eb-aa59d58e95c9&DT=2026/09/30",
            "movie_title": "電影蠟筆小新：奇奇怪怪！我的妖怪假期",
            "show_date": "2026-09-30",
            "showtime_count": 1,
            "showtimes": [
              {
                "time": "11:00",
                "format": "數位‧中文版",
                "language": "國語",
                "auditorium": "6廳 58席",
                "booking_url": "https://www.ambassador.com.tw/home/Showtime?ID=3301d822-b385-4aa8-a9eb-aa59d58e95c9&DT=2026/09/30",
                "label": "11:00 數位‧中文版 / 6廳 58席"
              }
            ],
            "start_times": "11:00"
          }
        },
        {
          "type": "Feature",
          "geometry": {
            "type": "Point",
            "coordinates": [
              121.475688899623,
              25.006077203437
            ]
          },
          "properties": {
            "location_id": 20,
            "chain_name": "威秀影城 / VIESHOW",
            "location_name": "中和環球威秀影城",
            "map_name": "威秀影城 / VIESHOW 中和環球威秀影城",
            "address": "新北市中和區中山路三段122號4樓",
            "city": "新北市",
            "location_url": "https://www.vscinemas.com.tw/vsTicketing/ticketing/booking.aspx?cinemacode=30&txtSessionId=211755",
            "official_url": "https://www.vscinemas.com.tw/",
            "crawl_url": "https://www.vscinemas.com.tw/ShowTimes/",
            "movie_title": "電影蠟筆小新：奇奇怪怪！我的妖怪假期",
            "show_date": "2026-09-30",
            "showtime_count": 1,
            "showtimes": [
              {
                "time": "17:35",
                "format": "(數位 國)電影蠟筆小新：奇奇怪怪！我的妖怪假期 (普遍級)",
                "language": null,
                "auditorium": null,
                "booking_url": "https://www.vscinemas.com.tw/vsTicketing/ticketing/booking.aspx?cinemacode=30&txtSessionId=211755",
                "label": "17:35 (數位 國)電影蠟筆小新：奇奇怪怪！我的妖怪假期 (普遍級)"
              }
            ],
            "start_times": "17:35"
          }
        },
        {
          "type": "Feature",
          "geometry": {
            "type": "Point",
            "coordinates": [
              120.687673995592,
              24.135473018575
            ]
          },
          "properties": {
            "location_id": 21,
            "chain_name": "威秀影城 / VIESHOW",
            "location_name": "台中iFG 遠雄廣場威秀影城",
            "map_name": "威秀影城 / VIESHOW 台中iFG 遠雄廣場威秀影城",
            "address": "台中市東區復興路四段186號4樓",
            "city": "臺中市",
            "location_url": "https://www.vscinemas.com.tw/vsTicketing/ticketing/booking.aspx?cinemacode=31&txtSessionId=185983",
            "official_url": "https://www.vscinemas.com.tw/",
            "crawl_url": "https://www.vscinemas.com.tw/ShowTimes/",
            "movie_title": "電影蠟筆小新：奇奇怪怪！我的妖怪假期",
            "show_date": "2026-09-30",
            "showtime_count": 1,
            "showtimes": [
              {
                "time": "13:25",
                "format": "(數位 國)電影蠟筆小新：奇奇怪怪！我的妖怪假期 (普遍級)",
                "language": null,
                "auditorium": null,
                "booking_url": "https://www.vscinemas.com.tw/vsTicketing/ticketing/booking.aspx?cinemacode=31&txtSessionId=185983",
                "label": "13:25 (數位 國)電影蠟筆小新：奇奇怪怪！我的妖怪假期 (普遍級)"
              }
            ],
            "start_times": "13:25"
          }
        },
        {
          "type": "Feature",
          "geometry": {
            "type": "Point",
            "coordinates": [
              120.210166862332,
              22.995629908049
            ]
          },
          "properties": {
            "location_id": 27,
            "chain_name": "威秀影城 / VIESHOW",
            "location_name": "台南FOCUS威秀影城",
            "map_name": "威秀影城 / VIESHOW 台南FOCUS威秀影城",
            "address": "台南市中西區中山路166號11樓",
            "city": "臺南市",
            "location_url": "https://www.vscinemas.com.tw/ShowTimes/",
            "official_url": "https://www.vscinemas.com.tw/",
            "crawl_url": "https://www.vscinemas.com.tw/ShowTimes/",
            "movie_title": "電影蠟筆小新：奇奇怪怪！我的妖怪假期",
            "show_date": "2026-09-30",
            "showtime_count": 1,
            "showtimes": [
              {
                "time": "09:45",
                "format": "(數位 國)電影蠟筆小新：奇奇怪怪！我的妖怪假期 (普遍級)",
                "language": null,
                "auditorium": null,
                "booking_url": "https://www.vscinemas.com.tw/ShowTimes/",
                "label": "09:45 (數位 國)電影蠟筆小新：奇奇怪怪！我的妖怪假期 (普遍級)"
              }
            ],
            "start_times": "09:45"
          }
        },
        {
          "type": "Feature",
          "geometry": {
            "type": "Point",
            "coordinates": [
              120.233454974477,
              22.990581990681
            ]
          },
          "properties": {
            "location_id": 28,
            "chain_name": "威秀影城 / VIESHOW",
            "location_name": "台南南紡威秀影城",
            "map_name": "威秀影城 / VIESHOW 台南南紡威秀影城",
            "address": "台南市東區中華東路一段366號5樓",
            "city": "臺南市",
            "location_url": "https://www.vscinemas.com.tw/vsTicketing/ticketing/booking.aspx?cinemacode=17&txtSessionId=704337",
            "official_url": "https://www.vscinemas.com.tw/",
            "crawl_url": "https://www.vscinemas.com.tw/ShowTimes/",
            "movie_title": "電影蠟筆小新：奇奇怪怪！我的妖怪假期",
            "show_date": "2026-09-30",
            "showtime_count": 1,
            "showtimes": [
              {
                "time": "11:20",
                "format": "(數位 國)電影蠟筆小新：奇奇怪怪！我的妖怪假期 (普遍級)",
                "language": null,
                "auditorium": null,
                "booking_url": "https://www.vscinemas.com.tw/vsTicketing/ticketing/booking.aspx?cinemacode=17&txtSessionId=704337",
                "label": "11:20 (數位 國)電影蠟筆小新：奇奇怪怪！我的妖怪假期 (普遍級)"
              }
            ],
            "start_times": "11:20"
          }
        },
        {
          "type": "Feature",
          "geometry": {
            "type": "Point",
            "coordinates": [
              121.312523000553,
              24.991112991698
            ]
          },
          "properties": {
            "location_id": 38,
            "chain_name": "威秀影城 / VIESHOW",
            "location_name": "桃園統領威秀影城",
            "map_name": "威秀影城 / VIESHOW 桃園統領威秀影城",
            "address": "桃園市桃園區中正路61號9樓",
            "city": "桃園市",
            "location_url": "https://www.vscinemas.com.tw/vsTicketing/ticketing/booking.aspx?cinemacode=20&txtSessionId=751968",
            "official_url": "https://www.vscinemas.com.tw/",
            "crawl_url": "https://www.vscinemas.com.tw/ShowTimes/",
            "movie_title": "電影蠟筆小新：奇奇怪怪！我的妖怪假期",
            "show_date": "2026-09-30",
            "showtime_count": 2,
            "showtimes": [
              {
                "time": "11:35",
                "format": "(數位 國)電影蠟筆小新：奇奇怪怪！我的妖怪假期 (普遍級)",
                "language": null,
                "auditorium": null,
                "booking_url": "https://www.vscinemas.com.tw/vsTicketing/ticketing/booking.aspx?cinemacode=20&txtSessionId=751968",
                "label": "11:35 (數位 國)電影蠟筆小新：奇奇怪怪！我的妖怪假期 (普遍級)"
              },
              {
                "time": "16:00",
                "format": "(數位 國)電影蠟筆小新：奇奇怪怪！我的妖怪假期 (普遍級)",
                "language": null,
                "auditorium": null,
                "booking_url": "https://www.vscinemas.com.tw/vsTicketing/ticketing/booking.aspx?cinemacode=20&txtSessionId=751916",
                "label": "16:00 (數位 國)電影蠟筆小新：奇奇怪怪！我的妖怪假期 (普遍級)"
              }
            ],
            "start_times": "11:35, 16:00"
          }
        },
        {
          "type": "Feature",
          "geometry": {
            "type": "Point",
            "coordinates": [
              121.50474,
              25.04473
            ]
          },
          "properties": {
            "location_id": 89,
            "chain_name": "樂聲影城",
            "location_name": "樂聲影城",
            "map_name": "樂聲影城 樂聲影城",
            "address": "台北市萬華區武昌街二段85號",
            "city": "臺北市",
            "location_url": "https://www.luxcinema.com.tw/web/2020-movie_item.php?film_id=3419",
            "official_url": null,
            "crawl_url": "https://www.luxcinema.com.tw/web/2020.php?type=ShowTimes",
            "movie_title": "電影蠟筆小新：奇奇怪怪！我的妖怪假期",
            "show_date": "2026-09-30",
            "showtime_count": 1,
            "showtimes": [
              {
                "time": "14:00",
                "format": "(日語)電影蠟筆小新：奇奇怪怪！我的妖怪假期",
                "language": "日語",
                "auditorium": null,
                "booking_url": "https://www.luxcinema.com.tw/web/2020-movie_item.php?film_id=3419",
                "label": "14:00 (日語)電影蠟筆小新：奇奇怪怪！我的妖怪假期"
              }
            ],
            "start_times": "14:00"
          }
        },
        {
          "type": "Feature",
          "geometry": {
            "type": "Point",
            "coordinates": [
              120.3253452,
              22.6319673
            ]
          },
          "properties": {
            "location_id": 72,
            "chain_name": "高雄環球影城",
            "location_name": "高雄環球影城",
            "map_name": "高雄環球影城 高雄環球影城",
            "address": "高雄市苓雅區大順三路108號",
            "city": "高雄市",
            "location_url": "https://www.u-movie.com.tw/cinema/page.php?page_type=now&ver=tw&portal=cinema",
            "official_url": "https://www.u-movie.com.tw/",
            "crawl_url": "https://www.u-movie.com.tw/cinema/page.php?page_type=now&ver=tw&portal=cinema",
            "movie_title": "電影蠟筆小新：奇奇怪怪！我的妖怪假期",
            "show_date": "2026-09-30",
            "showtime_count": 0,
            "showtimes": [],
            "start_times": "",
            "showtime_unavailable": true,
            "showtime_unavailable_reason": "官方時刻表暫時無法自動取得，請前往場次入口查看。"
          }
        }
      ],
      "2026-10-01": [
        {
          "type": "Feature",
          "geometry": {
            "type": "Point",
            "coordinates": [
              120.493406038961,
              22.673270000458
            ]
          },
          "properties": {
            "location_id": 14,
            "chain_name": "國賓影城",
            "location_name": "屏東環球國賓影城",
            "map_name": "國賓影城 屏東環球國賓影城",
            "address": "屏東縣屏東市仁愛路90號6樓",
            "city": "屏東縣",
            "location_url": "https://www.ambassador.com.tw/home/Showtime?ID=41aae717-4464-49f4-ac26-fec2d16acbd6&DT=2026/10/01",
            "official_url": "https://www.ambassador.com.tw/",
            "crawl_url": "https://www.ambassador.com.tw/home/Showtime?ID=41aae717-4464-49f4-ac26-fec2d16acbd6&DT=2026/10/01",
            "movie_title": "電影蠟筆小新：奇奇怪怪！我的妖怪假期",
            "show_date": "2026-10-01",
            "showtime_count": 1,
            "showtimes": [
              {
                "time": "11:30",
                "format": "數位‧中文版",
                "language": "國語",
                "auditorium": "3廳 217席",
                "booking_url": "https://www.ambassador.com.tw/home/Showtime?ID=41aae717-4464-49f4-ac26-fec2d16acbd6&DT=2026/10/01",
                "label": "11:30 數位‧中文版 / 3廳 217席"
              }
            ],
            "start_times": "11:30"
          }
        },
        {
          "type": "Feature",
          "geometry": {
            "type": "Point",
            "coordinates": [
              121.458702134648,
              25.06381770366
            ]
          },
          "properties": {
            "location_id": 15,
            "chain_name": "國賓影城",
            "location_name": "新莊晶冠國賓影城",
            "map_name": "國賓影城 新莊晶冠國賓影城",
            "address": "新北市新莊區五工路66號3、4樓",
            "city": "新北市",
            "location_url": "https://www.ambassador.com.tw/home/Showtime?ID=3301d822-b385-4aa8-a9eb-aa59d58e95c9&DT=2026/10/01",
            "official_url": "https://www.ambassador.com.tw/",
            "crawl_url": "https://www.ambassador.com.tw/home/Showtime?ID=3301d822-b385-4aa8-a9eb-aa59d58e95c9&DT=2026/10/01",
            "movie_title": "電影蠟筆小新：奇奇怪怪！我的妖怪假期",
            "show_date": "2026-10-01",
            "showtime_count": 1,
            "showtimes": [
              {
                "time": "11:00",
                "format": "數位‧中文版",
                "language": "國語",
                "auditorium": "6廳 58席",
                "booking_url": "https://www.ambassador.com.tw/home/Showtime?ID=3301d822-b385-4aa8-a9eb-aa59d58e95c9&DT=2026/10/01",
                "label": "11:00 數位‧中文版 / 6廳 58席"
              }
            ],
            "start_times": "11:00"
          }
        },
        {
          "type": "Feature",
          "geometry": {
            "type": "Point",
            "coordinates": [
              121.475688899623,
              25.006077203437
            ]
          },
          "properties": {
            "location_id": 20,
            "chain_name": "威秀影城 / VIESHOW",
            "location_name": "中和環球威秀影城",
            "map_name": "威秀影城 / VIESHOW 中和環球威秀影城",
            "address": "新北市中和區中山路三段122號4樓",
            "city": "新北市",
            "location_url": "https://www.vscinemas.com.tw/vsTicketing/ticketing/booking.aspx?cinemacode=30&txtSessionId=211810",
            "official_url": "https://www.vscinemas.com.tw/",
            "crawl_url": "https://www.vscinemas.com.tw/ShowTimes/",
            "movie_title": "電影蠟筆小新：奇奇怪怪！我的妖怪假期",
            "show_date": "2026-10-01",
            "showtime_count": 1,
            "showtimes": [
              {
                "time": "15:40",
                "format": "(數位 國)電影蠟筆小新：奇奇怪怪！我的妖怪假期 (普遍級)",
                "language": null,
                "auditorium": null,
                "booking_url": "https://www.vscinemas.com.tw/vsTicketing/ticketing/booking.aspx?cinemacode=30&txtSessionId=211810",
                "label": "15:40 (數位 國)電影蠟筆小新：奇奇怪怪！我的妖怪假期 (普遍級)"
              }
            ],
            "start_times": "15:40"
          }
        },
        {
          "type": "Feature",
          "geometry": {
            "type": "Point",
            "coordinates": [
              120.687673995592,
              24.135473018575
            ]
          },
          "properties": {
            "location_id": 21,
            "chain_name": "威秀影城 / VIESHOW",
            "location_name": "台中iFG 遠雄廣場威秀影城",
            "map_name": "威秀影城 / VIESHOW 台中iFG 遠雄廣場威秀影城",
            "address": "台中市東區復興路四段186號4樓",
            "city": "臺中市",
            "location_url": "https://www.vscinemas.com.tw/vsTicketing/ticketing/booking.aspx?cinemacode=31&txtSessionId=186130",
            "official_url": "https://www.vscinemas.com.tw/",
            "crawl_url": "https://www.vscinemas.com.tw/ShowTimes/",
            "movie_title": "電影蠟筆小新：奇奇怪怪！我的妖怪假期",
            "show_date": "2026-10-01",
            "showtime_count": 1,
            "showtimes": [
              {
                "time": "12:10",
                "format": "(數位 國)電影蠟筆小新：奇奇怪怪！我的妖怪假期 (普遍級)",
                "language": null,
                "auditorium": null,
                "booking_url": "https://www.vscinemas.com.tw/vsTicketing/ticketing/booking.aspx?cinemacode=31&txtSessionId=186130",
                "label": "12:10 (數位 國)電影蠟筆小新：奇奇怪怪！我的妖怪假期 (普遍級)"
              }
            ],
            "start_times": "12:10"
          }
        },
        {
          "type": "Feature",
          "geometry": {
            "type": "Point",
            "coordinates": [
              120.210166862332,
              22.995629908049
            ]
          },
          "properties": {
            "location_id": 27,
            "chain_name": "威秀影城 / VIESHOW",
            "location_name": "台南FOCUS威秀影城",
            "map_name": "威秀影城 / VIESHOW 台南FOCUS威秀影城",
            "address": "台南市中西區中山路166號11樓",
            "city": "臺南市",
            "location_url": "https://www.vscinemas.com.tw/vsTicketing/ticketing/booking.aspx?cinemacode=25&txtSessionId=307896",
            "official_url": "https://www.vscinemas.com.tw/",
            "crawl_url": "https://www.vscinemas.com.tw/ShowTimes/",
            "movie_title": "電影蠟筆小新：奇奇怪怪！我的妖怪假期",
            "show_date": "2026-10-01",
            "showtime_count": 1,
            "showtimes": [
              {
                "time": "09:45",
                "format": "(數位 國)電影蠟筆小新：奇奇怪怪！我的妖怪假期 (普遍級)",
                "language": null,
                "auditorium": null,
                "booking_url": "https://www.vscinemas.com.tw/vsTicketing/ticketing/booking.aspx?cinemacode=25&txtSessionId=307896",
                "label": "09:45 (數位 國)電影蠟筆小新：奇奇怪怪！我的妖怪假期 (普遍級)"
              }
            ],
            "start_times": "09:45"
          }
        },
        {
          "type": "Feature",
          "geometry": {
            "type": "Point",
            "coordinates": [
              120.233454974477,
              22.990581990681
            ]
          },
          "properties": {
            "location_id": 28,
            "chain_name": "威秀影城 / VIESHOW",
            "location_name": "台南南紡威秀影城",
            "map_name": "威秀影城 / VIESHOW 台南南紡威秀影城",
            "address": "台南市東區中華東路一段366號5樓",
            "city": "臺南市",
            "location_url": "https://www.vscinemas.com.tw/vsTicketing/ticketing/booking.aspx?cinemacode=17&txtSessionId=704569",
            "official_url": "https://www.vscinemas.com.tw/",
            "crawl_url": "https://www.vscinemas.com.tw/ShowTimes/",
            "movie_title": "電影蠟筆小新：奇奇怪怪！我的妖怪假期",
            "show_date": "2026-10-01",
            "showtime_count": 1,
            "showtimes": [
              {
                "time": "11:20",
                "format": "(數位 國)電影蠟筆小新：奇奇怪怪！我的妖怪假期 (普遍級)",
                "language": null,
                "auditorium": null,
                "booking_url": "https://www.vscinemas.com.tw/vsTicketing/ticketing/booking.aspx?cinemacode=17&txtSessionId=704569",
                "label": "11:20 (數位 國)電影蠟筆小新：奇奇怪怪！我的妖怪假期 (普遍級)"
              }
            ],
            "start_times": "11:20"
          }
        },
        {
          "type": "Feature",
          "geometry": {
            "type": "Point",
            "coordinates": [
              121.312523000553,
              24.991112991698
            ]
          },
          "properties": {
            "location_id": 38,
            "chain_name": "威秀影城 / VIESHOW",
            "location_name": "桃園統領威秀影城",
            "map_name": "威秀影城 / VIESHOW 桃園統領威秀影城",
            "address": "桃園市桃園區中正路61號9樓",
            "city": "桃園市",
            "location_url": "https://www.vscinemas.com.tw/vsTicketing/ticketing/booking.aspx?cinemacode=20&txtSessionId=752799",
            "official_url": "https://www.vscinemas.com.tw/",
            "crawl_url": "https://www.vscinemas.com.tw/ShowTimes/",
            "movie_title": "電影蠟筆小新：奇奇怪怪！我的妖怪假期",
            "show_date": "2026-10-01",
            "showtime_count": 2,
            "showtimes": [
              {
                "time": "14:40",
                "format": "(數位 國)電影蠟筆小新：奇奇怪怪！我的妖怪假期 (普遍級)",
                "language": null,
                "auditorium": null,
                "booking_url": "https://www.vscinemas.com.tw/vsTicketing/ticketing/booking.aspx?cinemacode=20&txtSessionId=752799",
                "label": "14:40 (數位 國)電影蠟筆小新：奇奇怪怪！我的妖怪假期 (普遍級)"
              },
              {
                "time": "17:50",
                "format": "(數位 國)電影蠟筆小新：奇奇怪怪！我的妖怪假期 (普遍級)",
                "language": null,
                "auditorium": null,
                "booking_url": "https://www.vscinemas.com.tw/vsTicketing/ticketing/booking.aspx?cinemacode=20&txtSessionId=752848",
                "label": "17:50 (數位 國)電影蠟筆小新：奇奇怪怪！我的妖怪假期 (普遍級)"
              }
            ],
            "start_times": "14:40, 17:50"
          }
        },
        {
          "type": "Feature",
          "geometry": {
            "type": "Point",
            "coordinates": [
              121.50474,
              25.04473
            ]
          },
          "properties": {
            "location_id": 89,
            "chain_name": "樂聲影城",
            "location_name": "樂聲影城",
            "map_name": "樂聲影城 樂聲影城",
            "address": "台北市萬華區武昌街二段85號",
            "city": "臺北市",
            "location_url": "https://www.luxcinema.com.tw/web/2020-movie_item.php?film_id=3419",
            "official_url": null,
            "crawl_url": "https://www.luxcinema.com.tw/web/2020.php?type=ShowTimes",
            "movie_title": "電影蠟筆小新：奇奇怪怪！我的妖怪假期",
            "show_date": "2026-10-01",
            "showtime_count": 1,
            "showtimes": [
              {
                "time": "16:05",
                "format": "(日語)電影蠟筆小新：奇奇怪怪！我的妖怪假期",
                "language": "日語",
                "auditorium": null,
                "booking_url": "https://www.luxcinema.com.tw/web/2020-movie_item.php?film_id=3419",
                "label": "16:05 (日語)電影蠟筆小新：奇奇怪怪！我的妖怪假期"
              }
            ],
            "start_times": "16:05"
          }
        }
      ]
    },
    "你的名字。（十周年重映）": {
      "2026-10-03": [
        {
          "type": "Feature",
          "geometry": {
            "type": "Point",
            "coordinates": [
              120.452734194907,
              23.476437792869
            ]
          },
          "properties": {
            "location_id": 6,
            "chain_name": "in89 豪華影城",
            "location_name": "嘉義影食匯 in89豪華影城",
            "map_name": "in89 豪華影城 嘉義影食匯 in89豪華影城",
            "address": "嘉義市東區民族路328號",
            "city": "嘉義市",
            "location_url": "https://www.in89cinemax.com/film_list.aspx?TheaterId=17",
            "official_url": "https://www.in89cinemax.com/",
            "crawl_url": "https://chiayi.in89.com.tw/api/api_movie.php?method=getStagesByDate",
            "movie_title": "你的名字。（十周年重映）",
            "show_date": "2026-10-03",
            "showtime_count": 1,
            "showtimes": [
              {
                "time": "14:30",
                "format": "02廳(7樓)",
                "language": "日語",
                "auditorium": null,
                "booking_url": "https://www.in89cinemax.com/film_list.aspx?TheaterId=17",
                "label": "14:30 02廳(7樓)"
              }
            ],
            "start_times": "14:30"
          }
        }
      ]
    }
  },
  "available_dates": [
    "2026-09-30",
    "2026-10-01",
    "2026-10-02",
    "2026-10-03",
    "2026-10-04"
  ],
  "feature_count": 15,
  "features": [
    {
      "type": "Feature",
      "geometry": {
        "type": "Point",
        "coordinates": [
          121.475688899623,
          25.006077203437
        ]
      },
      "properties": {
        "location_id": 20,
        "chain_name": "威秀影城 / VIESHOW",
        "location_name": "中和環球威秀影城",
        "map_name": "威秀影城 / VIESHOW 中和環球威秀影城",
        "address": "新北市中和區中山路三段122號4樓",
        "city": "新北市",
        "location_url": "https://www.vscinemas.com.tw/vsTicketing/ticketing/booking.aspx?cinemacode=30&txtSessionId=211783",
        "official_url": "https://www.vscinemas.com.tw/",
        "crawl_url": "https://www.vscinemas.com.tw/ShowTimes/",
        "movie_title": "劇場版 Love Live! 蓮之空女學院學園偶像俱樂部 Bloom Garden Party",
        "show_date": "2026-09-30",
        "showtime_count": 1,
        "showtimes": [
          {
            "time": "16:00",
            "format": "(數位)LOVE LIVE! 蓮之空女學院學園偶像俱樂部BLOOM GARDEN PARTY (普遍級)",
            "language": null,
            "auditorium": null,
            "booking_url": "https://www.vscinemas.com.tw/vsTicketing/ticketing/booking.aspx?cinemacode=30&txtSessionId=211783",
            "label": "16:00 (數位)LOVE LIVE! 蓮之空女學院學園偶像俱樂部BLOOM GARDEN PARTY (普遍級)"
          }
        ],
        "start_times": "16:00"
      }
    },
    {
      "type": "Feature",
      "geometry": {
        "type": "Point",
        "coordinates": [
          120.687673995592,
          24.135473018575
        ]
      },
      "properties": {
        "location_id": 21,
        "chain_name": "威秀影城 / VIESHOW",
        "location_name": "台中iFG 遠雄廣場威秀影城",
        "map_name": "威秀影城 / VIESHOW 台中iFG 遠雄廣場威秀影城",
        "address": "台中市東區復興路四段186號4樓",
        "city": "臺中市",
        "location_url": "https://www.vscinemas.com.tw/vsTicketing/ticketing/booking.aspx?cinemacode=31&txtSessionId=185950",
        "official_url": "https://www.vscinemas.com.tw/",
        "crawl_url": "https://www.vscinemas.com.tw/ShowTimes/",
        "movie_title": "劇場版 Love Live! 蓮之空女學院學園偶像俱樂部 Bloom Garden Party",
        "show_date": "2026-09-30",
        "showtime_count": 2,
        "showtimes": [
          {
            "time": "12:00",
            "format": "(數位)LOVE LIVE! 蓮之空女學院學園偶像俱樂部BLOOM GARDEN PARTY (普遍級)",
            "language": null,
            "auditorium": null,
            "booking_url": "https://www.vscinemas.com.tw/vsTicketing/ticketing/booking.aspx?cinemacode=31&txtSessionId=185950",
            "label": "12:00 (數位)LOVE LIVE! 蓮之空女學院學園偶像俱樂部BLOOM GARDEN PARTY (普遍級)"
          },
          {
            "time": "19:45",
            "format": "(數位)LOVE LIVE! 蓮之空女學院學園偶像俱樂部BLOOM GARDEN PARTY (普遍級)",
            "language": null,
            "auditorium": null,
            "booking_url": "https://www.vscinemas.com.tw/vsTicketing/ticketing/booking.aspx?cinemacode=31&txtSessionId=185966",
            "label": "19:45 (數位)LOVE LIVE! 蓮之空女學院學園偶像俱樂部BLOOM GARDEN PARTY (普遍級)"
          }
        ],
        "start_times": "12:00, 19:45"
      }
    },
    {
      "type": "Feature",
      "geometry": {
        "type": "Point",
        "coordinates": [
          120.64456938796,
          24.164671713563
        ]
      },
      "properties": {
        "location_id": 22,
        "chain_name": "威秀影城 / VIESHOW",
        "location_name": "台中大遠百威秀影城",
        "map_name": "威秀影城 / VIESHOW 台中大遠百威秀影城",
        "address": "台中市西屯區台灣大道三段251號13樓",
        "city": "臺中市",
        "location_url": "https://www.vscinemas.com.tw/vsTicketing/ticketing/booking.aspx?cinemacode=15&txtSessionId=551290",
        "official_url": "https://www.vscinemas.com.tw/",
        "crawl_url": "https://www.vscinemas.com.tw/ShowTimes/",
        "movie_title": "劇場版 Love Live! 蓮之空女學院學園偶像俱樂部 Bloom Garden Party",
        "show_date": "2026-09-30",
        "showtime_count": 1,
        "showtimes": [
          {
            "time": "10:40",
            "format": "(數位)LOVE LIVE! 蓮之空女學院學園偶像俱樂部BLOOM GARDEN PARTY (普遍級)",
            "language": null,
            "auditorium": null,
            "booking_url": "https://www.vscinemas.com.tw/vsTicketing/ticketing/booking.aspx?cinemacode=15&txtSessionId=551290",
            "label": "10:40 (數位)LOVE LIVE! 蓮之空女學院學園偶像俱樂部BLOOM GARDEN PARTY (普遍級)"
          }
        ],
        "start_times": "10:40"
      }
    },
    {
      "type": "Feature",
      "geometry": {
        "type": "Point",
        "coordinates": [
          121.5184321,
          25.0490792
        ]
      },
      "properties": {
        "location_id": 23,
        "chain_name": "威秀影城 / VIESHOW",
        "location_name": "台北京站威秀影城",
        "map_name": "威秀影城 / VIESHOW 台北京站威秀影城",
        "address": "台北市大同區市民大道一段209號5樓",
        "city": "臺北市",
        "location_url": "https://www.vscinemas.com.tw/ShowTimes/",
        "official_url": "https://www.vscinemas.com.tw/",
        "crawl_url": "https://www.vscinemas.com.tw/ShowTimes/",
        "movie_title": "劇場版 Love Live! 蓮之空女學院學園偶像俱樂部 Bloom Garden Party",
        "show_date": "2026-09-30",
        "showtime_count": 1,
        "showtimes": [
          {
            "time": "09:40",
            "format": "(數位)LOVE LIVE! 蓮之空女學院學園偶像俱樂部BLOOM GARDEN PARTY (普遍級)",
            "language": null,
            "auditorium": null,
            "booking_url": "https://www.vscinemas.com.tw/ShowTimes/",
            "label": "09:40 (數位)LOVE LIVE! 蓮之空女學院學園偶像俱樂部BLOOM GARDEN PARTY (普遍級)"
          }
        ],
        "start_times": "09:40"
      }
    },
    {
      "type": "Feature",
      "geometry": {
        "type": "Point",
        "coordinates": [
          121.567405360549,
          25.035641139855
        ]
      },
      "properties": {
        "location_id": 24,
        "chain_name": "威秀影城 / VIESHOW",
        "location_name": "台北信義威秀影城",
        "map_name": "威秀影城 / VIESHOW 台北信義威秀影城",
        "address": "台北市信義區松壽路20號2樓",
        "city": "臺北市",
        "location_url": "https://www.vscinemas.com.tw/vsTicketing/ticketing/booking.aspx?cinemacode=1&txtSessionId=1879560",
        "official_url": "https://www.vscinemas.com.tw/",
        "crawl_url": "https://www.vscinemas.com.tw/ShowTimes/",
        "movie_title": "劇場版 Love Live! 蓮之空女學院學園偶像俱樂部 Bloom Garden Party",
        "show_date": "2026-09-30",
        "showtime_count": 3,
        "showtimes": [
          {
            "time": "10:25",
            "format": "(數位)LOVE LIVE! 蓮之空女學院學園偶像俱樂部BLOOM GARDEN PARTY (普遍級)",
            "language": null,
            "auditorium": null,
            "booking_url": "https://www.vscinemas.com.tw/vsTicketing/ticketing/booking.aspx?cinemacode=1&txtSessionId=1879560",
            "label": "10:25 (數位)LOVE LIVE! 蓮之空女學院學園偶像俱樂部BLOOM GARDEN PARTY (普遍級)"
          },
          {
            "time": "15:35",
            "format": "(數位)LOVE LIVE! 蓮之空女學院學園偶像俱樂部BLOOM GARDEN PARTY (普遍級)",
            "language": null,
            "auditorium": null,
            "booking_url": "https://www.vscinemas.com.tw/vsTicketing/ticketing/booking.aspx?cinemacode=1&txtSessionId=1879521",
            "label": "15:35 (數位)LOVE LIVE! 蓮之空女學院學園偶像俱樂部BLOOM GARDEN PARTY (普遍級)"
          },
          {
            "time": "18:10",
            "format": "(數位)LOVE LIVE! 蓮之空女學院學園偶像俱樂部BLOOM GARDEN PARTY (普遍級)",
            "language": null,
            "auditorium": null,
            "booking_url": "https://www.vscinemas.com.tw/vsTicketing/ticketing/booking.aspx?cinemacode=1&txtSessionId=1879576",
            "label": "18:10 (數位)LOVE LIVE! 蓮之空女學院學園偶像俱樂部BLOOM GARDEN PARTY (普遍級)"
          }
        ],
        "start_times": "10:25, 15:35, 18:10"
      }
    },
    {
      "type": "Feature",
      "geometry": {
        "type": "Point",
        "coordinates": [
          121.617582534262,
          25.059344952488
        ]
      },
      "properties": {
        "location_id": 25,
        "chain_name": "威秀影城 / VIESHOW",
        "location_name": "台北南港 LaLaport威秀影城",
        "map_name": "威秀影城 / VIESHOW 台北南港 LaLaport威秀影城",
        "address": "台北市南港區經貿二路131號5樓",
        "city": "臺北市",
        "location_url": "https://www.vscinemas.com.tw/vsTicketing/ticketing/booking.aspx?cinemacode=35&txtSessionId=147108",
        "official_url": "https://www.vscinemas.com.tw/",
        "crawl_url": "https://www.vscinemas.com.tw/ShowTimes/",
        "movie_title": "劇場版 Love Live! 蓮之空女學院學園偶像俱樂部 Bloom Garden Party",
        "show_date": "2026-09-30",
        "showtime_count": 2,
        "showtimes": [
          {
            "time": "10:35",
            "format": "(數位)LOVE LIVE! 蓮之空女學院學園偶像俱樂部BLOOM GARDEN PARTY (普遍級)",
            "language": null,
            "auditorium": null,
            "booking_url": "https://www.vscinemas.com.tw/vsTicketing/ticketing/booking.aspx?cinemacode=35&txtSessionId=147108",
            "label": "10:35 (數位)LOVE LIVE! 蓮之空女學院學園偶像俱樂部BLOOM GARDEN PARTY (普遍級)"
          },
          {
            "time": "15:50",
            "format": "(數位)LOVE LIVE! 蓮之空女學院學園偶像俱樂部BLOOM GARDEN PARTY (普遍級)",
            "language": null,
            "auditorium": null,
            "booking_url": "https://www.vscinemas.com.tw/vsTicketing/ticketing/booking.aspx?cinemacode=35&txtSessionId=147183",
            "label": "15:50 (數位)LOVE LIVE! 蓮之空女學院學園偶像俱樂部BLOOM GARDEN PARTY (普遍級)"
          }
        ],
        "start_times": "10:35, 15:50"
      }
    },
    {
      "type": "Feature",
      "geometry": {
        "type": "Point",
        "coordinates": [
          120.233454974477,
          22.990581990681
        ]
      },
      "properties": {
        "location_id": 28,
        "chain_name": "威秀影城 / VIESHOW",
        "location_name": "台南南紡威秀影城",
        "map_name": "威秀影城 / VIESHOW 台南南紡威秀影城",
        "address": "台南市東區中華東路一段366號5樓",
        "city": "臺南市",
        "location_url": "https://www.vscinemas.com.tw/vsTicketing/ticketing/booking.aspx?cinemacode=17&txtSessionId=704356",
        "official_url": "https://www.vscinemas.com.tw/",
        "crawl_url": "https://www.vscinemas.com.tw/ShowTimes/",
        "movie_title": "劇場版 Love Live! 蓮之空女學院學園偶像俱樂部 Bloom Garden Party",
        "show_date": "2026-09-30",
        "showtime_count": 1,
        "showtimes": [
          {
            "time": "11:20",
            "format": "(數位)LOVE LIVE! 蓮之空女學院學園偶像俱樂部BLOOM GARDEN PARTY (普遍級)",
            "language": null,
            "auditorium": null,
            "booking_url": "https://www.vscinemas.com.tw/vsTicketing/ticketing/booking.aspx?cinemacode=17&txtSessionId=704356",
            "label": "11:20 (數位)LOVE LIVE! 蓮之空女學院學園偶像俱樂部BLOOM GARDEN PARTY (普遍級)"
          }
        ],
        "start_times": "11:20"
      }
    },
    {
      "type": "Feature",
      "geometry": {
        "type": "Point",
        "coordinates": [
          120.205827131963,
          22.995358795391
        ]
      },
      "properties": {
        "location_id": 30,
        "chain_name": "威秀影城 / VIESHOW",
        "location_name": "台南大遠百威秀影城",
        "map_name": "威秀影城 / VIESHOW 台南大遠百威秀影城",
        "address": "台南市中西區公園路60號5樓",
        "city": "臺南市",
        "location_url": "https://www.vscinemas.com.tw/vsTicketing/ticketing/booking.aspx?cinemacode=5&txtSessionId=910175",
        "official_url": "https://www.vscinemas.com.tw/",
        "crawl_url": "https://www.vscinemas.com.tw/ShowTimes/",
        "movie_title": "劇場版 Love Live! 蓮之空女學院學園偶像俱樂部 Bloom Garden Party",
        "show_date": "2026-09-30",
        "showtime_count": 2,
        "showtimes": [
          {
            "time": "10:25",
            "format": "(數位)LOVE LIVE! 蓮之空女學院學園偶像俱樂部BLOOM GARDEN PARTY (普遍級)",
            "language": null,
            "auditorium": null,
            "booking_url": "https://www.vscinemas.com.tw/vsTicketing/ticketing/booking.aspx?cinemacode=5&txtSessionId=910175",
            "label": "10:25 (數位)LOVE LIVE! 蓮之空女學院學園偶像俱樂部BLOOM GARDEN PARTY (普遍級)"
          },
          {
            "time": "18:50",
            "format": "(數位)LOVE LIVE! 蓮之空女學院學園偶像俱樂部BLOOM GARDEN PARTY (普遍級)",
            "language": null,
            "auditorium": null,
            "booking_url": "https://www.vscinemas.com.tw/vsTicketing/ticketing/booking.aspx?cinemacode=5&txtSessionId=910119",
            "label": "18:50 (數位)LOVE LIVE! 蓮之空女學院學園偶像俱樂部BLOOM GARDEN PARTY (普遍級)"
          }
        ],
        "start_times": "10:25, 18:50"
      }
    },
    {
      "type": "Feature",
      "geometry": {
        "type": "Point",
        "coordinates": [
          121.5468264,
          24.9783596
        ]
      },
      "properties": {
        "location_id": 31,
        "chain_name": "威秀影城 / VIESHOW",
        "location_name": "新店裕隆城威秀影城",
        "map_name": "威秀影城 / VIESHOW 新店裕隆城威秀影城",
        "address": "新北市新店區中興路三段128號7樓",
        "city": "新北市",
        "location_url": "https://www.vscinemas.com.tw/vsTicketing/ticketing/booking.aspx?cinemacode=32&txtSessionId=165195",
        "official_url": "https://www.vscinemas.com.tw/",
        "crawl_url": "https://www.vscinemas.com.tw/ShowTimes/",
        "movie_title": "劇場版 Love Live! 蓮之空女學院學園偶像俱樂部 Bloom Garden Party",
        "show_date": "2026-09-30",
        "showtime_count": 1,
        "showtimes": [
          {
            "time": "10:50",
            "format": "(數位)LOVE LIVE! 蓮之空女學院學園偶像俱樂部BLOOM GARDEN PARTY (普遍級)",
            "language": null,
            "auditorium": null,
            "booking_url": "https://www.vscinemas.com.tw/vsTicketing/ticketing/booking.aspx?cinemacode=32&txtSessionId=165195",
            "label": "10:50 (數位)LOVE LIVE! 蓮之空女學院學園偶像俱樂部BLOOM GARDEN PARTY (普遍級)"
          }
        ],
        "start_times": "10:50"
      }
    },
    {
      "type": "Feature",
      "geometry": {
        "type": "Point",
        "coordinates": [
          120.965210879671,
          24.802185606585
        ]
      },
      "properties": {
        "location_id": 32,
        "chain_name": "威秀影城 / VIESHOW",
        "location_name": "新竹大遠百威秀影城",
        "map_name": "威秀影城 / VIESHOW 新竹大遠百威秀影城",
        "address": "新竹市東區西大路323號8樓",
        "city": "新竹市",
        "location_url": "https://www.vscinemas.com.tw/vsTicketing/ticketing/booking.aspx?cinemacode=2&txtSessionId=1168823",
        "official_url": "https://www.vscinemas.com.tw/",
        "crawl_url": "https://www.vscinemas.com.tw/ShowTimes/",
        "movie_title": "劇場版 Love Live! 蓮之空女學院學園偶像俱樂部 Bloom Garden Party",
        "show_date": "2026-09-30",
        "showtime_count": 1,
        "showtimes": [
          {
            "time": "11:40",
            "format": "(數位)LOVE LIVE! 蓮之空女學院學園偶像俱樂部BLOOM GARDEN PARTY (普遍級)",
            "language": null,
            "auditorium": null,
            "booking_url": "https://www.vscinemas.com.tw/vsTicketing/ticketing/booking.aspx?cinemacode=2&txtSessionId=1168823",
            "label": "11:40 (數位)LOVE LIVE! 蓮之空女學院學園偶像俱樂部BLOOM GARDEN PARTY (普遍級)"
          }
        ],
        "start_times": "11:40"
      }
    },
    {
      "type": "Feature",
      "geometry": {
        "type": "Point",
        "coordinates": [
          121.363547165582,
          25.071241094298
        ]
      },
      "properties": {
        "location_id": 36,
        "chain_name": "威秀影城 / VIESHOW",
        "location_name": "林口MITSUI OUTLET PARK威秀影城",
        "map_name": "威秀影城 / VIESHOW 林口MITSUI OUTLET PARK威秀影城",
        "address": "新北市林口區文化三路一段356號3樓",
        "city": "新北市",
        "location_url": "https://www.vscinemas.com.tw/vsTicketing/ticketing/booking.aspx?cinemacode=19&txtSessionId=486974",
        "official_url": "https://www.vscinemas.com.tw/",
        "crawl_url": "https://www.vscinemas.com.tw/ShowTimes/",
        "movie_title": "劇場版 Love Live! 蓮之空女學院學園偶像俱樂部 Bloom Garden Party",
        "show_date": "2026-09-30",
        "showtime_count": 1,
        "showtimes": [
          {
            "time": "10:00",
            "format": "(數位)LOVE LIVE! 蓮之空女學院學園偶像俱樂部BLOOM GARDEN PARTY (普遍級)",
            "language": null,
            "auditorium": null,
            "booking_url": "https://www.vscinemas.com.tw/vsTicketing/ticketing/booking.aspx?cinemacode=19&txtSessionId=486974",
            "label": "10:00 (數位)LOVE LIVE! 蓮之空女學院學園偶像俱樂部BLOOM GARDEN PARTY (普遍級)"
          }
        ],
        "start_times": "10:00"
      }
    },
    {
      "type": "Feature",
      "geometry": {
        "type": "Point",
        "coordinates": [
          121.312523000553,
          24.991112991698
        ]
      },
      "properties": {
        "location_id": 38,
        "chain_name": "威秀影城 / VIESHOW",
        "location_name": "桃園統領威秀影城",
        "map_name": "威秀影城 / VIESHOW 桃園統領威秀影城",
        "address": "桃園市桃園區中正路61號9樓",
        "city": "桃園市",
        "location_url": "https://www.vscinemas.com.tw/vsTicketing/ticketing/booking.aspx?cinemacode=20&txtSessionId=751881",
        "official_url": "https://www.vscinemas.com.tw/",
        "crawl_url": "https://www.vscinemas.com.tw/ShowTimes/",
        "movie_title": "劇場版 Love Live! 蓮之空女學院學園偶像俱樂部 Bloom Garden Party",
        "show_date": "2026-09-30",
        "showtime_count": 1,
        "showtimes": [
          {
            "time": "11:30",
            "format": "(數位)LOVE LIVE! 蓮之空女學院學園偶像俱樂部BLOOM GARDEN PARTY (普遍級)",
            "language": null,
            "auditorium": null,
            "booking_url": "https://www.vscinemas.com.tw/vsTicketing/ticketing/booking.aspx?cinemacode=20&txtSessionId=751881",
            "label": "11:30 (數位)LOVE LIVE! 蓮之空女學院學園偶像俱樂部BLOOM GARDEN PARTY (普遍級)"
          }
        ],
        "start_times": "11:30"
      }
    },
    {
      "type": "Feature",
      "geometry": {
        "type": "Point",
        "coordinates": [
          121.594678077023,
          23.940428728193
        ]
      },
      "properties": {
        "location_id": 39,
        "chain_name": "威秀影城 / VIESHOW",
        "location_name": "花蓮新天堂樂園威秀影城",
        "map_name": "威秀影城 / VIESHOW 花蓮新天堂樂園威秀影城",
        "address": "花蓮縣吉安鄉南濱路一段503號3樓",
        "city": "花蓮縣",
        "location_url": "https://www.vscinemas.com.tw/vsTicketing/ticketing/booking.aspx?cinemacode=22&txtSessionId=214266",
        "official_url": "https://www.vscinemas.com.tw/",
        "crawl_url": "https://www.vscinemas.com.tw/ShowTimes/",
        "movie_title": "劇場版 Love Live! 蓮之空女學院學園偶像俱樂部 Bloom Garden Party",
        "show_date": "2026-09-30",
        "showtime_count": 1,
        "showtimes": [
          {
            "time": "12:00",
            "format": "(數位)LOVE LIVE! 蓮之空女學院學園偶像俱樂部BLOOM GARDEN PARTY (普遍級)",
            "language": null,
            "auditorium": null,
            "booking_url": "https://www.vscinemas.com.tw/vsTicketing/ticketing/booking.aspx?cinemacode=22&txtSessionId=214266",
            "label": "12:00 (數位)LOVE LIVE! 蓮之空女學院學園偶像俱樂部BLOOM GARDEN PARTY (普遍級)"
          }
        ],
        "start_times": "12:00"
      }
    },
    {
      "type": "Feature",
      "geometry": {
        "type": "Point",
        "coordinates": [
          120.303548975058,
          22.613424008067
        ]
      },
      "properties": {
        "location_id": 41,
        "chain_name": "威秀影城 / VIESHOW",
        "location_name": "高雄大遠百威秀影城",
        "map_name": "威秀影城 / VIESHOW 高雄大遠百威秀影城",
        "address": "高雄市苓雅區三多四路21號13樓",
        "city": "高雄市",
        "location_url": "https://www.vscinemas.com.tw/vsTicketing/ticketing/booking.aspx?cinemacode=6&txtSessionId=1853226",
        "official_url": "https://www.vscinemas.com.tw/",
        "crawl_url": "https://www.vscinemas.com.tw/ShowTimes/",
        "movie_title": "劇場版 Love Live! 蓮之空女學院學園偶像俱樂部 Bloom Garden Party",
        "show_date": "2026-09-30",
        "showtime_count": 1,
        "showtimes": [
          {
            "time": "11:50",
            "format": "(數位)LOVE LIVE! 蓮之空女學院學園偶像俱樂部BLOOM GARDEN PARTY (普遍級)",
            "language": null,
            "auditorium": null,
            "booking_url": "https://www.vscinemas.com.tw/vsTicketing/ticketing/booking.aspx?cinemacode=6&txtSessionId=1853226",
            "label": "11:50 (數位)LOVE LIVE! 蓮之空女學院學園偶像俱樂部BLOOM GARDEN PARTY (普遍級)"
          }
        ],
        "start_times": "11:50"
      }
    },
    {
      "type": "Feature",
      "geometry": {
        "type": "Point",
        "coordinates": [
          120.3253452,
          22.6319673
        ]
      },
      "properties": {
        "location_id": 72,
        "chain_name": "高雄環球影城",
        "location_name": "高雄環球影城",
        "map_name": "高雄環球影城 高雄環球影城",
        "address": "高雄市苓雅區大順三路108號",
        "city": "高雄市",
        "location_url": "https://www.u-movie.com.tw/cinema/page.php?page_type=now&ver=tw&portal=cinema",
        "official_url": "https://www.u-movie.com.tw/",
        "crawl_url": "https://www.u-movie.com.tw/cinema/page.php?page_type=now&ver=tw&portal=cinema",
        "movie_title": "劇場版 Love Live! 蓮之空女學院學園偶像俱樂部 Bloom Garden Party",
        "show_date": "2026-09-30",
        "showtime_count": 0,
        "showtimes": [],
        "start_times": "",
        "showtime_unavailable": true,
        "showtime_unavailable_reason": "官方時刻表暫時無法自動取得，請前往場次入口查看。"
      }
    }
  ],
  "supplemental_updated_at": "2026-09-30T09:50:14+08:00",
  "supplemental_preserved_at": "2026-09-30T09:39:48+08:00",
  "supplemental_finalized_at": "2026-09-30T09:50:42+08:00"
}
